-- ============================================================
-- BANTU CRM 数据库 Seed Data
-- ============================================================
-- 从生产数据库导出的种子数据
-- 包含：角色、组织、用户、产品分类、产品、菜单、权限等基础数据
-- 生成时间: 2025-01-XX XX:XX:XX
-- ============================================================

SET NAMES utf8mb4 COLLATE utf8mb4_0900_ai_ci;

-- 禁用外键检查（插入数据时）
SET FOREIGN_KEY_CHECKS = 0;

INSERT INTO `customer_levels` (`id`, `code`, `name_zh`, `name_id`, `sort_order`, `is_active`, `description_zh`, `description_id`, `created_at`, `updated_at`) VALUES
('a4649d8f-c9ea-11f0-8cb1-cad6171ac9f8', '2', '央企总部和龙头企业', 'Perusahaan Pusat BUMN dan Perusahaan Terkemuka', 2, 1, '央企总部和龙头企业', 'Perusahaan Pusat BUMN dan Perusahaan Terkemuka', '2025-11-25 10:36:46', '2025-11-25 10:36:46'),
('a465399a-c9ea-11f0-8cb1-cad6171ac9f8', '3', '国有企业和上市公司', 'Perusahaan BUMN dan Perusahaan Terdaftar', 3, 1, '国有企业和上市公司', 'Perusahaan BUMN dan Perusahaan Terdaftar', '2025-11-25 10:36:46', '2025-11-25 10:36:46'),
('a4654c77-c9ea-11f0-8cb1-cad6171ac9f8', '4', '非上市品牌公司', 'Perusahaan Merek Non-Terdaftar', 4, 1, '非上市品牌公司', 'Perusahaan Merek Non-Terdaftar', '2025-11-25 10:36:46', '2025-11-25 10:36:46'),
('a4654d26-c9ea-11f0-8cb1-cad6171ac9f8', '5', '中小型企业', 'Perusahaan Kecil dan Menengah', 5, 1, '中小型企业', 'Perusahaan Kecil dan Menengah', '2025-11-25 10:36:46', '2025-11-25 10:36:46'),
('a4654d98-c9ea-11f0-8cb1-cad6171ac9f8', '6', '个人创业小公司', 'Perusahaan Kecil Wirausaha Individu', 6, 1, '个人创业小公司', 'Perusahaan Kecil Wirausaha Individu', '2025-11-25 10:36:46', '2025-11-25 10:36:46');

INSERT INTO `customer_sources` (`id`, `code`, `name`, `created_at`, `updated_at`, `description`, `display_order`, `is_active`) VALUES
('34901212-c52a-11f0-8cb1-cad6171ac9f8', 'source_001', '客户转介绍', '2025-11-19 09:29:10', '2025-11-19 09:29:10', NULL, 1, 1),
('34937f5a-c52a-11f0-8cb1-cad6171ac9f8', 'source_002', '微信扫码', '2025-11-19 09:29:10', '2025-11-19 09:29:10', NULL, 2, 1),
('3493efa1-c52a-11f0-8cb1-cad6171ac9f8', 'source_003', '微信群', '2025-11-19 09:29:10', '2025-11-19 09:29:10', NULL, 3, 1),
('34946e41-c52a-11f0-8cb1-cad6171ac9f8', 'source_004', '渠道介绍', '2025-11-19 09:29:10', '2025-11-19 09:29:10', NULL, 4, 1),
('3494da78-c52a-11f0-8cb1-cad6171ac9f8', 'source_005', '外部推广', '2025-11-19 09:29:10', '2025-11-19 09:29:10', NULL, 5, 1);

INSERT INTO `customers` (`id`, `id_external`, `owner_id_external`, `owner_name`, `created_by_external`, `created_by_name`, `updated_by_external`, `updated_by_name`, `created_at_src`, `updated_at_src`, `last_action_at_src`, `change_log_at_src`, `linked_module`, `linked_id_external`, `name`, `code`, `level`, `parent_id_external`, `parent_customer_id`, `parent_name`, `industry`, `description`, `tags`, `is_locked`, `last_enriched_at_src`, `enrich_status`, `channel_name`, `source_name`, `customer_requirements`, `source_id`, `channel_id`, `customer_source_type`, `customer_type`, `owner_user_id`, `agent_user_id`, `agent_id`, `created_at`, `updated_at`) VALUES
('349649ed-c52a-11f0-8cb1-cad6171ac9f8', 'zcrm_6302359000000492103', 'zcrm_6302359000000498001', 'fifi', 'zcrm_6302359000000498001', 'fifi', 'zcrm_6302359000000469001', 'Leion', '2024-04-14 18:02:00', '2024-11-06 17:43:46', '2024-11-06 17:47:32', NULL, NULL, NULL, 'T0198C小白', NULL, 'A 重点客户', NULL, NULL, NULL, '互联网', '小白要注册本地公司，找代持人，我们已报价，等待他的资料', '[]', 0, NULL, NULL, NULL, '客户转介绍', 'CompanyService', '34901212-c52a-11f0-8cb1-cad6171ac9f8', NULL, 'own', 'individual', NULL, NULL, NULL, '2025-11-19 09:29:10', '2025-11-19 09:29:10'),
('34980580-c52a-11f0-8cb1-cad6171ac9f8', 'zcrm_6302359000000492210', 'zcrm_6302359000000498001', 'fifi', 'zcrm_6302359000000498001', 'fifi', 'zcrm_6302359000000498001', 'fifi', '2024-05-17 10:45:00', '2024-05-17 10:45:00', NULL, NULL, NULL, NULL, '菲菲-斑兔企服', NULL, NULL, NULL, NULL, NULL, NULL, NULL, '[]', 0, NULL, NULL, NULL, '微信扫码', NULL, '34937f5a-c52a-11f0-8cb1-cad6171ac9f8', NULL, 'own', 'individual', NULL, NULL, NULL, '2025-11-19 09:29:11', '2025-11-19 09:29:11'),
('3498648a-c52a-11f0-8cb1-cad6171ac9f8', 'zcrm_6302359000000492224', 'zcrm_6302359000000498001', 'fifi', 'zcrm_6302359000000498001', 'fifi', 'zcrm_6302359000000498001', 'fifi', '2024-05-20 16:43:00', '2024-05-20 16:43:00', '2024-06-28 16:08:39', NULL, NULL, NULL, '斑兔企服 Team Group', NULL, NULL, NULL, NULL, NULL, NULL, NULL, '[]', 0, NULL, NULL, NULL, '微信扫码', NULL, '34937f5a-c52a-11f0-8cb1-cad6171ac9f8', NULL, 'own', 'individual', NULL, NULL, NULL, '2025-11-19 09:29:11', '2025-11-19 09:29:11'),
('3498d5b0-c52a-11f0-8cb1-cad6171ac9f8', 'zcrm_6302359000000492236', 'zcrm_6302359000000498001', 'fifi', 'zcrm_6302359000000498001', 'fifi', 'zcrm_6302359000000498001', 'fifi', '2024-05-27 10:54:00', '2024-05-27 10:54:00', NULL, NULL, NULL, NULL, 'dyco', NULL, NULL, NULL, NULL, NULL, NULL, NULL, '[]', 0, NULL, NULL, NULL, '微信扫码', NULL, '34937f5a-c52a-11f0-8cb1-cad6171ac9f8', NULL, 'own', 'organization', NULL, NULL, NULL, '2025-11-19 09:29:11', '2025-11-19 09:29:11'),
('34991f21-c52a-11f0-8cb1-cad6171ac9f8', 'zcrm_6302359000001405016', 'zcrm_6302359000000469001', 'Leion', 'zcrm_6302359000000469001', 'Leion', 'zcrm_6302359000000469001', 'Leion', '2024-07-23 16:26:26', '2024-07-23 16:26:26', '2025-07-24 18:23:35', NULL, NULL, NULL, '斑兔&李颖 双向合作', NULL, NULL, NULL, NULL, NULL, NULL, NULL, '[]', 0, NULL, NULL, NULL, '客户转介绍', NULL, '34901212-c52a-11f0-8cb1-cad6171ac9f8', NULL, 'own', 'individual', NULL, NULL, NULL, '2025-11-19 09:29:11', '2025-11-19 09:29:11'),
('34997554-c52a-11f0-8cb1-cad6171ac9f8', 'zcrm_6302359000001659044', 'zcrm_6302359000000469001', 'Leion', 'zcrm_6302359000000469001', 'Leion', 'zcrm_6302359000000469001', 'Leion', '2024-08-02 14:56:41', '2024-08-07 15:56:13', '2024-10-15 11:30:57', NULL, NULL, NULL, '离离10480陈龙注', NULL, NULL, NULL, NULL, NULL, NULL, NULL, '[]', 0, NULL, NULL, NULL, '微信群', NULL, '3493efa1-c52a-11f0-8cb1-cad6171ac9f8', NULL, 'own', 'individual', NULL, NULL, NULL, '2025-11-19 09:29:11', '2025-11-19 09:29:11'),
('3499b860-c52a-11f0-8cb1-cad6171ac9f8', 'zcrm_6302359000001837360', 'zcrm_6302359000000469001', 'Leion', 'zcrm_6302359000000469001', 'Leion', 'zcrm_6302359000000469001', 'Leion', '2024-08-12 18:36:44', '2024-08-12 18:36:44', '2025-01-13 16:38:49', NULL, NULL, NULL, 'whatsapp 商标对接', NULL, NULL, NULL, NULL, NULL, NULL, NULL, '[]', 0, NULL, NULL, NULL, '客户转介绍', NULL, '34901212-c52a-11f0-8cb1-cad6171ac9f8', NULL, 'own', 'individual', NULL, NULL, NULL, '2025-11-19 09:29:11', '2025-11-19 09:29:11'),
('349a0a5c-c52a-11f0-8cb1-cad6171ac9f8', 'zcrm_6302359000001900075', 'zcrm_6302359000000469001', 'Leion', 'zcrm_6302359000000469001', 'Leion', 'zcrm_6302359000000469001', 'Leion', '2024-08-13 15:37:49', '2024-08-13 15:37:49', '2024-08-20 18:55:51', NULL, NULL, NULL, '[渠道]Yami', NULL, NULL, NULL, NULL, NULL, NULL, NULL, '[]', 0, NULL, NULL, NULL, '客户转介绍', NULL, '34901212-c52a-11f0-8cb1-cad6171ac9f8', NULL, 'own', 'individual', NULL, NULL, NULL, '2025-11-19 09:29:11', '2025-11-19 09:29:11'),
('349a5864-c52a-11f0-8cb1-cad6171ac9f8', 'zcrm_6302359000002001110', 'zcrm_6302359000000498001', 'fifi', 'zcrm_6302359000000498001', 'fifi', 'zcrm_6302359000000498001', 'fifi', '2024-08-19 14:03:52', '2024-08-19 14:03:52', '2025-04-24 15:56:35', NULL, NULL, NULL, '刘立明', NULL, NULL, NULL, NULL, NULL, NULL, NULL, '[]', 0, NULL, NULL, NULL, '微信群', NULL, '3493efa1-c52a-11f0-8cb1-cad6171ac9f8', NULL, 'own', 'individual', NULL, NULL, NULL, '2025-11-19 09:29:11', '2025-11-19 09:29:11'),
('349a9c9b-c52a-11f0-8cb1-cad6171ac9f8', 'zcrm_6302359000003086001', 'zcrm_6302359000000469001', 'Leion', 'zcrm_6302359000000469001', 'Leion', 'zcrm_6302359000000469001', 'Leion', '2024-09-27 16:30:59', '2024-09-27 16:30:59', '2025-02-13 18:02:02', NULL, NULL, NULL, 'T10198 小白', NULL, NULL, NULL, NULL, NULL, NULL, NULL, '[]', 0, NULL, NULL, NULL, '微信群', NULL, '3493efa1-c52a-11f0-8cb1-cad6171ac9f8', NULL, 'own', 'individual', NULL, NULL, NULL, '2025-11-19 09:29:11', '2025-11-19 09:29:11'),
('349aec11-c52a-11f0-8cb1-cad6171ac9f8', 'zcrm_6302359000003143043', 'zcrm_6302359000000498016', 'Finance and Tax', 'zcrm_6302359000000498016', 'Finance and Tax', 'zcrm_6302359000000498016', 'Finance and Tax', '2024-10-01 12:15:22', '2024-10-01 12:15:22', NULL, NULL, NULL, NULL, 'TESTING', NULL, NULL, NULL, NULL, NULL, NULL, NULL, '[]', 0, NULL, NULL, NULL, '微信扫码', NULL, '34937f5a-c52a-11f0-8cb1-cad6171ac9f8', NULL, 'own', 'individual', NULL, NULL, NULL, '2025-11-19 09:29:11', '2025-11-19 09:29:11'),
('349b588b-c52a-11f0-8cb1-cad6171ac9f8', 'zcrm_6302359000003217176', 'zcrm_6302359000000498001', 'fifi', 'zcrm_6302359000000498001', 'fifi', 'zcrm_6302359000000498001', 'fifi', '2024-10-03 11:24:10', '2024-10-03 11:24:10', '2024-10-21 19:45:15', NULL, NULL, NULL, '印尼八哥@班兔', NULL, NULL, NULL, NULL, NULL, NULL, NULL, '[]', 0, NULL, NULL, NULL, '微信群', NULL, '3493efa1-c52a-11f0-8cb1-cad6171ac9f8', NULL, 'own', 'individual', NULL, NULL, NULL, '2025-11-19 09:29:11', '2025-11-19 09:29:11'),
('349b8ff2-c52a-11f0-8cb1-cad6171ac9f8', 'zcrm_6302359000003251001', 'zcrm_6302359000000498001', 'fifi', 'zcrm_6302359000000498001', 'fifi', 'zcrm_6302359000000498001', 'fifi', '2024-10-04 09:22:59', '2024-10-04 09:22:59', '2024-11-26 19:49:01', NULL, NULL, NULL, '斑兔&张总双向合作', NULL, NULL, NULL, NULL, NULL, NULL, NULL, '[]', 0, NULL, NULL, NULL, '微信群', NULL, '3493efa1-c52a-11f0-8cb1-cad6171ac9f8', NULL, 'own', 'individual', NULL, NULL, NULL, '2025-11-19 09:29:11', '2025-11-19 09:29:11'),
('349bc709-c52a-11f0-8cb1-cad6171ac9f8', 'zcrm_6302359000003502001', 'zcrm_6302359000000498001', 'fifi', 'zcrm_6302359000000498001', 'fifi', 'zcrm_6302359000000498001', 'fifi', '2024-10-15 18:05:49', '2024-10-15 18:05:49', '2024-10-16 14:46:15', NULL, NULL, NULL, '斑兔&茗宝集[渠道合作]', NULL, NULL, NULL, NULL, NULL, NULL, NULL, '[]', 0, NULL, NULL, NULL, '微信群', NULL, '3493efa1-c52a-11f0-8cb1-cad6171ac9f8', NULL, 'own', 'individual', NULL, NULL, NULL, '2025-11-19 09:29:11', '2025-11-19 09:29:11'),
('349c0673-c52a-11f0-8cb1-cad6171ac9f8', 'zcrm_6302359000004051002', 'zcrm_6302359000000498001', 'fifi', 'zcrm_6302359000000498001', 'fifi', 'zcrm_6302359000000498001', 'fifi', '2024-11-04 09:12:24', '2024-11-04 09:12:24', '2025-04-16 18:09:24', NULL, NULL, NULL, '［渠道］斑兔企服&唐僧', NULL, NULL, NULL, NULL, NULL, NULL, NULL, '[]', 0, NULL, NULL, NULL, '微信群', NULL, '3493efa1-c52a-11f0-8cb1-cad6171ac9f8', NULL, 'own', 'individual', NULL, NULL, NULL, '2025-11-19 09:29:11', '2025-11-19 09:29:11'),
('349c52b0-c52a-11f0-8cb1-cad6171ac9f8', 'zcrm_6302359000004112156', 'zcrm_6302359000000469001', 'Leion', 'zcrm_6302359000000469001', 'Leion', 'zcrm_6302359000000469001', 'Leion', '2024-11-06 17:35:37', '2024-11-06 17:35:37', '2024-11-06 18:25:53', NULL, NULL, NULL, 'T10126 林鸿宇 SUPER', NULL, NULL, NULL, NULL, NULL, NULL, NULL, '[]', 0, NULL, NULL, NULL, '客户转介绍', NULL, '34901212-c52a-11f0-8cb1-cad6171ac9f8', NULL, 'own', 'individual', NULL, NULL, NULL, '2025-11-19 09:29:11', '2025-11-19 09:29:11'),
('349c95b2-c52a-11f0-8cb1-cad6171ac9f8', 'zcrm_6302359000004347096', 'zcrm_6302359000000498001', 'fifi', 'zcrm_6302359000000498001', 'fifi', 'zcrm_6302359000000498001', 'fifi', '2024-11-12 11:14:54', '2024-11-12 11:14:54', '2025-11-03 14:12:10', NULL, NULL, NULL, '斑兔&山海图 签证渠道合作', NULL, NULL, NULL, NULL, NULL, NULL, NULL, '[]', 0, NULL, NULL, NULL, '微信群', NULL, '3493efa1-c52a-11f0-8cb1-cad6171ac9f8', NULL, 'own', 'individual', NULL, NULL, NULL, '2025-11-19 09:29:11', '2025-11-19 09:29:11'),
('349ce531-c52a-11f0-8cb1-cad6171ac9f8', 'zcrm_6302359000004740014', 'zcrm_6302359000000498001', 'fifi', 'zcrm_6302359000000498001', 'fifi', 'zcrm_6302359000000498001', 'fifi', '2024-11-22 15:13:43', '2024-11-22 15:13:43', '2025-01-21 14:42:50', NULL, NULL, NULL, '拜托拜托 常博', NULL, NULL, NULL, NULL, NULL, NULL, NULL, '[]', 0, NULL, NULL, NULL, '微信群', NULL, '3493efa1-c52a-11f0-8cb1-cad6171ac9f8', NULL, 'own', 'individual', NULL, NULL, NULL, '2025-11-19 09:29:11', '2025-11-19 09:29:11'),
('349d38bc-c52a-11f0-8cb1-cad6171ac9f8', 'zcrm_6302359000004826108', 'zcrm_6302359000000498001', 'fifi', 'zcrm_6302359000000498001', 'fifi', 'zcrm_6302359000000498001', 'fifi', '2024-11-26 12:17:50', '2024-11-26 12:17:50', '2024-11-29 14:11:38', NULL, NULL, NULL, '印尼签证快速办理-斑兔企服', NULL, NULL, NULL, NULL, NULL, NULL, NULL, '[]', 0, NULL, NULL, NULL, '微信群', NULL, '3493efa1-c52a-11f0-8cb1-cad6171ac9f8', NULL, 'own', 'individual', NULL, NULL, NULL, '2025-11-19 09:29:11', '2025-11-19 09:29:11'),
('349e0959-c52a-11f0-8cb1-cad6171ac9f8', 'zcrm_6302359000004938001', 'zcrm_6302359000000498001', 'fifi', 'zcrm_6302359000000498001', 'fifi', 'zcrm_6302359000000498001', 'fifi', '2024-11-29 11:26:35', '2024-11-29 11:26:35', '2025-08-13 17:54:02', NULL, NULL, NULL, '斑兔企服&沈总[渠道合作', NULL, NULL, NULL, NULL, NULL, NULL, NULL, '[]', 0, NULL, NULL, NULL, '微信群', NULL, '3493efa1-c52a-11f0-8cb1-cad6171ac9f8', NULL, 'own', 'individual', NULL, NULL, NULL, '2025-11-19 09:29:11', '2025-11-19 09:29:11'),
('349e4ae7-c52a-11f0-8cb1-cad6171ac9f8', 'zcrm_6302359000005085001', 'zcrm_6302359000000498001', 'fifi', 'zcrm_6302359000000498001', 'fifi', 'zcrm_6302359000000498001', 'fifi', '2024-12-04 14:23:43', '2024-12-04 14:23:43', '2025-10-23 16:38:14', NULL, NULL, NULL, 'PT BANTU & CS ENERGI', NULL, NULL, NULL, NULL, NULL, NULL, NULL, '[]', 0, NULL, NULL, NULL, '微信群', NULL, '3493efa1-c52a-11f0-8cb1-cad6171ac9f8', NULL, 'own', 'individual', NULL, NULL, NULL, '2025-11-19 09:29:11', '2025-11-19 09:29:11'),
('349e8d13-c52a-11f0-8cb1-cad6171ac9f8', 'zcrm_6302359000005254001', 'zcrm_6302359000000498001', 'fifi', 'zcrm_6302359000000498001', 'fifi', 'zcrm_6302359000000498001', 'fifi', '2024-12-10 09:32:38', '2024-12-10 09:32:38', '2024-12-26 17:41:21', NULL, NULL, NULL, '渠道贺颖', NULL, NULL, NULL, NULL, NULL, NULL, NULL, '[]', 0, NULL, NULL, NULL, '微信群', NULL, '3493efa1-c52a-11f0-8cb1-cad6171ac9f8', NULL, 'own', 'individual', NULL, NULL, NULL, '2025-11-19 09:29:11', '2025-11-19 09:29:11'),
('349ec586-c52a-11f0-8cb1-cad6171ac9f8', 'zcrm_6302359000005436001', 'zcrm_6302359000000498001', 'fifi', 'zcrm_6302359000000498001', 'fifi', 'zcrm_6302359000000498001', 'fifi', '2024-12-16 17:35:47', '2024-12-16 17:35:47', '2025-06-19 18:07:23', NULL, NULL, NULL, '爱玛电动车签证', NULL, NULL, NULL, NULL, NULL, NULL, NULL, '[]', 0, NULL, NULL, NULL, '微信群', NULL, '3493efa1-c52a-11f0-8cb1-cad6171ac9f8', NULL, 'own', 'individual', NULL, NULL, NULL, '2025-11-19 09:29:11', '2025-11-19 09:29:11'),
('349f163a-c52a-11f0-8cb1-cad6171ac9f8', 'zcrm_6302359000006281027', 'zcrm_6302359000000498001', 'fifi', 'zcrm_6302359000000498001', 'fifi', 'zcrm_6302359000000498001', 'fifi', '2025-01-20 17:10:43', '2025-01-20 17:10:43', '2025-01-20 17:39:36', NULL, NULL, NULL, '马小波', NULL, NULL, NULL, NULL, NULL, NULL, NULL, '[]', 0, NULL, NULL, NULL, '微信群', NULL, '3493efa1-c52a-11f0-8cb1-cad6171ac9f8', NULL, 'own', 'individual', NULL, NULL, NULL, '2025-11-19 09:29:11', '2025-11-19 09:29:11'),
('349f58df-c52a-11f0-8cb1-cad6171ac9f8', 'zcrm_6302359000006454048', 'zcrm_6302359000000469001', 'Leion', 'zcrm_6302359000000469001', 'Leion', 'zcrm_6302359000000469001', 'Leion', '2025-01-29 17:43:26', '2025-01-29 17:43:26', '2025-02-06 18:05:03', NULL, NULL, NULL, '[渠道]斑兔企服雪飞团队', NULL, NULL, NULL, NULL, NULL, NULL, NULL, '[]', 0, NULL, NULL, NULL, '渠道介绍', NULL, '34946e41-c52a-11f0-8cb1-cad6171ac9f8', NULL, 'own', 'individual', NULL, NULL, NULL, '2025-11-19 09:29:11', '2025-11-19 09:29:11'),
('349faaa4-c52a-11f0-8cb1-cad6171ac9f8', 'zcrm_6302359000006965098', 'zcrm_6302359000000498001', 'fifi', 'zcrm_6302359000000498001', 'fifi', 'zcrm_6302359000000469001', 'Leion', '2025-02-13 15:51:49', '2025-02-18 11:04:07', '2025-02-18 11:05:33', NULL, NULL, NULL, '印尼驾照10874斑兔企服&杨总 商务签', NULL, NULL, NULL, NULL, NULL, NULL, NULL, '[]', 0, NULL, NULL, NULL, '微信群', NULL, '3493efa1-c52a-11f0-8cb1-cad6171ac9f8', NULL, 'own', 'individual', NULL, NULL, NULL, '2025-11-19 09:29:11', '2025-11-19 09:29:11'),
('349ffd4c-c52a-11f0-8cb1-cad6171ac9f8', 'zcrm_6302359000007368037', 'zcrm_6302359000000469001', 'Leion', 'zcrm_6302359000000469001', 'Leion', 'zcrm_6302359000000469001', 'Leion', '2025-02-25 15:11:48', '2025-02-25 15:11:48', '2025-03-10 18:58:00', NULL, NULL, NULL, '新生代', NULL, NULL, NULL, NULL, NULL, NULL, NULL, '[]', 0, NULL, NULL, NULL, '客户转介绍', NULL, '34901212-c52a-11f0-8cb1-cad6171ac9f8', NULL, 'own', 'individual', NULL, NULL, NULL, '2025-11-19 09:29:11', '2025-11-19 09:29:11'),
('34a04143-c52a-11f0-8cb1-cad6171ac9f8', 'zcrm_6302359000008133116', 'zcrm_6302359000000469001', 'Leion', 'zcrm_6302359000000469001', 'Leion', 'zcrm_6302359000000469001', 'Leion', '2025-03-21 11:36:19', '2025-03-21 11:36:19', '2025-03-21 11:41:39', NULL, NULL, NULL, 'PT AFISH Trading INDONESIA', NULL, NULL, NULL, NULL, NULL, NULL, NULL, '[]', 0, NULL, NULL, NULL, '渠道介绍', NULL, '34946e41-c52a-11f0-8cb1-cad6171ac9f8', NULL, 'own', 'individual', NULL, NULL, NULL, '2025-11-19 09:29:11', '2025-11-19 09:29:11'),
('34a08e74-c52a-11f0-8cb1-cad6171ac9f8', 'zcrm_6302359000008342002', 'zcrm_6302359000000469001', 'Leion', 'zcrm_6302359000000469001', 'Leion', 'zcrm_6302359000000469001', 'Leion', '2025-04-03 15:55:13', '2025-04-03 15:55:13', '2025-05-09 16:06:34', NULL, NULL, NULL, '美信/东亚&斑兔服务群', NULL, NULL, NULL, NULL, NULL, NULL, NULL, '[]', 0, NULL, NULL, NULL, '客户转介绍', NULL, '34901212-c52a-11f0-8cb1-cad6171ac9f8', NULL, 'own', 'individual', NULL, NULL, NULL, '2025-11-19 09:29:11', '2025-11-19 09:29:11'),
('34a0db9a-c52a-11f0-8cb1-cad6171ac9f8', 'zcrm_6302359000008444023', 'zcrm_6302359000000498001', 'fifi', 'zcrm_6302359000000498001', 'fifi', 'zcrm_6302359000000498001', 'fifi', '2025-04-10 10:16:47', '2025-04-10 10:16:47', '2025-04-12 14:13:59', NULL, NULL, NULL, '斑兔企服&BOXIN 财税合作[财税供应商]', NULL, NULL, NULL, NULL, NULL, NULL, NULL, '[]', 0, NULL, NULL, NULL, '微信群', NULL, '3493efa1-c52a-11f0-8cb1-cad6171ac9f8', NULL, 'own', 'individual', NULL, NULL, NULL, '2025-11-19 09:29:11', '2025-11-19 09:29:11'),
('34a11d06-c52a-11f0-8cb1-cad6171ac9f8', 'zcrm_6302359000009646005', 'zcrm_6302359000000469001', 'Leion', 'zcrm_6302359000000469001', 'Leion', 'zcrm_6302359000000469001', 'Leion', '2025-06-04 09:33:56', '2025-06-04 09:33:56', '2025-06-04 09:38:39', NULL, NULL, NULL, '翁总税务申报', NULL, NULL, NULL, NULL, NULL, NULL, NULL, '[]', 0, NULL, NULL, NULL, '外部推广', 'TaxService', '3494da78-c52a-11f0-8cb1-cad6171ac9f8', NULL, 'own', 'individual', NULL, NULL, NULL, '2025-11-19 09:29:11', '2025-11-19 09:29:11'),
('34a163ce-c52a-11f0-8cb1-cad6171ac9f8', 'zcrm_6302359000009732303', 'zcrm_6302359000000469001', 'Leion', 'zcrm_6302359000000469001', 'Leion', 'zcrm_6302359000000469001', 'Leion', '2025-06-09 16:59:23', '2025-06-19 09:53:09', '2025-07-24 18:37:59', NULL, NULL, NULL, 'V11094斑兔&中通服 C2签证+保护服务', NULL, NULL, NULL, NULL, NULL, NULL, NULL, '[]', 0, NULL, NULL, NULL, '客户转介绍', NULL, '34901212-c52a-11f0-8cb1-cad6171ac9f8', NULL, 'own', 'individual', NULL, NULL, NULL, '2025-11-19 09:29:11', '2025-11-19 09:29:11'),
('34a1af7a-c52a-11f0-8cb1-cad6171ac9f8', 'zcrm_6302359000010052001', 'zcrm_6302359000000498001', 'fifi', 'zcrm_6302359000000498001', 'fifi', 'zcrm_6302359000000498001', 'fifi', '2025-06-23 09:20:41', '2025-06-23 09:20:41', '2025-06-24 18:25:24', NULL, NULL, NULL, '印尼 签证咨', NULL, NULL, NULL, NULL, NULL, NULL, NULL, '[]', 0, NULL, NULL, NULL, '微信群', NULL, '3493efa1-c52a-11f0-8cb1-cad6171ac9f8', NULL, 'own', 'individual', NULL, NULL, NULL, '2025-11-19 09:29:11', '2025-11-19 09:29:11'),
('34a1ecb4-c52a-11f0-8cb1-cad6171ac9f8', 'zcrm_6302359000010213002', 'zcrm_6302359000000469001', 'Leion', 'zcrm_6302359000000469001', 'Leion', 'zcrm_6302359000000469001', 'Leion', '2025-06-27 17:47:24', '2025-06-27 17:47:24', '2025-09-09 09:43:18', NULL, NULL, NULL, '11181 常州陆总 公司服务', NULL, NULL, NULL, NULL, NULL, NULL, NULL, '[]', 0, NULL, NULL, NULL, '客户转介绍', NULL, '34901212-c52a-11f0-8cb1-cad6171ac9f8', NULL, 'own', 'organization', NULL, NULL, NULL, '2025-11-19 09:29:11', '2025-11-19 09:29:11'),
('34a24c3d-c52a-11f0-8cb1-cad6171ac9f8', 'zcrm_6302359000010583024', 'zcrm_6302359000000469001', 'Leion', 'zcrm_6302359000000469001', 'Leion', 'zcrm_6302359000000469001', 'Leion', '2025-07-14 10:30:11', '2025-08-21 17:21:25', '2025-11-03 18:43:14', NULL, NULL, NULL, '渠道（斑兔-睿信）业务交流', NULL, NULL, NULL, NULL, NULL, NULL, NULL, '[]', 0, NULL, NULL, NULL, '客户转介绍', NULL, '34901212-c52a-11f0-8cb1-cad6171ac9f8', NULL, 'own', 'individual', NULL, NULL, NULL, '2025-11-19 09:29:11', '2025-11-19 09:29:11'),
('34a28abf-c52a-11f0-8cb1-cad6171ac9f8', 'zcrm_6302359000010636005', 'zcrm_6302359000000469001', 'Leion', 'zcrm_6302359000000469001', 'Leion', 'zcrm_6302359000000469001', 'Leion', '2025-07-15 11:52:52', '2025-07-15 11:52:52', '2025-08-20 18:47:05', NULL, NULL, NULL, '印尼志特', NULL, NULL, NULL, NULL, NULL, NULL, NULL, '[]', 0, NULL, NULL, NULL, '客户转介绍', NULL, '34901212-c52a-11f0-8cb1-cad6171ac9f8', NULL, 'own', 'individual', NULL, NULL, NULL, '2025-11-19 09:29:11', '2025-11-19 09:29:11'),
('34a2cd2d-c52a-11f0-8cb1-cad6171ac9f8', 'zcrm_6302359000010655063', 'zcrm_6302359000000498001', 'fifi', 'zcrm_6302359000000498001', 'fifi', 'zcrm_6302359000000498001', 'fifi', '2025-07-16 12:06:33', '2025-07-16 12:06:33', '2025-10-27 14:12:18', NULL, NULL, NULL, '[渠道] 斑兔企服&360indo集团', NULL, NULL, NULL, NULL, NULL, NULL, NULL, '[]', 0, NULL, NULL, NULL, '微信群', NULL, '3493efa1-c52a-11f0-8cb1-cad6171ac9f8', NULL, 'own', 'organization', NULL, NULL, NULL, '2025-11-19 09:29:11', '2025-11-19 09:29:11'),
('34a4d7c7-c52a-11f0-8cb1-cad6171ac9f8', 'zcrm_6302359000010663024', 'zcrm_6302359000000469001', 'Leion', 'zcrm_6302359000000469001', 'Leion', 'zcrm_6302359000000469001', 'Leion', '2025-07-16 14:40:38', '2025-07-16 14:40:38', '2025-10-10 15:21:45', NULL, NULL, NULL, '斑兔企服&碧桂园 吴总 投资签办理', NULL, NULL, NULL, NULL, NULL, NULL, NULL, '[]', 0, NULL, NULL, NULL, '客户转介绍', NULL, '34901212-c52a-11f0-8cb1-cad6171ac9f8', NULL, 'own', 'individual', NULL, NULL, NULL, '2025-11-19 09:29:11', '2025-11-19 09:29:11'),
('34a52673-c52a-11f0-8cb1-cad6171ac9f8', 'zcrm_6302359000010836043', 'zcrm_6302359000000498001', 'fifi', 'zcrm_6302359000000498001', 'fifi', 'zcrm_6302359000000498001', 'fifi', '2025-07-24 09:26:01', '2025-07-24 09:26:01', '2025-08-06 19:30:44', NULL, NULL, NULL, '11137金蝶印尼签证', NULL, NULL, NULL, NULL, NULL, NULL, NULL, '[]', 0, NULL, NULL, NULL, '微信群', NULL, '3493efa1-c52a-11f0-8cb1-cad6171ac9f8', NULL, 'own', 'individual', NULL, NULL, NULL, '2025-11-19 09:29:11', '2025-11-19 09:29:11'),
('34a565ed-c52a-11f0-8cb1-cad6171ac9f8', 'zcrm_6302359000010841145', 'zcrm_6302359000000498001', 'fifi', 'zcrm_6302359000000498001', 'fifi', 'zcrm_6302359000000498001', 'fifi', '2025-07-24 18:08:30', '2025-07-24 18:08:30', '2025-09-25 16:44:43', NULL, NULL, NULL, '11138张健-PT ALLIN签证办理', NULL, NULL, NULL, NULL, NULL, NULL, NULL, '[]', 0, NULL, NULL, NULL, '微信群', NULL, '3493efa1-c52a-11f0-8cb1-cad6171ac9f8', NULL, 'own', 'individual', NULL, NULL, NULL, '2025-11-19 09:29:11', '2025-11-19 09:29:11'),
('34a5b307-c52a-11f0-8cb1-cad6171ac9f8', 'zcrm_6302359000010933005', 'zcrm_6302359000000469001', 'Leion', 'zcrm_6302359000000469001', 'Leion', 'zcrm_6302359000000469001', 'Leion', '2025-07-28 13:55:42', '2025-07-28 14:12:57', '2025-10-14 14:03:18', NULL, NULL, NULL, '11140 斑兔企服&张冰乐 PT HUAYI IPP +签证', NULL, NULL, NULL, NULL, NULL, NULL, NULL, '[]', 0, NULL, NULL, NULL, '渠道介绍', NULL, '34946e41-c52a-11f0-8cb1-cad6171ac9f8', NULL, 'own', 'individual', NULL, NULL, NULL, '2025-11-19 09:29:11', '2025-11-19 09:29:11'),
('34a5fd47-c52a-11f0-8cb1-cad6171ac9f8', 'zcrm_6302359000010996023', 'zcrm_6302359000000469001', 'Leion', 'zcrm_6302359000000469001', 'Leion', 'zcrm_6302359000000469001', 'Leion', '2025-07-30 10:05:12', '2025-07-30 10:05:12', '2025-10-07 14:02:16', NULL, NULL, NULL, '11143斑兔&张总注册运输公司', NULL, NULL, NULL, NULL, NULL, NULL, NULL, '[]', 0, NULL, NULL, NULL, '微信群', NULL, '3493efa1-c52a-11f0-8cb1-cad6171ac9f8', NULL, 'own', 'organization', NULL, NULL, NULL, '2025-11-19 09:29:11', '2025-11-19 09:29:11'),
('34a63dba-c52a-11f0-8cb1-cad6171ac9f8', 'zcrm_6302359000010996609', 'zcrm_6302359000000469001', 'Leion', 'zcrm_6302359000000469001', 'Leion', 'zcrm_6302359000000469001', 'Leion', '2025-07-30 16:40:24', '2025-10-29 20:39:43', '2025-10-29 20:39:43', '2025-10-29 20:39:43', NULL, NULL, '91194斑兔企服&印尼公司注册sbu', NULL, NULL, NULL, NULL, NULL, NULL, NULL, '[]', 0, NULL, NULL, NULL, '微信群', NULL, '3493efa1-c52a-11f0-8cb1-cad6171ac9f8', NULL, 'own', 'organization', NULL, NULL, NULL, '2025-11-19 09:29:11', '2025-11-19 09:29:11'),
('34a68451-c52a-11f0-8cb1-cad6171ac9f8', 'zcrm_6302359000010997492', 'zcrm_6302359000000469001', 'Leion', 'zcrm_6302359000000469001', 'Leion', 'zcrm_6302359000000469001', 'Leion', '2025-07-31 17:46:26', '2025-07-31 17:46:26', '2025-10-29 20:30:58', NULL, NULL, NULL, '11145斑兔&姚总签证', NULL, NULL, NULL, NULL, NULL, NULL, NULL, '[]', 0, NULL, NULL, NULL, '外部推广', NULL, '3494da78-c52a-11f0-8cb1-cad6171ac9f8', NULL, 'own', 'individual', NULL, NULL, NULL, '2025-11-19 09:29:11', '2025-11-19 09:29:11'),
('34a6d22f-c52a-11f0-8cb1-cad6171ac9f8', 'zcrm_6302359000011000013', 'zcrm_6302359000000469001', 'Leion', 'zcrm_6302359000000469001', 'Leion', 'zcrm_6302359000000469001', 'Leion', '2025-07-29 22:57:25', '2025-07-29 23:06:48', '2025-07-30 13:52:28', NULL, NULL, NULL, '普天线缆集团有限公司', NULL, 'B 普通客户', NULL, NULL, NULL, '其他', NULL, '[]', 0, NULL, NULL, NULL, '客户转介绍', NULL, '34901212-c52a-11f0-8cb1-cad6171ac9f8', NULL, 'own', 'organization', NULL, NULL, NULL, '2025-11-19 09:29:11', '2025-11-19 09:29:11'),
('34a72985-c52a-11f0-8cb1-cad6171ac9f8', 'zcrm_6302359000011049752', 'zcrm_6302359000000469001', 'Leion', 'zcrm_6302359000000469001', 'Leion', 'zcrm_6302359000000469001', 'Leion', '2025-08-01 17:45:12', '2025-08-01 17:45:12', '2025-10-13 13:57:18', NULL, NULL, NULL, '11141俞总注册公司', NULL, NULL, NULL, NULL, NULL, NULL, NULL, '[]', 0, NULL, NULL, NULL, '微信群', NULL, '3493efa1-c52a-11f0-8cb1-cad6171ac9f8', NULL, 'own', 'organization', NULL, NULL, NULL, '2025-11-19 09:29:11', '2025-11-19 09:29:11'),
('34a7822c-c52a-11f0-8cb1-cad6171ac9f8', 'zcrm_6302359000011081134', 'zcrm_6302359000000498001', 'fifi', 'zcrm_6302359000000498001', 'fifi', 'zcrm_6302359000000498001', 'fifi', '2025-08-04 14:49:28', '2025-08-04 14:49:28', '2025-10-17 18:13:07', NULL, NULL, NULL, '斑兔企服&C18试工商务签', NULL, NULL, NULL, NULL, NULL, NULL, NULL, '[]', 0, NULL, NULL, NULL, '微信群', NULL, '3493efa1-c52a-11f0-8cb1-cad6171ac9f8', NULL, 'own', 'individual', NULL, NULL, NULL, '2025-11-19 09:29:11', '2025-11-19 09:29:11'),
('34a7fc3b-c52a-11f0-8cb1-cad6171ac9f8', 'zcrm_6302359000011173075', 'zcrm_6302359000000469001', 'Leion', 'zcrm_6302359000000469001', 'Leion', 'zcrm_6302359000000469001', 'Leion', '2025-08-06 18:11:22', '2025-08-06 18:11:22', '2025-09-25 16:40:09', NULL, NULL, NULL, '11153斑兔企服&张坤 公司变更KBLI 跟换公司邮箱', NULL, NULL, NULL, NULL, NULL, NULL, NULL, '[]', 0, NULL, NULL, NULL, '客户转介绍', NULL, '34901212-c52a-11f0-8cb1-cad6171ac9f8', NULL, 'own', 'organization', NULL, NULL, NULL, '2025-11-19 09:29:11', '2025-11-19 09:29:11'),
('34a857fa-c52a-11f0-8cb1-cad6171ac9f8', 'zcrm_6302359000011174005', 'zcrm_6302359000000469001', 'Leion', 'zcrm_6302359000000469001', 'Leion', 'zcrm_6302359000000469001', 'Leion', '2025-08-06 10:24:42', '2025-08-06 10:45:52', '2025-10-30 20:15:52', NULL, NULL, NULL, 'X1111 斑兔企服&方总 公司注册 签证办理', NULL, NULL, NULL, NULL, NULL, NULL, NULL, '[]', 0, NULL, NULL, NULL, '客户转介绍', NULL, '34901212-c52a-11f0-8cb1-cad6171ac9f8', NULL, 'own', 'organization', NULL, NULL, NULL, '2025-11-19 09:29:11', '2025-11-19 09:29:11'),
('34a8bd4e-c52a-11f0-8cb1-cad6171ac9f8', 'zcrm_6302359000011208048', 'zcrm_6302359000000469001', 'Leion', 'zcrm_6302359000000469001', 'Leion', 'zcrm_6302359000000469001', 'Leion', '2025-08-08 10:27:59', '2025-08-08 10:27:59', '2025-10-07 14:14:04', NULL, NULL, NULL, '11146斑兔&KX商标注册', NULL, NULL, NULL, NULL, NULL, NULL, NULL, '[]', 0, NULL, NULL, NULL, '微信群', NULL, '3493efa1-c52a-11f0-8cb1-cad6171ac9f8', NULL, 'own', 'individual', NULL, NULL, NULL, '2025-11-19 09:29:11', '2025-11-19 09:29:11'),
('34a9c941-c52a-11f0-8cb1-cad6171ac9f8', 'zcrm_6302359000011225022', 'zcrm_6302359000000498001', 'fifi', 'zcrm_6302359000000498001', 'fifi', 'zcrm_6302359000000498001', 'fifi', '2025-08-08 16:14:13', '2025-08-08 16:14:13', '2025-10-17 18:36:20', NULL, NULL, NULL, '11147斑兔&陈总印尼电商公司注册', NULL, NULL, NULL, NULL, NULL, NULL, NULL, '[]', 0, NULL, NULL, NULL, '微信群', NULL, '3493efa1-c52a-11f0-8cb1-cad6171ac9f8', NULL, 'own', 'organization', NULL, NULL, NULL, '2025-11-19 09:29:11', '2025-11-19 09:29:11'),
('34aa1c78-c52a-11f0-8cb1-cad6171ac9f8', 'zcrm_6302359000011238001', 'zcrm_6302359000000469001', 'Leion', 'zcrm_6302359000000469001', 'Leion', 'zcrm_6302359000000469001', 'Leion', '2025-08-08 16:49:49', '2025-08-08 16:49:49', '2025-09-18 11:36:15', NULL, NULL, NULL, '11154斑兔&汪总注册公司', NULL, NULL, NULL, NULL, NULL, NULL, NULL, '[]', 0, NULL, NULL, NULL, '微信群', NULL, '3493efa1-c52a-11f0-8cb1-cad6171ac9f8', NULL, 'own', 'organization', NULL, NULL, NULL, '2025-11-19 09:29:11', '2025-11-19 09:29:11'),
('34aa652c-c52a-11f0-8cb1-cad6171ac9f8', 'zcrm_6302359000011278433', 'zcrm_6302359000000498001', 'fifi', 'zcrm_6302359000000498001', 'fifi', 'zcrm_6302359000000498001', 'fifi', '2025-08-11 16:03:07', '2025-08-11 16:03:07', '2025-08-19 01:16:51', NULL, NULL, NULL, '11155斑兔企服&艾琳签证办理', NULL, NULL, NULL, NULL, NULL, NULL, NULL, '[]', 0, NULL, NULL, NULL, '微信群', NULL, '3493efa1-c52a-11f0-8cb1-cad6171ac9f8', NULL, 'own', 'individual', NULL, NULL, NULL, '2025-11-19 09:29:11', '2025-11-19 09:29:11'),
('34aaab14-c52a-11f0-8cb1-cad6171ac9f8', 'zcrm_6302359000011303001', 'zcrm_6302359000000498001', 'fifi', 'zcrm_6302359000000498001', 'fifi', 'zcrm_6302359000000498001', 'fifi', '2025-08-11 17:28:28', '2025-08-11 17:28:28', '2025-08-19 01:13:12', NULL, NULL, NULL, '11156超总商务签', NULL, NULL, NULL, NULL, NULL, NULL, NULL, '[]', 0, NULL, NULL, NULL, '微信群', NULL, '3493efa1-c52a-11f0-8cb1-cad6171ac9f8', NULL, 'own', 'individual', NULL, NULL, NULL, '2025-11-19 09:29:11', '2025-11-19 09:29:11'),
('34aafb39-c52a-11f0-8cb1-cad6171ac9f8', 'zcrm_6302359000011410116', 'zcrm_6302359000000498001', 'fifi', 'zcrm_6302359000000498001', 'fifi', 'zcrm_6302359000000498001', 'fifi', '2025-08-14 13:50:44', '2025-08-14 13:50:44', '2025-08-20 12:06:28', NULL, NULL, NULL, '11159斑兔&李总商务签', NULL, NULL, NULL, NULL, NULL, NULL, NULL, '[]', 0, NULL, NULL, NULL, '微信群', NULL, '3493efa1-c52a-11f0-8cb1-cad6171ac9f8', NULL, 'own', 'individual', NULL, NULL, NULL, '2025-11-19 09:29:11', '2025-11-19 09:29:11'),
('34ab4341-c52a-11f0-8cb1-cad6171ac9f8', 'zcrm_6302359000011482001', 'zcrm_6302359000000498001', 'fifi', 'zcrm_6302359000000498001', 'fifi', 'zcrm_6302359000000498001', 'fifi', '2025-08-15 16:30:31', '2025-08-15 16:30:31', '2025-10-07 14:20:06', NULL, NULL, NULL, '11139斑兔企服&fivepoint工作签', NULL, NULL, NULL, NULL, NULL, NULL, NULL, '[]', 0, NULL, NULL, NULL, '微信群', NULL, '3493efa1-c52a-11f0-8cb1-cad6171ac9f8', NULL, 'own', 'individual', NULL, NULL, NULL, '2025-11-19 09:29:11', '2025-11-19 09:29:11'),
('34ab8bb0-c52a-11f0-8cb1-cad6171ac9f8', 'zcrm_6302359000011517001', 'zcrm_6302359000000498001', 'fifi', 'zcrm_6302359000000498001', 'fifi', 'zcrm_6302359000000498001', 'fifi', '2025-08-19 09:57:27', '2025-08-19 09:57:27', '2025-10-29 16:42:23', NULL, NULL, NULL, '11164代总商务签', NULL, NULL, NULL, NULL, NULL, NULL, NULL, '[]', 0, NULL, NULL, NULL, '微信群', NULL, '3493efa1-c52a-11f0-8cb1-cad6171ac9f8', NULL, 'own', 'individual', NULL, NULL, NULL, '2025-11-19 09:29:11', '2025-11-19 09:29:11'),
('34abcfeb-c52a-11f0-8cb1-cad6171ac9f8', 'zcrm_6302359000011536446', 'zcrm_6302359000000498001', 'fifi', 'zcrm_6302359000000498001', 'fifi', 'zcrm_6302359000000498001', 'fifi', '2025-08-19 15:19:09', '2025-08-19 15:19:09', '2025-09-01 12:07:14', NULL, NULL, NULL, '斑兔企服&D2签证', NULL, NULL, NULL, NULL, NULL, NULL, NULL, '[]', 0, NULL, NULL, NULL, '微信群', NULL, '3493efa1-c52a-11f0-8cb1-cad6171ac9f8', NULL, 'own', 'individual', NULL, NULL, NULL, '2025-11-19 09:29:11', '2025-11-19 09:29:11'),
('34ac1284-c52a-11f0-8cb1-cad6171ac9f8', 'zcrm_6302359000011599320', 'zcrm_6302359000000469001', 'Leion', 'zcrm_6302359000000469001', 'Leion', 'zcrm_6302359000000469001', 'Leion', '2025-08-20 19:05:34', '2025-08-20 19:05:34', '2025-09-12 11:47:17', NULL, NULL, NULL, '11171 斑兔企服&印尼志特 王总', NULL, NULL, NULL, NULL, NULL, NULL, NULL, '[]', 0, NULL, NULL, NULL, '客户转介绍', NULL, '34901212-c52a-11f0-8cb1-cad6171ac9f8', NULL, 'own', 'individual', NULL, NULL, NULL, '2025-11-19 09:29:11', '2025-11-19 09:29:11'),
('34ac5192-c52a-11f0-8cb1-cad6171ac9f8', 'zcrm_6302359000011709007', 'zcrm_6302359000000469001', 'Leion', 'zcrm_6302359000000469001', 'Leion', 'zcrm_6302359000000469001', 'Leion', '2025-08-26 11:02:34', '2025-08-26 11:02:34', '2025-10-06 16:24:33', NULL, NULL, NULL, '11158斑兔&杨总注册公司', NULL, NULL, NULL, NULL, NULL, NULL, NULL, '[]', 0, NULL, NULL, NULL, '微信群', NULL, '3493efa1-c52a-11f0-8cb1-cad6171ac9f8', NULL, 'own', 'organization', NULL, NULL, NULL, '2025-11-19 09:29:11', '2025-11-19 09:29:11'),
('34aca335-c52a-11f0-8cb1-cad6171ac9f8', 'zcrm_6302359000011713556', 'zcrm_6302359000000498001', 'fifi', 'zcrm_6302359000000498001', 'fifi', 'zcrm_6302359000000498001', 'fifi', '2025-08-26 17:51:34', '2025-08-26 17:51:34', '2025-10-29 16:10:28', NULL, NULL, NULL, '11165工作签证', NULL, NULL, NULL, NULL, NULL, NULL, NULL, '[]', 0, NULL, NULL, NULL, '微信群', NULL, '3493efa1-c52a-11f0-8cb1-cad6171ac9f8', NULL, 'own', 'individual', NULL, NULL, NULL, '2025-11-19 09:29:11', '2025-11-19 09:29:11'),
('34acef3d-c52a-11f0-8cb1-cad6171ac9f8', 'zcrm_6302359000011847306', 'zcrm_6302359000000498001', 'fifi', 'zcrm_6302359000000498001', 'fifi', 'zcrm_6302359000000498001', 'fifi', '2025-09-03 11:28:59', '2025-09-03 11:28:59', '2025-10-02 14:20:07', NULL, NULL, NULL, '11172斑兔&软通工作签', NULL, NULL, NULL, NULL, NULL, NULL, NULL, '[]', 0, NULL, NULL, NULL, '微信群', NULL, '3493efa1-c52a-11f0-8cb1-cad6171ac9f8', NULL, 'own', 'individual', NULL, NULL, NULL, '2025-11-19 09:29:11', '2025-11-19 09:29:11'),
('34ad3dc5-c52a-11f0-8cb1-cad6171ac9f8', 'zcrm_6302359000011934013', 'zcrm_6302359000000469001', 'Leion', 'zcrm_6302359000000469001', 'Leion', 'zcrm_6302359000000469001', 'Leion', '2025-09-08 10:44:09', '2025-09-08 10:44:09', '2025-10-07 13:52:46', NULL, NULL, NULL, '11178潘总&印尼斑兔企服公司商标会计', NULL, NULL, NULL, NULL, NULL, NULL, NULL, '[]', 0, NULL, NULL, NULL, '微信群', NULL, '3493efa1-c52a-11f0-8cb1-cad6171ac9f8', NULL, 'own', 'organization', NULL, NULL, NULL, '2025-11-19 09:29:11', '2025-11-19 09:29:11'),
('34ad9387-c52a-11f0-8cb1-cad6171ac9f8', 'zcrm_6302359000011934282', 'zcrm_6302359000000469001', 'Leion', 'zcrm_6302359000000469001', 'Leion', 'zcrm_6302359000000469001', 'Leion', '2025-09-08 11:55:03', '2025-09-08 11:55:03', NULL, NULL, NULL, NULL, 'T10894 斑兔企服&四姐餐厅财税托管', NULL, NULL, NULL, NULL, NULL, NULL, NULL, '[]', 0, NULL, NULL, NULL, '微信群', NULL, '3493efa1-c52a-11f0-8cb1-cad6171ac9f8', NULL, 'own', 'individual', NULL, NULL, NULL, '2025-11-19 09:29:11', '2025-11-19 09:29:11'),
('34adea9a-c52a-11f0-8cb1-cad6171ac9f8', 'zcrm_6302359000011994079', 'zcrm_6302359000000469001', 'Leion', 'zcrm_6302359000000469001', 'Leion', 'zcrm_6302359000000469001', 'Leion', '2025-09-10 10:18:56', '2025-10-02 15:44:30', '2025-10-30 11:19:20', NULL, NULL, NULL, '11166斑兔企服&熊总 劳务公司注册', NULL, NULL, NULL, NULL, NULL, NULL, NULL, '[]', 0, NULL, NULL, NULL, '微信群', NULL, '3493efa1-c52a-11f0-8cb1-cad6171ac9f8', NULL, 'own', 'organization', NULL, NULL, NULL, '2025-11-19 09:29:11', '2025-11-19 09:29:11'),
('34ae35ea-c52a-11f0-8cb1-cad6171ac9f8', 'zcrm_6302359000012001201', 'zcrm_6302359000000498001', 'fifi', 'zcrm_6302359000000498001', 'fifi', 'zcrm_6302359000000498001', 'fifi', '2025-09-10 16:17:36', '2025-09-10 16:17:36', '2025-10-06 16:58:09', NULL, NULL, NULL, '斑兔企服&古总 刘桃工作签', NULL, NULL, NULL, NULL, NULL, NULL, NULL, '[]', 0, NULL, NULL, NULL, '微信群', NULL, '3493efa1-c52a-11f0-8cb1-cad6171ac9f8', NULL, 'own', 'individual', NULL, NULL, NULL, '2025-11-19 09:29:11', '2025-11-19 09:29:11'),
('34ae81ca-c52a-11f0-8cb1-cad6171ac9f8', 'zcrm_6302359000012044507', 'zcrm_6302359000000498001', 'fifi', 'zcrm_6302359000000498001', 'fifi', 'zcrm_6302359000000469001', 'Leion', '2025-09-12 17:11:25', '2025-09-23 11:59:21', '2025-10-10 16:33:29', NULL, NULL, NULL, 'C10889斑兔企服&万总 C2商务签项目', NULL, NULL, NULL, NULL, NULL, NULL, NULL, '[]', 0, NULL, NULL, NULL, '微信群', NULL, '3493efa1-c52a-11f0-8cb1-cad6171ac9f8', NULL, 'own', 'individual', NULL, NULL, NULL, '2025-11-19 09:29:11', '2025-11-19 09:29:11'),
('34aecbc1-c52a-11f0-8cb1-cad6171ac9f8', 'zcrm_6302359000012074080', 'zcrm_6302359000000469001', 'Leion', 'zcrm_6302359000000469001', 'Leion', 'zcrm_6302359000000469001', 'Leion', '2025-09-12 17:24:43', '2025-09-12 17:24:43', '2025-10-29 21:01:32', NULL, NULL, NULL, '11182斑兔&黄总注册', NULL, NULL, NULL, NULL, NULL, NULL, NULL, '[]', 0, NULL, NULL, NULL, '微信群', NULL, '3493efa1-c52a-11f0-8cb1-cad6171ac9f8', NULL, 'own', 'individual', NULL, NULL, NULL, '2025-11-19 09:29:11', '2025-11-19 09:29:11'),
('34af12aa-c52a-11f0-8cb1-cad6171ac9f8', 'zcrm_6302359000012074391', 'zcrm_6302359000000469001', 'Leion', 'zcrm_6302359000000469001', 'Leion', 'zcrm_6302359000000469001', 'Leion', '2025-09-15 17:41:50', '2025-09-15 17:41:50', '2025-10-17 09:41:07', NULL, NULL, NULL, '11186斑兔&张总注册公司', NULL, NULL, NULL, NULL, NULL, NULL, NULL, '[]', 0, NULL, NULL, NULL, '微信群', NULL, '3493efa1-c52a-11f0-8cb1-cad6171ac9f8', NULL, 'own', 'organization', NULL, NULL, NULL, '2025-11-19 09:29:11', '2025-11-19 09:29:11'),
('34af5159-c52a-11f0-8cb1-cad6171ac9f8', 'zcrm_6302359000012074506', 'zcrm_6302359000000469001', 'Leion', 'zcrm_6302359000000469001', 'Leion', 'zcrm_6302359000000469001', 'Leion', '2025-09-16 11:32:42', '2025-09-16 11:32:42', '2025-10-06 15:15:26', NULL, NULL, NULL, '11189斑兔&KX投资公司', NULL, NULL, NULL, NULL, NULL, NULL, NULL, '[]', 0, NULL, NULL, NULL, '微信群', NULL, '3493efa1-c52a-11f0-8cb1-cad6171ac9f8', NULL, 'own', 'organization', NULL, NULL, NULL, '2025-11-19 09:29:11', '2025-11-19 09:29:11'),
('34b04d2b-c52a-11f0-8cb1-cad6171ac9f8', 'zcrm_6302359000012153013', 'zcrm_6302359000000498001', 'fifi', 'zcrm_6302359000000498001', 'fifi', 'zcrm_6302359000000498001', 'fifi', '2025-09-17 15:30:33', '2025-09-17 15:30:33', '2025-09-23 11:12:21', NULL, NULL, NULL, '斑兔企服&中国旅游签证', NULL, NULL, NULL, NULL, NULL, NULL, NULL, '[]', 0, NULL, NULL, NULL, '微信群', NULL, '3493efa1-c52a-11f0-8cb1-cad6171ac9f8', NULL, 'own', 'individual', NULL, NULL, NULL, '2025-11-19 09:29:11', '2025-11-19 09:29:11'),
('34b0907f-c52a-11f0-8cb1-cad6171ac9f8', 'zcrm_6302359000012182001', 'zcrm_6302359000000498001', 'fifi', 'zcrm_6302359000000498001', 'fifi', 'zcrm_6302359000000469001', 'Leion', '2025-09-18 11:10:37', '2025-09-23 11:04:00', '2025-09-23 11:06:28', NULL, NULL, NULL, 'C11085 斑兔企服& 李总餐厅 商务签续签', NULL, NULL, NULL, NULL, NULL, NULL, NULL, '[]', 0, NULL, NULL, NULL, '微信群', NULL, '3493efa1-c52a-11f0-8cb1-cad6171ac9f8', NULL, 'own', 'individual', NULL, NULL, NULL, '2025-11-19 09:29:11', '2025-11-19 09:29:11'),
('34b0d506-c52a-11f0-8cb1-cad6171ac9f8', 'zcrm_6302359000012220001', 'zcrm_6302359000000498001', 'fifi', 'zcrm_6302359000000498001', 'fifi', 'zcrm_6302359000000498001', 'fifi', '2025-09-18 15:50:16', '2025-09-18 15:50:16', '2025-09-25 16:43:11', NULL, NULL, NULL, '庄总 办理落地签群', NULL, NULL, NULL, NULL, NULL, NULL, NULL, '[]', 0, NULL, NULL, NULL, '微信群', NULL, '3493efa1-c52a-11f0-8cb1-cad6171ac9f8', NULL, 'own', 'individual', NULL, NULL, NULL, '2025-11-19 09:29:11', '2025-11-19 09:29:11'),
('34b1147e-c52a-11f0-8cb1-cad6171ac9f8', 'zcrm_6302359000012242001', 'zcrm_6302359000000469001', 'Leion', 'zcrm_6302359000000469001', 'Leion', 'zcrm_6302359000000469001', 'Leion', '2025-09-19 11:19:56', '2025-09-19 11:19:56', '2025-11-01 14:29:27', NULL, NULL, NULL, '11198斑兔企服&邱总 公司注册', NULL, NULL, NULL, NULL, NULL, NULL, NULL, '[]', 0, NULL, NULL, NULL, '微信群', NULL, '3493efa1-c52a-11f0-8cb1-cad6171ac9f8', NULL, 'own', 'organization', NULL, NULL, NULL, '2025-11-19 09:29:11', '2025-11-19 09:29:11'),
('34b175a1-c52a-11f0-8cb1-cad6171ac9f8', 'zcrm_6302359000012366007', 'zcrm_6302359000000469001', 'Leion', 'zcrm_6302359000000469001', 'Leion', 'zcrm_6302359000000469001', 'Leion', '2025-09-23 17:50:47', '2025-09-23 17:50:47', '2025-10-29 20:42:55', NULL, NULL, NULL, '11194斑兔&柳总注册', NULL, NULL, NULL, NULL, NULL, NULL, NULL, '[]', 0, NULL, NULL, NULL, '微信群', NULL, '3493efa1-c52a-11f0-8cb1-cad6171ac9f8', NULL, 'own', 'individual', NULL, NULL, NULL, '2025-11-19 09:29:11', '2025-11-19 09:29:11'),
('34b1c3d6-c52a-11f0-8cb1-cad6171ac9f8', 'zcrm_6302359000012380061', 'zcrm_6302359000000498001', 'fifi', 'zcrm_6302359000000498001', 'fifi', 'zcrm_6302359000000498001', 'fifi', '2025-09-24 10:52:59', '2025-09-24 10:52:59', '2025-10-31 15:32:42', NULL, NULL, NULL, '11183 斑兔&固化项目注册公司', NULL, NULL, NULL, NULL, NULL, NULL, NULL, '[]', 0, NULL, NULL, NULL, '微信群', NULL, '3493efa1-c52a-11f0-8cb1-cad6171ac9f8', NULL, 'own', 'organization', NULL, NULL, NULL, '2025-11-19 09:29:11', '2025-11-19 09:29:11'),
('34b2078a-c52a-11f0-8cb1-cad6171ac9f8', 'zcrm_6302359000012380176', 'zcrm_6302359000000498001', 'fifi', 'zcrm_6302359000000498001', 'fifi', 'zcrm_6302359000000498001', 'fifi', '2025-09-24 14:13:41', '2025-09-24 14:13:41', '2025-10-17 18:37:48', NULL, NULL, NULL, '雷總11190斑兔&李总工作签', NULL, NULL, NULL, NULL, NULL, NULL, NULL, '[]', 0, NULL, NULL, NULL, '微信群', NULL, '3493efa1-c52a-11f0-8cb1-cad6171ac9f8', NULL, 'own', 'individual', NULL, NULL, NULL, '2025-11-19 09:29:11', '2025-11-19 09:29:11'),
('34b24555-c52a-11f0-8cb1-cad6171ac9f8', 'zcrm_6302359000012405069', 'zcrm_6302359000000469001', 'Leion', 'zcrm_6302359000000469001', 'Leion', 'zcrm_6302359000000469001', 'Leion', '2025-09-24 17:53:14', '2025-09-24 17:53:14', NULL, NULL, NULL, NULL, 'T10396C 斑兔企服&周海兵 税务', NULL, NULL, NULL, NULL, NULL, NULL, NULL, '[]', 0, NULL, NULL, NULL, '微信群', NULL, '3493efa1-c52a-11f0-8cb1-cad6171ac9f8', NULL, 'own', 'individual', NULL, NULL, NULL, '2025-11-19 09:29:11', '2025-11-19 09:29:11'),
('34b2893d-c52a-11f0-8cb1-cad6171ac9f8', 'zcrm_6302359000012513001', 'zcrm_6302359000000469001', 'Leion', 'zcrm_6302359000000469001', 'Leion', 'zcrm_6302359000000469001', 'Leion', '2025-09-26 13:57:02', '2025-09-26 13:57:02', '2025-10-08 16:17:53', NULL, NULL, NULL, '11162斑兔企服&李总 劳务公司注册', NULL, NULL, NULL, NULL, NULL, NULL, NULL, '[]', 0, NULL, NULL, NULL, '微信群', NULL, '3493efa1-c52a-11f0-8cb1-cad6171ac9f8', NULL, 'own', 'organization', NULL, NULL, NULL, '2025-11-19 09:29:11', '2025-11-19 09:29:11'),
('34b2c16a-c52a-11f0-8cb1-cad6171ac9f8', 'zcrm_6302359000012624040', 'zcrm_6302359000000469001', 'Leion', 'zcrm_6302359000000469001', 'Leion', 'zcrm_6302359000000469001', 'Leion', '2025-09-30 10:01:58', '2025-09-30 10:01:58', '2025-10-01 16:33:54', NULL, NULL, NULL, '11197斑兔&王总商标', NULL, NULL, NULL, NULL, NULL, NULL, NULL, '[]', 0, NULL, NULL, NULL, '微信群', NULL, '3493efa1-c52a-11f0-8cb1-cad6171ac9f8', NULL, 'own', 'individual', NULL, NULL, NULL, '2025-11-19 09:29:11', '2025-11-19 09:29:11'),
('34b3093f-c52a-11f0-8cb1-cad6171ac9f8', 'zcrm_6302359000012634007', 'zcrm_6302359000000469001', 'Leion', 'zcrm_6302359000000469001', 'Leion', 'zcrm_6302359000000469001', 'Leion', '2025-09-30 13:33:24', '2025-09-30 13:33:24', '2025-09-30 17:00:35', NULL, NULL, NULL, '斑兔工商办理', NULL, NULL, NULL, NULL, NULL, NULL, NULL, '[]', 0, NULL, NULL, NULL, '客户转介绍', NULL, '34901212-c52a-11f0-8cb1-cad6171ac9f8', NULL, 'own', 'individual', NULL, NULL, NULL, '2025-11-19 09:29:11', '2025-11-19 09:29:11'),
('34b35203-c52a-11f0-8cb1-cad6171ac9f8', 'zcrm_6302359000012634239', 'zcrm_6302359000000469001', 'Leion', 'zcrm_6302359000000469001', 'Leion', 'zcrm_6302359000000469001', 'Leion', '2025-09-30 17:02:57', '2025-09-30 17:02:57', '2025-11-03 18:10:39', NULL, NULL, NULL, '90001斑兔工商办理', NULL, NULL, NULL, NULL, NULL, NULL, NULL, '[]', 0, NULL, NULL, NULL, '客户转介绍', NULL, '34901212-c52a-11f0-8cb1-cad6171ac9f8', NULL, 'own', 'individual', NULL, NULL, NULL, '2025-11-19 09:29:11', '2025-11-19 09:29:11'),
('34b3a682-c52a-11f0-8cb1-cad6171ac9f8', 'zcrm_6302359000012711007', 'zcrm_6302359000000498001', 'fifi', 'zcrm_6302359000000498001', 'fifi', 'zcrm_6302359000000498001', 'fifi', '2025-10-02 16:45:15', '2025-10-02 16:45:15', '2025-10-29 20:29:09', NULL, NULL, NULL, '11202斑兔&顾总工作签', NULL, NULL, NULL, NULL, NULL, NULL, NULL, '[]', 0, NULL, NULL, NULL, '微信群', NULL, '3493efa1-c52a-11f0-8cb1-cad6171ac9f8', NULL, 'own', 'individual', NULL, NULL, NULL, '2025-11-19 09:29:11', '2025-11-19 09:29:11'),
('34b3eb5b-c52a-11f0-8cb1-cad6171ac9f8', 'zcrm_6302359000012745043', 'zcrm_6302359000000498001', 'fifi', 'zcrm_6302359000000498001', 'fifi', 'zcrm_6302359000000498001', 'fifi', '2025-10-06 11:58:34', '2025-10-06 11:58:34', '2025-10-29 20:26:35', NULL, NULL, NULL, '天成:签证业务群', NULL, NULL, NULL, NULL, NULL, NULL, NULL, '[]', 0, NULL, NULL, NULL, '微信群', NULL, '3493efa1-c52a-11f0-8cb1-cad6171ac9f8', NULL, 'own', 'individual', NULL, NULL, NULL, '2025-11-19 09:29:11', '2025-11-19 09:29:11'),
('34b43009-c52a-11f0-8cb1-cad6171ac9f8', 'zcrm_6302359000012745097', 'zcrm_6302359000000498001', 'fifi', 'zcrm_6302359000000498001', 'fifi', 'zcrm_6302359000000498001', 'fifi', '2025-10-06 12:00:59', '2025-10-06 12:00:59', '2025-10-10 16:29:47', NULL, NULL, NULL, '11207斑兔&潇湘签证办理', NULL, NULL, NULL, NULL, NULL, NULL, NULL, '[]', 0, NULL, NULL, NULL, '微信群', NULL, '3493efa1-c52a-11f0-8cb1-cad6171ac9f8', NULL, 'own', 'individual', NULL, NULL, NULL, '2025-11-19 09:29:11', '2025-11-19 09:29:11'),
('34b46a9c-c52a-11f0-8cb1-cad6171ac9f8', 'zcrm_6302359000012988131', 'zcrm_6302359000000498001', 'fifi', 'zcrm_6302359000000498001', 'fifi', 'zcrm_6302359000000498001', 'fifi', '2025-10-15 15:09:21', '2025-10-15 15:09:21', '2025-10-16 16:22:23', NULL, NULL, NULL, '印尼签证沟通群', NULL, NULL, NULL, NULL, NULL, NULL, NULL, '[]', 0, NULL, NULL, NULL, '微信群', NULL, '3493efa1-c52a-11f0-8cb1-cad6171ac9f8', NULL, 'own', 'individual', NULL, NULL, NULL, '2025-11-19 09:29:11', '2025-11-19 09:29:11'),
('34b4ace1-c52a-11f0-8cb1-cad6171ac9f8', 'zcrm_6302359000013036045', 'zcrm_6302359000000469001', 'Leion', 'zcrm_6302359000000469001', 'Leion', 'zcrm_6302359000000469001', 'Leion', '2025-10-16 19:09:21', '2025-10-16 19:09:21', '2025-11-03 17:33:36', NULL, NULL, NULL, '90009 斑兔&吴总 公司变更 PKP 投资签', NULL, NULL, NULL, NULL, NULL, NULL, NULL, '[]', 0, NULL, NULL, NULL, '客户转介绍', NULL, '34901212-c52a-11f0-8cb1-cad6171ac9f8', NULL, 'own', 'organization', NULL, NULL, NULL, '2025-11-19 09:29:11', '2025-11-19 09:29:11'),
('34b4f812-c52a-11f0-8cb1-cad6171ac9f8', 'zcrm_6302359000013061007', 'zcrm_6302359000000469001', 'Leion', 'zcrm_6302359000000469001', 'Leion', 'zcrm_6302359000000469001', 'Leion', '2025-10-17 16:52:01', '2025-10-24 18:19:50', '2025-11-03 19:11:35', NULL, NULL, NULL, '90003斑兔&公司注册&工厂落地', NULL, NULL, NULL, NULL, NULL, NULL, '办理人Carfen\\n 供应商HEMI NAINGGOLAN 推荐人Erdin）', '[]', 0, NULL, NULL, NULL, '客户转介绍', NULL, '34901212-c52a-11f0-8cb1-cad6171ac9f8', NULL, 'own', 'organization', NULL, NULL, NULL, '2025-11-19 09:29:11', '2025-11-19 09:29:11'),
('34b5350e-c52a-11f0-8cb1-cad6171ac9f8', 'zcrm_6302359000013082100', 'zcrm_6302359000000469001', 'Leion', 'zcrm_6302359000000469001', 'Leion', 'zcrm_6302359000000469001', 'Leion', '2025-10-20 14:31:31', '2025-10-20 14:31:31', '2025-10-21 11:14:21', NULL, NULL, NULL, '90010河北冶建&北京斑兔I印尼代表处', NULL, NULL, NULL, NULL, NULL, NULL, NULL, '[]', 0, NULL, NULL, NULL, '客户转介绍', NULL, '34901212-c52a-11f0-8cb1-cad6171ac9f8', NULL, 'own', 'individual', NULL, NULL, NULL, '2025-11-19 09:29:11', '2025-11-19 09:29:11'),
('34b578ca-c52a-11f0-8cb1-cad6171ac9f8', 'zcrm_6302359000013092302', 'zcrm_6302359000000498001', 'fifi', 'zcrm_6302359000000498001', 'fifi', 'zcrm_6302359000000498001', 'fifi', '2025-10-20 16:29:59', '2025-10-20 16:29:59', '2025-11-04 09:48:43', NULL, NULL, NULL, '11217斑兔&常总商务签办理', NULL, NULL, NULL, NULL, NULL, NULL, NULL, '[]', 0, NULL, NULL, NULL, '微信群', NULL, '3493efa1-c52a-11f0-8cb1-cad6171ac9f8', NULL, 'own', 'individual', NULL, NULL, NULL, '2025-11-19 09:29:11', '2025-11-19 09:29:11'),
('34b5bf22-c52a-11f0-8cb1-cad6171ac9f8', 'zcrm_6302359000013157173', 'zcrm_6302359000000498001', 'fifi', 'zcrm_6302359000000498001', 'fifi', 'zcrm_6302359000000498001', 'fifi', '2025-10-22 14:48:41', '2025-10-22 14:48:41', '2025-10-29 19:41:08', NULL, NULL, NULL, '11223斑兔&Jonathan变更签证', NULL, NULL, NULL, NULL, NULL, NULL, NULL, '[]', 0, NULL, NULL, NULL, '微信群', NULL, '3493efa1-c52a-11f0-8cb1-cad6171ac9f8', NULL, 'own', 'individual', NULL, NULL, NULL, '2025-11-19 09:29:11', '2025-11-19 09:29:11'),
('34b62141-c52a-11f0-8cb1-cad6171ac9f8', 'zcrm_6302359000013157316', 'zcrm_6302359000000498001', 'fifi', 'zcrm_6302359000000498001', 'fifi', 'zcrm_6302359000000498001', 'fifi', '2025-10-22 17:10:18', '2025-10-22 17:10:18', '2025-10-28 15:24:53', NULL, NULL, NULL, '11224斑兔&杨总续签', NULL, NULL, NULL, NULL, NULL, NULL, NULL, '[]', 0, NULL, NULL, NULL, '微信群', NULL, '3493efa1-c52a-11f0-8cb1-cad6171ac9f8', NULL, 'own', 'individual', NULL, NULL, NULL, '2025-11-19 09:29:11', '2025-11-19 09:29:11'),
('34b6829f-c52a-11f0-8cb1-cad6171ac9f8', 'zcrm_6302359000013224348', 'zcrm_6302359000000469001', 'Leion', 'zcrm_6302359000000469001', 'Leion', 'zcrm_6302359000000469001', 'Leion', '2025-10-24 14:41:29', '2025-10-24 14:41:29', '2025-11-03 17:34:24', NULL, NULL, NULL, '90008斑兔企服&萍乡辉煌工作签办理群', NULL, NULL, NULL, NULL, NULL, NULL, NULL, '[]', 0, NULL, NULL, NULL, '客户转介绍', NULL, '34901212-c52a-11f0-8cb1-cad6171ac9f8', NULL, 'own', 'individual', NULL, NULL, NULL, '2025-11-19 09:29:11', '2025-11-19 09:29:11'),
('34b6ce19-c52a-11f0-8cb1-cad6171ac9f8', 'zcrm_6302359000013224525', 'zcrm_6302359000000469001', 'Leion', 'zcrm_6302359000000469001', 'Leion', 'zcrm_6302359000000469001', 'Leion', '2025-10-24 18:38:46', '2025-10-24 18:38:46', '2025-10-29 15:34:07', NULL, NULL, NULL, '90011京鹏&斑兔I本地建筑公司', NULL, NULL, NULL, NULL, NULL, NULL, NULL, '[]', 0, NULL, NULL, NULL, '客户转介绍', NULL, '34901212-c52a-11f0-8cb1-cad6171ac9f8', NULL, 'own', 'organization', NULL, NULL, NULL, '2025-11-19 09:29:11', '2025-11-19 09:29:11'),
('34b725e9-c52a-11f0-8cb1-cad6171ac9f8', 'zcrm_6302359000013287145', 'zcrm_6302359000000498001', 'fifi', 'zcrm_6302359000000498001', 'fifi', 'zcrm_6302359000000498001', 'fifi', '2025-10-27 14:19:28', '2025-10-27 14:19:28', '2025-10-29 10:27:19', NULL, NULL, NULL, '斑兔企服&办理印尼人护照', NULL, NULL, NULL, NULL, NULL, NULL, NULL, '[]', 0, NULL, NULL, NULL, '微信群', NULL, '3493efa1-c52a-11f0-8cb1-cad6171ac9f8', NULL, 'own', 'individual', NULL, NULL, NULL, '2025-11-19 09:29:11', '2025-11-19 09:29:11'),
('34b77aaa-c52a-11f0-8cb1-cad6171ac9f8', 'zcrm_6302359000013317110', 'zcrm_6302359000000469001', 'Leion', 'zcrm_6302359000000469001', 'Leion', 'zcrm_6302359000000469001', 'Leion', '2025-10-28 14:39:55', '2025-10-28 14:39:55', '2025-11-01 14:22:50', NULL, NULL, NULL, '11225印尼本土公司证件办理', NULL, NULL, NULL, NULL, NULL, NULL, NULL, '[]', 0, NULL, NULL, NULL, '微信群', NULL, '3493efa1-c52a-11f0-8cb1-cad6171ac9f8', NULL, 'own', 'organization', NULL, NULL, NULL, '2025-11-19 09:29:11', '2025-11-19 09:29:11'),
('34b7c289-c52a-11f0-8cb1-cad6171ac9f8', 'zcrm_6302359000013348003', 'zcrm_6302359000000498001', 'fifi', 'zcrm_6302359000000498001', 'fifi', 'zcrm_6302359000000498001', 'fifi', '2025-10-29 09:37:34', '2025-10-29 09:37:34', '2025-10-30 17:06:58', NULL, NULL, NULL, '11228斑兔&Michael商务签', NULL, NULL, NULL, NULL, NULL, NULL, NULL, '[]', 0, NULL, NULL, NULL, '微信群', NULL, '3493efa1-c52a-11f0-8cb1-cad6171ac9f8', NULL, 'own', 'individual', NULL, NULL, NULL, '2025-11-19 09:29:11', '2025-11-19 09:29:11'),
('34b7fc8d-c52a-11f0-8cb1-cad6171ac9f8', 'zcrm_6302359000013384125', 'zcrm_6302359000000469001', 'Leion', 'zcrm_6302359000000469001', 'Leion', 'zcrm_6302359000000469001', 'Leion', '2025-10-29 16:30:17', '2025-10-29 16:30:17', NULL, NULL, NULL, NULL, '11176斑兔&吴总 财税托管', NULL, NULL, NULL, NULL, NULL, NULL, NULL, '[]', 0, NULL, NULL, NULL, '微信群', NULL, '3493efa1-c52a-11f0-8cb1-cad6171ac9f8', NULL, 'own', 'individual', NULL, NULL, NULL, '2025-11-19 09:29:11', '2025-11-19 09:29:11'),
('34b84ef2-c52a-11f0-8cb1-cad6171ac9f8', 'zcrm_6302359000013416176', 'zcrm_6302359000000498001', 'fifi', 'zcrm_6302359000000498001', 'fifi', 'zcrm_6302359000000498001', 'fifi', '2025-10-30 17:39:21', '2025-10-30 17:39:21', '2025-10-31 11:47:21', NULL, NULL, NULL, '渠道合作 鸿图&斑兔企服', NULL, NULL, NULL, NULL, NULL, NULL, NULL, '[]', 0, NULL, NULL, NULL, '微信群', NULL, '3493efa1-c52a-11f0-8cb1-cad6171ac9f8', NULL, 'own', 'individual', NULL, NULL, NULL, '2025-11-19 09:29:11', '2025-11-19 09:29:11'),
('34b88b23-c52a-11f0-8cb1-cad6171ac9f8', 'zcrm_6302359000013536045', 'zcrm_6302359000000498001', 'fifi', 'zcrm_6302359000000498001', 'fifi', 'zcrm_6302359000000498001', 'fifi', '2025-11-03 14:53:18', '2025-11-03 14:53:18', '2025-11-04 14:34:52', NULL, NULL, NULL, '11226斑兔&软通D2办理', NULL, NULL, NULL, NULL, NULL, NULL, NULL, '[]', 0, NULL, NULL, NULL, '微信群', NULL, '3493efa1-c52a-11f0-8cb1-cad6171ac9f8', NULL, 'own', 'individual', NULL, NULL, NULL, '2025-11-19 09:29:11', '2025-11-19 09:29:11');

INSERT INTO `follow_up_statuses` (`id`, `code`, `name_zh`, `name_id`, `sort_order`, `is_active`, `description_zh`, `description_id`, `created_at`, `updated_at`) VALUES
('a4abb739-c9ea-11f0-8cb1-cad6171ac9f8', '1', '需求澄清', 'Klarisifikasi Kebutuhan', 1, 1, '需求澄清', 'Klarisifikasi Kebutuhan', '2025-11-25 10:36:47', '2025-11-25 10:36:47'),
('a4abcc08-c9ea-11f0-8cb1-cad6171ac9f8', '2', '价格谈判', 'Negosiasi Harga', 2, 1, '价格谈判', 'Negosiasi Harga', '2025-11-25 10:36:47', '2025-11-25 10:36:47'),
('a4abcd0d-c9ea-11f0-8cb1-cad6171ac9f8', '3', '合同签署', 'Penandatanganan Kontrak', 3, 1, '合同签署', 'Penandatanganan Kontrak', '2025-11-25 10:36:47', '2025-11-25 10:36:47'),
('a4abcd78-c9ea-11f0-8cb1-cad6171ac9f8', '4', '服务执行', 'Pelaksanaan Layanan', 4, 1, '服务执行', 'Pelaksanaan Layanan', '2025-11-25 10:36:47', '2025-11-25 10:36:47'),
('a4abcdd8-c9ea-11f0-8cb1-cad6171ac9f8', '5', '服务完成', 'Layanan Selesai', 5, 1, '服务完成', 'Layanan Selesai', '2025-11-25 10:36:47', '2025-11-25 10:36:47');

INSERT INTO `menu_permissions` (`menu_id`, `permission_id`, `created_at`) VALUES
('1ce28a0c-c7c6-11f0-8cb1-cad6171ac9f8', '1cbd71c7-c7c6-11f0-8cb1-cad6171ac9f8', '2025-11-22 17:10:15'),
('1ce28c15-c7c6-11f0-8cb1-cad6171ac9f8', '1cbd47b4-c7c6-11f0-8cb1-cad6171ac9f8', '2025-11-22 17:10:15'),
('1ce28d34-c7c6-11f0-8cb1-cad6171ac9f8', '1cbd819f-c7c6-11f0-8cb1-cad6171ac9f8', '2025-11-22 17:10:15'),
('1ce28e8a-c7c6-11f0-8cb1-cad6171ac9f8', '1cbd735f-c7c6-11f0-8cb1-cad6171ac9f8', '2025-11-22 17:10:15'),
('1ce28fb9-c7c6-11f0-8cb1-cad6171ac9f8', '1cbdc827-c7c6-11f0-8cb1-cad6171ac9f8', '2025-11-22 17:10:15'),
('1ce290e8-c7c6-11f0-8cb1-cad6171ac9f8', '1cbdca05-c7c6-11f0-8cb1-cad6171ac9f8', '2025-11-22 17:10:15'),
('1ce291ac-c7c6-11f0-8cb1-cad6171ac9f8', '1cbdd193-c7c6-11f0-8cb1-cad6171ac9f8', '2025-11-22 17:10:15'),
('1ce2f58b-c7c6-11f0-8cb1-cad6171ac9f8', '1cbdcb4a-c7c6-11f0-8cb1-cad6171ac9f8', '2025-11-22 17:10:15'),
('1ce2f765-c7c6-11f0-8cb1-cad6171ac9f8', '1cbdd46b-c7c6-11f0-8cb1-cad6171ac9f8', '2025-11-22 17:10:15'),
('1ce2f85f-c7c6-11f0-8cb1-cad6171ac9f8', '1cbdd299-c7c6-11f0-8cb1-cad6171ac9f8', '2025-11-22 17:10:15'),
('1ce2f9d0-c7c6-11f0-8cb1-cad6171ac9f8', '1cbdd7c2-c7c6-11f0-8cb1-cad6171ac9f8', '2025-11-22 17:10:15'),
('1ce2fb2a-c7c6-11f0-8cb1-cad6171ac9f8', '1cbdd543-c7c6-11f0-8cb1-cad6171ac9f8', '2025-11-22 17:10:15'),
('1ce2fc59-c7c6-11f0-8cb1-cad6171ac9f8', '1cbdd93b-c7c6-11f0-8cb1-cad6171ac9f8', '2025-11-22 17:10:15'),
('1ce2fd36-c7c6-11f0-8cb1-cad6171ac9f8', '1cbddaf3-c7c6-11f0-8cb1-cad6171ac9f8', '2025-11-22 17:10:15'),
('1ce2fd36-c7c6-11f0-8cb1-cad6171ac9f8', '1cbddb6d-c7c6-11f0-8cb1-cad6171ac9f8', '2025-11-22 17:10:15'),
('1ce2febd-c7c6-11f0-8cb1-cad6171ac9f8', '1cbddbec-c7c6-11f0-8cb1-cad6171ac9f8', '2025-11-22 17:10:15'),
('1ce2febd-c7c6-11f0-8cb1-cad6171ac9f8', '1cbddca6-c7c6-11f0-8cb1-cad6171ac9f8', '2025-11-22 17:10:15'),
('1ce2ffd8-c7c6-11f0-8cb1-cad6171ac9f8', '1cbde2a9-c7c6-11f0-8cb1-cad6171ac9f8', '2025-11-22 17:10:15'),
('1ce300b4-c7c6-11f0-8cb1-cad6171ac9f8', '1cbdcae3-c7c6-11f0-8cb1-cad6171ac9f8', '2025-11-22 17:10:15'),
('1ce301df-c7c6-11f0-8cb1-cad6171ac9f8', '1cbdca05-c7c6-11f0-8cb1-cad6171ac9f8', '2025-11-22 17:10:15');

INSERT INTO `menus` (`id`, `code`, `name_zh`, `name_id`, `description_zh`, `description_id`, `parent_id`, `path`, `component`, `icon`, `display_order`, `is_active`, `is_visible`, `created_at`, `updated_at`) VALUES
('1ce26eda-c7c6-11f0-8cb1-cad6171ac9f8', 'dashboard', '工作台', 'Dashboard', '工作台首页', 'Halaman dashboard', NULL, '/dashboard', 'Dashboard', 'dashboard', 10, 1, 1, '2025-11-22 17:10:15', '2025-11-22 17:10:15'),
('1ce28191-c7c6-11f0-8cb1-cad6171ac9f8', 'user-management', '用户管理', 'Manajemen Pengguna', '用户管理模块', 'Modul manajemen pengguna', NULL, '/users', NULL, 'user', 100, 1, 1, '2025-11-22 17:10:15', '2025-11-22 17:10:15'),
('1ce28354-c7c6-11f0-8cb1-cad6171ac9f8', 'organization-management', '组织管理', 'Manajemen Organisasi', '组织管理模块', 'Modul manajemen organisasi', NULL, '/organizations', NULL, 'team', 200, 1, 1, '2025-11-22 17:10:15', '2025-11-22 17:10:15'),
('1ce28446-c7c6-11f0-8cb1-cad6171ac9f8', 'role-management', '角色管理', 'Manajemen Peran', '角色管理模块', 'Modul manajemen peran', NULL, '/roles', NULL, 'safety', 300, 1, 1, '2025-11-22 17:10:15', '2025-11-22 17:10:15'),
('1ce285b0-c7c6-11f0-8cb1-cad6171ac9f8', 'lead-management', '线索管理', 'Manajemen Prospek', '线索管理模块', 'Modul manajemen prospek', NULL, '/leads', NULL, 'contacts', 400, 1, 1, '2025-11-22 17:10:15', '2025-11-22 17:10:15'),
('1ce28684-c7c6-11f0-8cb1-cad6171ac9f8', 'opportunity-management', '商机管理', 'Manajemen Peluang', '商机管理模块', 'Modul manajemen peluang', NULL, '/opportunities', NULL, 'project', 500, 1, 1, '2025-11-22 17:10:15', '2025-11-22 17:10:15'),
('1ce2874e-c7c6-11f0-8cb1-cad6171ac9f8', 'order-management', '订单管理', 'Manajemen Pesanan', '订单管理模块', 'Modul manajemen pesanan', NULL, '/orders', NULL, 'shopping', 600, 1, 1, '2025-11-22 17:10:15', '2025-11-22 17:10:15'),
('1ce28870-c7c6-11f0-8cb1-cad6171ac9f8', 'finance-management', '财务管理', 'Manajemen Keuangan', '财务管理模块', 'Modul manajemen keuangan', NULL, '/finance', NULL, 'dollar', 700, 1, 1, '2025-11-22 17:10:15', '2025-11-22 17:10:15'),
('1ce28946-c7c6-11f0-8cb1-cad6171ac9f8', 'system-management', '系统管理', 'Manajemen Sistem', '系统管理模块', 'Modul manajemen sistem', NULL, '/system', NULL, 'setting', 800, 1, 1, '2025-11-22 17:10:15', '2025-11-22 17:10:15'),
('1ce28a0c-c7c6-11f0-8cb1-cad6171ac9f8', 'user-list', '用户列表', 'Daftar Pengguna', '查看用户列表', 'Melihat daftar pengguna', '1ce28191-c7c6-11f0-8cb1-cad6171ac9f8', '/users/list', 'UserList', 'unordered-list', 110, 1, 1, '2025-11-22 17:10:15', '2025-11-22 17:10:15'),
('1ce28c15-c7c6-11f0-8cb1-cad6171ac9f8', 'user-create', '创建用户', 'Buat Pengguna', '创建新用户', 'Membuat pengguna baru', '1ce28191-c7c6-11f0-8cb1-cad6171ac9f8', '/users/create', 'UserCreate', 'user-add', 120, 1, 1, '2025-11-22 17:10:15', '2025-11-22 17:10:15'),
('1ce28d34-c7c6-11f0-8cb1-cad6171ac9f8', 'organization-list', '组织列表', 'Daftar Organisasi', '查看组织列表', 'Melihat daftar organisasi', '1ce28354-c7c6-11f0-8cb1-cad6171ac9f8', '/organizations/list', 'OrganizationList', 'unordered-list', 210, 1, 1, '2025-11-22 17:10:15', '2025-11-22 17:10:15'),
('1ce28e8a-c7c6-11f0-8cb1-cad6171ac9f8', 'organization-create', '创建组织', 'Buat Organisasi', '创建新组织', 'Membuat organisasi baru', '1ce28354-c7c6-11f0-8cb1-cad6171ac9f8', '/organizations/create', 'OrganizationCreate', 'team-add', 220, 1, 1, '2025-11-22 17:10:15', '2025-11-22 17:10:15'),
('1ce28fb9-c7c6-11f0-8cb1-cad6171ac9f8', 'role-list', '角色列表', 'Daftar Peran', '查看角色列表', 'Melihat daftar peran', '1ce28446-c7c6-11f0-8cb1-cad6171ac9f8', '/roles/list', 'RoleList', 'unordered-list', 310, 1, 1, '2025-11-22 17:10:15', '2025-11-22 17:10:15'),
('1ce290e8-c7c6-11f0-8cb1-cad6171ac9f8', 'role-permission', '角色权限', 'Izin Peran', '配置角色权限', 'Mengonfigurasi izin peran', '1ce28446-c7c6-11f0-8cb1-cad6171ac9f8', '/roles/permissions', 'RolePermission', 'safety-certificate', 320, 1, 1, '2025-11-22 17:10:15', '2025-11-22 17:10:15'),
('1ce291ac-c7c6-11f0-8cb1-cad6171ac9f8', 'lead-list', '线索列表', 'Daftar Prospek', '查看线索列表', 'Melihat daftar prospek', '1ce285b0-c7c6-11f0-8cb1-cad6171ac9f8', '/leads/list', 'LeadList', 'unordered-list', 410, 1, 1, '2025-11-22 17:10:15', '2025-11-22 17:10:15'),
('1ce2f58b-c7c6-11f0-8cb1-cad6171ac9f8', 'lead-create', '创建线索', 'Buat Prospek', '创建新线索', 'Membuat prospek baru', '1ce285b0-c7c6-11f0-8cb1-cad6171ac9f8', '/leads/create', 'LeadCreate', 'plus', 420, 1, 1, '2025-11-22 17:10:15', '2025-11-22 17:10:15'),
('1ce2f765-c7c6-11f0-8cb1-cad6171ac9f8', 'opportunity-list', '商机列表', 'Daftar Peluang', '查看商机列表', 'Melihat daftar peluang', '1ce28684-c7c6-11f0-8cb1-cad6171ac9f8', '/opportunities/list', 'OpportunityList', 'unordered-list', 510, 1, 1, '2025-11-22 17:10:15', '2025-11-22 17:10:15'),
('1ce2f85f-c7c6-11f0-8cb1-cad6171ac9f8', 'opportunity-create', '创建商机', 'Buat Peluang', '创建新商机', 'Membuat peluang baru', '1ce28684-c7c6-11f0-8cb1-cad6171ac9f8', '/opportunities/create', 'OpportunityCreate', 'plus', 520, 1, 1, '2025-11-22 17:10:15', '2025-11-22 17:10:15'),
('1ce2f9d0-c7c6-11f0-8cb1-cad6171ac9f8', 'order-list', '订单列表', 'Daftar Pesanan', '查看订单列表', 'Melihat daftar pesanan', '1ce2874e-c7c6-11f0-8cb1-cad6171ac9f8', '/orders/list', 'OrderList', 'unordered-list', 610, 1, 1, '2025-11-22 17:10:15', '2025-11-22 17:10:15'),
('1ce2fb2a-c7c6-11f0-8cb1-cad6171ac9f8', 'order-receive', '接收订单', 'Terima Pesanan', '接收新订单', 'Menerima pesanan baru', '1ce2874e-c7c6-11f0-8cb1-cad6171ac9f8', '/orders/receive', 'OrderReceive', 'inbox', 620, 1, 1, '2025-11-22 17:10:15', '2025-11-22 17:10:15'),
('1ce2fc59-c7c6-11f0-8cb1-cad6171ac9f8', 'order-track', '订单跟踪', 'Lacak Pesanan', '跟踪订单进度', 'Melacak kemajuan pesanan', '1ce2874e-c7c6-11f0-8cb1-cad6171ac9f8', '/orders/track', 'OrderTrack', 'radar-chart', 630, 1, 1, '2025-11-22 17:10:15', '2025-11-22 17:10:15'),
('1ce2fd36-c7c6-11f0-8cb1-cad6171ac9f8', 'finance-receivable', '应收帐款', 'Piutang Usaha', '管理应收帐款', 'Mengelola piutang usaha', '1ce28870-c7c6-11f0-8cb1-cad6171ac9f8', '/finance/receivable', 'FinanceReceivable', 'account-book', 710, 1, 1, '2025-11-22 17:10:15', '2025-11-22 17:10:15'),
('1ce2febd-c7c6-11f0-8cb1-cad6171ac9f8', 'finance-payable', '应付帐款', 'Hutang Usaha', '管理应付帐款', 'Mengelola hutang usaha', '1ce28870-c7c6-11f0-8cb1-cad6171ac9f8', '/finance/payable', 'FinancePayable', 'file-text', 720, 1, 1, '2025-11-22 17:10:15', '2025-11-22 17:10:15'),
('1ce2ffd8-c7c6-11f0-8cb1-cad6171ac9f8', 'finance-report', '财务报表', 'Laporan Keuangan', '查看财务报表', 'Melihat laporan keuangan', '1ce28870-c7c6-11f0-8cb1-cad6171ac9f8', '/finance/report', 'FinanceReport', 'bar-chart', 730, 1, 1, '2025-11-22 17:10:15', '2025-11-22 17:10:15'),
('1ce300b4-c7c6-11f0-8cb1-cad6171ac9f8', 'system-menu', '菜单管理', 'Manajemen Menu', '管理系统菜单', 'Mengelola menu sistem', '1ce28946-c7c6-11f0-8cb1-cad6171ac9f8', '/system/menus', 'SystemMenu', 'menu', 810, 1, 1, '2025-11-22 17:10:15', '2025-11-22 17:10:15'),
('1ce301df-c7c6-11f0-8cb1-cad6171ac9f8', 'system-permission', '权限管理', 'Manajemen Izin', '管理系统权限', 'Mengelola izin sistem', '1ce28946-c7c6-11f0-8cb1-cad6171ac9f8', '/system/permissions', 'SystemPermission', 'key', 820, 1, 1, '2025-11-22 17:10:15', '2025-11-22 17:10:15');

INSERT INTO `order_items` (`id`, `order_id`, `item_number`, `product_id`, `product_name_zh`, `product_name_id`, `product_code`, `service_type_id`, `service_type_name_zh`, `service_type_name_id`, `quantity`, `unit`, `unit_price`, `discount_amount`, `item_amount`, `currency_code`, `description_zh`, `description_id`, `requirements`, `expected_start_date`, `expected_completion_date`, `status`, `created_at`, `updated_at`) VALUES
('00e290e6-8cf9-4e5f-b68e-495dfdf64132', 'fec5ac25-5a53-44d8-8343-285e2172c372', 1, NULL, 'EVOA签证服务', 'Layanan Visa EVOA', NULL, NULL, NULL, NULL, 1, NULL, 300.00, 0.00, 300.00, 'CNY', NULL, NULL, NULL, NULL, NULL, 'pending', '2025-10-28 11:21:48', '2025-10-28 15:07:37'),
('038dfe5b-e132-4f08-b67e-7ed98d7150ff', '3559d96d-836a-4700-a849-236aea4784c1', 1, NULL, 'EVOA签证服务', 'Layanan Visa EVOA', NULL, NULL, NULL, NULL, 1, NULL, 350.00, 0.00, 350.00, 'CNY', NULL, NULL, NULL, NULL, NULL, 'pending', '2025-11-02 13:44:55', '2025-11-02 13:44:55'),
('03e5ce66-a188-425c-9427-84126e7895b1', '42a1706c-cfee-4de5-b9a0-40f9e711ccc6', 1, NULL, 'EVOA签证服务', 'Layanan Visa EVOA', NULL, NULL, NULL, NULL, 1, NULL, 375.00, 0.00, 375.00, 'CNY', NULL, NULL, NULL, NULL, NULL, 'pending', '2025-10-13 17:48:38', '2025-10-13 18:12:38'),
('056c59a2-3360-4d14-a002-79fa5c8b05f9', '6c3f297a-9df9-4611-8efe-4419ae38d7ab', 1, NULL, 'EVOA签证服务', 'Layanan Visa EVOA', NULL, NULL, NULL, NULL, 1, NULL, 700.00, 0.00, 700.00, 'CNY', NULL, NULL, NULL, NULL, NULL, 'pending', '2025-10-30 10:06:55', '2025-11-03 10:40:40'),
('06ca158e-7cd5-40bd-af44-f2802058fd2b', '732fc158-ef7a-40e3-b8d5-b23e3ab231c4', 1, NULL, 'EVOA签证服务', 'Layanan Visa EVOA', NULL, NULL, NULL, NULL, 1, NULL, 600000.00, 0.00, 600000.00, 'IDR', NULL, NULL, NULL, NULL, NULL, 'pending', '2025-10-09 10:25:17', '2025-10-09 15:15:03'),
('0b5a1b04-0ffb-431c-8ad3-55fbffa72b33', '70ffeac0-8bd0-45a4-bded-23ce1b42500c', 1, NULL, 'EVOA签证服务', 'Layanan Visa EVOA', NULL, NULL, NULL, NULL, 1, NULL, 700.00, 0.00, 700.00, 'CNY', NULL, NULL, NULL, NULL, NULL, 'pending', '2025-10-30 10:05:47', '2025-11-03 10:40:16'),
('0c589b3a-c9e5-4365-8f02-946ee0acd9e5', '8da6a035-2913-481b-9b80-4592000b70e7', 1, NULL, 'EVOA签证服务', 'Layanan Visa EVOA', NULL, NULL, NULL, NULL, 1, NULL, 375.00, 0.00, 375.00, 'CNY', NULL, NULL, NULL, NULL, NULL, 'pending', '2025-10-24 14:19:42', '2025-10-24 14:19:42'),
('0e72aaee-39fe-4e9b-9a5a-342725c798de', 'e1790a13-e912-4698-8d92-cec8ea6baabc', 1, NULL, 'EVOA签证服务', 'Layanan Visa EVOA', NULL, NULL, NULL, NULL, 1, NULL, 750000.00, 0.00, 750000.00, 'IDR', NULL, NULL, NULL, NULL, NULL, 'pending', '2025-10-14 15:44:57', '2025-10-22 14:16:24'),
('1b65e170-4751-42c6-a234-63a31b409cfb', '2bda4d83-76f6-4100-a771-840b4e9dcbce', 1, NULL, 'EVOA签证服务', 'Layanan Visa EVOA', NULL, NULL, NULL, NULL, 1, NULL, 300.00, 0.00, 300.00, 'CNY', NULL, NULL, NULL, NULL, NULL, 'pending', '2025-10-28 14:50:50', '2025-10-28 16:36:30'),
('1cf46938-8441-43a1-8218-d6de6bd6b1e6', '2b1b4915-7d57-4e69-8300-7eb58979bdd5', 1, NULL, 'EVOA签证服务', 'Layanan Visa EVOA', NULL, NULL, NULL, NULL, 1, NULL, 300.00, 0.00, 300.00, 'CNY', NULL, NULL, NULL, NULL, NULL, 'pending', '2025-10-26 14:36:44', '2025-10-26 14:36:44'),
('1ff0dab3-0e1a-432f-91db-2044650a5c73', '27abe658-af5b-4b70-ab1a-8628fdffd180', 1, NULL, 'EVOA签证服务', 'Layanan Visa EVOA', NULL, NULL, NULL, NULL, 1, NULL, 350.00, 0.00, 350.00, 'CNY', NULL, NULL, NULL, NULL, NULL, 'pending', '2025-10-31 11:26:18', '2025-10-31 11:26:18'),
('2601c429-3e25-4bfe-bd85-fe2f52909f73', 'f25aaf1a-9c9a-4b13-8b28-27f715033bf9', 1, NULL, 'EVOA签证服务', 'Layanan Visa EVOA', NULL, NULL, NULL, NULL, 1, NULL, 1400000.00, 0.00, 1400000.00, 'IDR', NULL, NULL, NULL, NULL, NULL, 'pending', '2025-10-06 17:06:09', '2025-10-09 15:23:44'),
('26d13ae5-c1a3-4daa-92ef-627eeca08beb', '349cd0fc-094f-4b1d-86b9-c84982ca4ea9', 1, NULL, 'EVOA签证服务', 'Layanan Visa EVOA', NULL, NULL, NULL, NULL, 1, NULL, 700.00, 0.00, 700.00, 'CNY', NULL, NULL, NULL, NULL, NULL, 'pending', '2025-09-25 15:35:31', '2025-09-26 14:40:45'),
('27a935e6-3b69-4d4b-b146-c914b9a01416', 'fdd34a63-0162-4a5b-bf91-3ce01f3e7589', 1, NULL, 'EVOA签证服务', 'Layanan Visa EVOA', NULL, NULL, NULL, NULL, 1, NULL, 700.00, 0.00, 700.00, 'CNY', NULL, NULL, NULL, NULL, NULL, 'pending', '2025-10-08 14:45:03', '2025-10-10 14:29:56'),
('2afaf7cc-1bd5-44b4-9d8f-f759cbcbc362', 'b7e5f8f9-8e49-4ac9-8d02-fd649df66735', 1, NULL, 'EVOA签证服务', 'Layanan Visa EVOA', NULL, NULL, NULL, NULL, 1, NULL, 375.00, 0.00, 375.00, 'CNY', NULL, NULL, NULL, NULL, NULL, 'pending', '2025-10-06 14:55:32', '2025-10-06 14:55:32'),
('2bd27a52-e3c5-49d5-b00e-0e723b4cbe89', '1c0eb93a-4a25-417c-8584-69451f064d26', 1, NULL, 'EVOA签证服务', 'Layanan Visa EVOA', NULL, NULL, NULL, NULL, 1, NULL, 300.00, 0.00, 300.00, 'CNY', NULL, NULL, NULL, NULL, NULL, 'pending', '2025-10-07 11:56:10', '2025-10-07 11:56:10'),
('2f7a9c35-8853-4bf6-af7b-34cfb62d9e7c', '51511a81-45f5-4932-bcd4-a94948abb044', 1, NULL, 'EVOA签证服务', 'Layanan Visa EVOA', NULL, NULL, NULL, NULL, 1, NULL, 330.00, 0.00, 330.00, 'CNY', NULL, NULL, NULL, NULL, NULL, 'pending', '2025-10-13 15:05:24', '2025-10-13 15:05:24'),
('3086408b-45a1-4bdb-bf39-e80dd5c0ebff', '4d8b60e7-67b0-447c-9628-b8ae1a3ec558', 1, NULL, 'EVOA签证服务', 'Layanan Visa EVOA', NULL, NULL, NULL, NULL, 1, NULL, 330.00, 0.00, 330.00, 'CNY', NULL, NULL, NULL, NULL, NULL, 'pending', '2025-10-13 15:02:20', '2025-10-13 15:02:20'),
('33f7bc34-f2a6-4fcf-b1f2-d3b527558c75', '539431d4-632c-4be4-9788-c8e9e5233ef2', 1, NULL, 'EVOA签证服务', 'Layanan Visa EVOA', NULL, NULL, NULL, NULL, 1, NULL, 375.00, 0.00, 375.00, 'CNY', NULL, NULL, NULL, NULL, NULL, 'pending', '2025-09-12 18:08:23', '2025-10-27 17:01:49'),
('35c52cff-d594-4585-b197-e2f5349a9588', 'b1704584-8bea-4f70-a72f-29b2116e03bc', 1, NULL, 'EVOA签证服务', 'Layanan Visa EVOA', NULL, NULL, NULL, NULL, 1, NULL, 300.00, 0.00, 300.00, 'CNY', NULL, NULL, NULL, NULL, NULL, 'pending', '2025-10-28 14:49:00', '2025-10-28 16:37:44'),
('39424637-ea7d-4536-a6a9-33cc10aec306', '43b46ca0-24af-47ad-8c89-4e0f420f0b8b', 1, NULL, 'EVOA签证服务', 'Layanan Visa EVOA', NULL, NULL, NULL, NULL, 1, NULL, 750000.00, 0.00, 750000.00, 'IDR', NULL, NULL, NULL, NULL, NULL, 'pending', '2025-10-14 15:44:00', '2025-10-22 14:16:53'),
('3a2020f6-18cf-4ee4-8498-b590aaa8980f', '22fe4c8f-bd22-407e-bac1-4705607dd274', 1, NULL, 'EVOA签证服务', 'Layanan Visa EVOA', NULL, NULL, NULL, NULL, 1, NULL, 174713805.00, 0.00, 174713805.00, 'IDR', NULL, NULL, NULL, NULL, NULL, 'pending', '2025-10-06 17:45:52', '2025-10-07 11:57:04'),
('3de1ba1c-81c6-4e68-8b06-d5253a562ea2', '8333d49f-111b-4b87-9519-453a0944403a', 1, NULL, 'EVOA签证服务', 'Layanan Visa EVOA', NULL, NULL, NULL, NULL, 1, NULL, 700.00, 0.00, 700.00, 'CNY', NULL, NULL, NULL, NULL, NULL, 'pending', '2025-10-08 17:08:25', '2025-10-09 15:15:33'),
('41514338-13da-4347-bb6d-39d01a183e83', 'c3ee52a7-159e-4959-abc1-74f706d1af6b', 1, NULL, 'EVOA签证服务', 'Layanan Visa EVOA', NULL, NULL, NULL, NULL, 1, NULL, 350.00, 0.00, 350.00, 'CNY', NULL, NULL, NULL, NULL, NULL, 'pending', '2025-10-31 11:25:08', '2025-10-31 11:25:08'),
('440cb114-6fb9-4111-a457-a22e0204daa5', '8d09f80a-9376-4129-a6e6-c18ccce40f24', 1, NULL, 'EVOA签证服务', 'Layanan Visa EVOA', NULL, NULL, NULL, NULL, 1, NULL, 375.00, 0.00, 375.00, 'CNY', NULL, NULL, NULL, NULL, NULL, 'pending', '2025-09-23 13:55:54', '2025-09-26 14:09:36'),
('44338e20-ac8a-454b-9632-0c9013d5a7c0', '5a1514ca-bab5-4350-8ab4-6095c4dad544', 1, NULL, 'EVOA签证服务', 'Layanan Visa EVOA', NULL, NULL, NULL, NULL, 1, NULL, 600000.00, 0.00, 600000.00, 'IDR', NULL, NULL, NULL, NULL, NULL, 'pending', '2025-10-21 18:12:38', '2025-10-21 18:12:38'),
('4567a6fd-4013-4bb6-8d3b-ffe4e2234297', '026d031b-ce39-4478-b630-7f2462f91ae5', 1, NULL, 'EVOA签证服务', 'Layanan Visa EVOA', NULL, NULL, NULL, NULL, 1, NULL, 750000.00, 0.00, 750000.00, 'IDR', NULL, NULL, NULL, NULL, NULL, 'pending', '2025-09-17 16:15:02', '2025-09-19 13:32:50'),
('45e86aae-0f88-4606-99f8-687f8c7f7355', 'a712a42f-5391-4120-aeac-2e8f8a644493', 1, NULL, 'EVOA签证服务', 'Layanan Visa EVOA', NULL, NULL, NULL, NULL, 1, NULL, 300.00, 0.00, 300.00, 'CNY', NULL, NULL, NULL, NULL, NULL, 'pending', '2025-10-09 10:26:51', '2025-10-09 10:26:51'),
('46247110-e44c-429f-a7aa-aad4c2f74788', 'a0174736-a40b-4281-8b2f-4cbd0f3592f2', 1, NULL, 'EVOA签证服务', 'Layanan Visa EVOA', NULL, NULL, NULL, NULL, 1, NULL, 375.00, 0.00, 375.00, 'CNY', NULL, NULL, NULL, NULL, NULL, 'pending', '2025-10-21 18:15:19', '2025-10-21 18:15:19'),
('479555b8-b45d-4e39-b02e-076581c6e712', '0035d062-c928-4a75-b208-5db7122fc157', 1, NULL, 'EVOA签证服务', 'Layanan Visa EVOA', NULL, NULL, NULL, NULL, 1, NULL, 300.00, 0.00, 300.00, 'CNY', NULL, NULL, NULL, NULL, NULL, 'pending', '2025-10-12 18:27:06', '2025-10-12 18:27:06'),
('4b3d73ec-b480-4859-b90f-6d4c5e273965', '2ae1d4e0-4e79-4ba3-a62b-d2bcf825b170', 1, NULL, 'EVOA签证服务', 'Layanan Visa EVOA', NULL, NULL, NULL, NULL, 1, NULL, 1400000.00, 0.00, 1400000.00, 'IDR', NULL, NULL, NULL, NULL, NULL, 'pending', '2025-09-17 16:04:21', '2025-09-19 17:22:04'),
('4c90d050-7d75-4684-8266-706bbf7e0e3d', '089108f1-13a8-4e6b-85c6-29318ca73ad9', 1, NULL, 'EVOA签证服务', 'Layanan Visa EVOA', NULL, NULL, NULL, NULL, 1, NULL, 750000.00, 0.00, 750000.00, 'IDR', NULL, NULL, NULL, NULL, NULL, 'pending', '2025-10-31 11:13:36', '2025-11-04 10:50:45'),
('4dfa8fce-e370-429d-8e6d-27990f4e88cb', 'f20e8e72-9efb-4b1a-a5b9-67773c7a3192', 1, NULL, 'EVOA签证服务', 'Layanan Visa EVOA', NULL, NULL, NULL, NULL, 1, NULL, 259.00, 0.00, 259.00, 'CNY', NULL, NULL, NULL, NULL, NULL, 'pending', '2025-10-28 16:06:57', '2025-10-29 14:32:13'),
('555fd612-41f5-4522-aeda-9130ac054189', '616e8da6-face-45c5-bcb4-b5581109a9d4', 1, NULL, 'EVOA签证服务', 'Layanan Visa EVOA', NULL, NULL, NULL, NULL, 1, NULL, 300.00, 0.00, 300.00, 'CNY', NULL, NULL, NULL, NULL, NULL, 'pending', '2025-09-29 11:29:55', '2025-09-29 11:49:24'),
('6092286b-17ad-44eb-b634-c7cb4b653f02', '41e37c93-a29d-4bf4-ba06-50f5ec69459c', 1, NULL, 'EVOA签证服务', 'Layanan Visa EVOA', NULL, NULL, NULL, NULL, 1, NULL, 330.00, 0.00, 330.00, 'CNY', NULL, NULL, NULL, NULL, NULL, 'pending', '2025-10-13 15:03:45', '2025-10-13 15:03:45'),
('6889f320-87d5-4fc3-af8e-f408f7e8bf19', '09c401cf-675b-48c7-ae90-6dc10eaad359', 1, NULL, 'EVOA签证服务', 'Layanan Visa EVOA', NULL, NULL, NULL, NULL, 1, NULL, 750.00, 0.00, 750.00, 'CNY', NULL, NULL, NULL, NULL, NULL, 'pending', '2025-10-24 14:52:30', '2025-11-03 10:59:43'),
('68db0ed7-dfcc-4a9d-96b7-de0c9af9d9c3', 'de91567f-0d44-43b1-aef7-f821e4d7c73d', 1, NULL, 'EVOA签证服务', 'Layanan Visa EVOA', NULL, NULL, NULL, NULL, 1, NULL, 330.00, 0.00, 330.00, 'CNY', NULL, NULL, NULL, NULL, NULL, 'pending', '2025-10-16 10:42:04', '2025-10-16 10:59:08'),
('6af5af1d-6d59-4081-a9e0-7f2657cd6b9e', '2946be3c-5736-4e5d-aab7-044506c41ab6', 1, NULL, 'EVOA签证服务', 'Layanan Visa EVOA', NULL, NULL, NULL, NULL, 1, NULL, 600000.00, 0.00, 600000.00, 'IDR', NULL, NULL, NULL, NULL, NULL, 'pending', '2025-09-23 13:54:36', '2025-10-06 10:14:30'),
('6b038c6d-c118-489b-971f-ba768bfb245f', 'a0787aa4-6ca0-49d4-b517-9c726d40a97c', 1, NULL, 'EVOA签证服务', 'Layanan Visa EVOA', NULL, NULL, NULL, NULL, 1, NULL, 375.00, 0.00, 375.00, 'CNY', NULL, NULL, NULL, NULL, NULL, 'pending', '2025-10-21 10:59:45', '2025-10-22 14:22:18'),
('6c8d4b18-a8cb-487e-a0a5-bca7fbe1c6bf', '1fbd369d-b2de-43dc-8378-0adf455d6275', 1, NULL, 'EVOA签证服务', 'Layanan Visa EVOA', NULL, NULL, NULL, NULL, 1, NULL, 350.00, 0.00, 350.00, 'CNY', NULL, NULL, NULL, NULL, NULL, 'pending', '2025-10-03 11:15:16', '2025-10-03 15:15:22'),
('6e520065-6b91-4f50-9af8-b27726d32127', '2f158e4c-f140-4a2f-9fc8-e2c7acc33681', 1, NULL, 'EVOA签证服务', 'Layanan Visa EVOA', NULL, NULL, NULL, NULL, 1, NULL, 375.00, 0.00, 375.00, 'CNY', NULL, NULL, NULL, NULL, NULL, 'pending', '2025-11-02 15:55:03', '2025-11-03 10:31:14'),
('6fa026dc-5d9e-40ff-93f9-e4e0e61e1f61', '6ad539e6-7740-4895-8baf-ac1fa6030115', 1, NULL, 'EVOA签证服务', 'Layanan Visa EVOA', NULL, NULL, NULL, NULL, 1, NULL, 375.00, 0.00, 375.00, 'CNY', NULL, NULL, NULL, NULL, NULL, 'pending', '2025-09-29 10:24:18', '2025-09-29 10:41:31'),
('722ee123-48c3-47f7-8814-8ee9c3806e35', '93abfb7f-7372-4012-9475-c06515c642f3', 1, NULL, 'EVOA签证服务', 'Layanan Visa EVOA', NULL, NULL, NULL, NULL, 1, NULL, 1400000.00, 0.00, 1400000.00, 'IDR', NULL, NULL, NULL, NULL, NULL, 'pending', '2025-09-11 12:25:37', '2025-09-11 12:25:37'),
('75d3bfa5-a7de-4ad7-b30f-89fa7c14274f', '33ca0e65-1277-4531-a157-199edc1dd74a', 1, NULL, 'EVOA签证服务', 'Layanan Visa EVOA', NULL, NULL, NULL, NULL, 1, NULL, 700.00, 0.00, 700.00, 'CNY', NULL, NULL, NULL, NULL, NULL, 'pending', '2025-10-30 10:01:58', '2025-10-30 10:01:58'),
('7790a31f-bc3e-4c16-aa28-a609df7daddc', '4fee2c8d-22f4-42eb-8d6b-117fa5dfb51a', 1, NULL, 'EVOA签证服务', 'Layanan Visa EVOA', NULL, NULL, NULL, NULL, 1, NULL, 300.00, 0.00, 300.00, 'CNY', NULL, NULL, NULL, NULL, NULL, 'pending', '2025-10-12 17:59:56', '2025-10-12 17:59:56'),
('78edc721-bd4f-4a39-9d5c-c52cb398e4fe', 'ef861c5e-f6eb-4a8b-916b-ce78be1ddea3', 1, NULL, 'EVOA签证服务', 'Layanan Visa EVOA', NULL, NULL, NULL, NULL, 1, NULL, 300.00, 0.00, 300.00, 'CNY', NULL, NULL, NULL, NULL, NULL, 'pending', '2025-10-07 11:55:09', '2025-10-07 12:08:48'),
('7948e3d6-d0c6-4c95-9a51-bfb5a278b520', 'ceec69a3-01ba-418c-ab68-000d6682e7bd', 1, NULL, 'EVOA签证服务', 'Layanan Visa EVOA', NULL, NULL, NULL, NULL, 1, NULL, 700.00, 0.00, 700.00, 'CNY', NULL, NULL, NULL, NULL, NULL, 'pending', '2025-09-11 12:27:11', '2025-09-11 12:27:11'),
('7b097003-ed00-4421-8632-cbf1abdd4190', 'bdc9e924-f1af-4da2-9e36-430cfc611f01', 1, NULL, 'EVOA签证服务', 'Layanan Visa EVOA', NULL, NULL, NULL, NULL, 1, NULL, 750000.00, 0.00, 750000.00, 'IDR', NULL, NULL, NULL, NULL, NULL, 'pending', '2025-09-24 11:45:24', '2025-09-24 11:45:24'),
('7ba61cae-91e2-4c7a-bf25-dbb9bc7df753', 'ceda7912-6970-4823-90a0-d9478ea4b714', 1, NULL, 'EVOA签证服务', 'Layanan Visa EVOA', NULL, NULL, NULL, NULL, 1, NULL, 300.00, 0.00, 300.00, 'CNY', NULL, NULL, NULL, NULL, NULL, 'pending', '2025-09-26 11:02:14', '2025-09-26 11:02:14'),
('7dd1628d-7062-403b-8123-2050983bb923', 'e0d99013-ceb6-4529-9e57-994ffa6cd08c', 1, NULL, 'EVOA签证服务', 'Layanan Visa EVOA', NULL, NULL, NULL, NULL, 1, NULL, 300.00, 0.00, 300.00, 'CNY', NULL, NULL, NULL, NULL, NULL, 'pending', '2025-09-26 10:57:53', '2025-09-26 11:00:24'),
('7ee5d2af-c140-47bb-a632-b07aebffef45', 'a7fe8969-7758-402d-8170-984c6789bf7c', 1, NULL, 'EVOA签证服务', 'Layanan Visa EVOA', NULL, NULL, NULL, NULL, 1, NULL, 600000.00, 0.00, 600000.00, 'IDR', NULL, NULL, NULL, NULL, NULL, 'pending', '2025-10-06 10:13:36', '2025-10-06 10:13:36'),
('81799ef5-ce6c-4fa7-9a7d-a1f708bc1cce', 'd5fc2028-2b25-406e-a12a-5a7ae00f3798', 1, NULL, 'EVOA签证服务', 'Layanan Visa EVOA', NULL, NULL, NULL, NULL, 1, NULL, 375.00, 0.00, 375.00, 'CNY', NULL, NULL, NULL, NULL, NULL, 'pending', '2025-09-29 10:40:30', '2025-09-29 11:50:28'),
('838e0b76-37e9-44b1-bcd5-194a1aa7831d', '0baf9b20-a40c-44c4-af82-3ffc44a47058', 1, NULL, 'EVOA签证服务', 'Layanan Visa EVOA', NULL, NULL, NULL, NULL, 1, NULL, 375.00, 0.00, 375.00, 'CNY', NULL, NULL, NULL, NULL, NULL, 'pending', '2025-09-19 10:21:49', '2025-09-19 11:01:59'),
('84abf0fa-b473-4184-ba7b-73ca7d9ec420', '677b3d85-7743-48e2-9948-4f9c976400ef', 1, NULL, 'EVOA签证服务', 'Layanan Visa EVOA', NULL, NULL, NULL, NULL, 1, NULL, 300.00, 0.00, 300.00, 'CNY', NULL, NULL, NULL, NULL, NULL, 'pending', '2025-10-20 15:16:19', '2025-10-20 16:09:32'),
('8b9bfcfb-3f13-42e1-985b-a34f962c8381', 'd33395e0-da2b-47bc-a7f8-602798544565', 1, NULL, 'EVOA签证服务', 'Layanan Visa EVOA', NULL, NULL, NULL, NULL, 1, NULL, 1700000.00, 0.00, 1700000.00, 'IDR', NULL, NULL, NULL, NULL, NULL, 'pending', '2025-11-03 11:04:51', '2025-11-03 11:04:51'),
('8f1fa2a8-40fa-4cca-8d7a-9d1e07a0a3d3', 'f2594b03-3ec3-4d85-a957-bd9aee5747f0', 1, NULL, 'EVOA签证服务', 'Layanan Visa EVOA', NULL, NULL, NULL, NULL, 1, NULL, 280.00, 0.00, 280.00, 'CNY', NULL, NULL, NULL, NULL, NULL, 'pending', '2025-10-12 00:10:46', '2025-10-12 00:10:46'),
('911e412d-8de1-41f6-9ce1-218908832fb0', 'c386be5e-b7f1-4312-a7e0-f453b0279ddc', 1, NULL, 'EVOA签证服务', 'Layanan Visa EVOA', NULL, NULL, NULL, NULL, 1, NULL, 300.00, 0.00, 300.00, 'CNY', NULL, NULL, NULL, NULL, NULL, 'pending', '2025-09-29 11:26:45', '2025-09-29 11:49:59'),
('96d579b1-6266-43f4-abf9-5b80b98d21fa', '1b3a1757-501e-425a-8426-976cae324235', 1, NULL, 'EVOA签证服务', 'Layanan Visa EVOA', NULL, NULL, NULL, NULL, 1, NULL, 380.00, 0.00, 380.00, 'CNY', NULL, NULL, NULL, NULL, NULL, 'pending', '2025-10-31 17:29:23', '2025-11-01 14:00:19'),
('9e1c3c75-c6cf-4e19-a394-c3ee4726a359', '47237b7e-c256-474f-b848-4b911dd244e3', 1, NULL, 'EVOA签证服务', 'Layanan Visa EVOA', NULL, NULL, NULL, NULL, 1, NULL, 1400000.00, 0.00, 1400000.00, 'IDR', NULL, NULL, NULL, NULL, NULL, 'pending', '2025-10-06 17:05:22', '2025-10-09 15:24:05'),
('9e2fa79a-126c-44bd-9c09-b3d5d7b85795', '98f5a5fa-1629-45e0-bbf2-91d0f53cd6d5', 1, NULL, 'EVOA签证服务', 'Layanan Visa EVOA', NULL, NULL, NULL, NULL, 1, NULL, 300.00, 0.00, 300.00, 'CNY', NULL, NULL, NULL, NULL, NULL, 'pending', '2025-10-28 14:52:25', '2025-10-28 16:36:06'),
('a10e8aae-270b-42e7-891c-b024255b7a28', 'f0ae703b-edbc-4aff-a76f-d2b507e2725a', 1, NULL, 'EVOA签证服务', 'Layanan Visa EVOA', NULL, NULL, NULL, NULL, 1, NULL, 350.00, 0.00, 350.00, 'CNY', NULL, NULL, NULL, NULL, NULL, 'pending', '2025-10-14 14:27:13', '2025-10-14 14:57:53'),
('a55a9ad8-9e5f-467f-89e5-2afd82903629', '25b249f5-4c2f-462c-a977-dedd19478cbf', 1, NULL, 'EVOA签证服务', 'Layanan Visa EVOA', NULL, NULL, NULL, NULL, 1, NULL, 350.00, 0.00, 350.00, 'CNY', NULL, NULL, NULL, NULL, NULL, 'pending', '2025-10-15 11:02:51', '2025-10-15 11:02:51'),
('a6beaa42-4c33-43e3-a640-fdb3ab06624d', '6347ef90-8809-421d-b352-fbd6fb9eb99f', 1, NULL, 'EVOA签证服务', 'Layanan Visa EVOA', NULL, NULL, NULL, NULL, 1, NULL, 750000.00, 0.00, 750000.00, 'IDR', NULL, NULL, NULL, NULL, NULL, 'pending', '2025-10-26 14:35:15', '2025-10-26 14:35:15'),
('aa84e704-1f47-42cc-b183-72eb6471454d', 'bf0aa6a1-68fa-4e40-81ee-12ff0c308c42', 1, NULL, 'EVOA签证服务', 'Layanan Visa EVOA', NULL, NULL, NULL, NULL, 1, NULL, 300.00, 0.00, 300.00, 'CNY', NULL, NULL, NULL, NULL, NULL, 'pending', '2025-10-12 18:40:35', '2025-10-12 18:40:35'),
('ac0ae3cc-0fcc-4389-983e-265aa9a02b7e', '10d61a1b-cda5-4f3c-a2f6-ca143b1857d1', 1, NULL, 'EVOA签证服务', 'Layanan Visa EVOA', NULL, NULL, NULL, NULL, 1, NULL, 375.00, 0.00, 375.00, 'CNY', NULL, NULL, NULL, NULL, NULL, 'pending', '2025-11-02 15:56:14', '2025-11-03 10:30:35'),
('adf1e16d-678c-432b-8654-17a1352ef6ec', '00f6f8d3-4137-4bad-a115-3056573e8c58', 1, NULL, 'EVOA签证服务', 'Layanan Visa EVOA', NULL, NULL, NULL, NULL, 1, NULL, 750000.00, 0.00, 750000.00, 'IDR', NULL, NULL, NULL, NULL, NULL, 'pending', '2025-09-20 12:28:57', '2025-09-20 12:28:57'),
('b1ed47f6-39d6-4553-a06d-88d10e46fbaa', '7235b6df-692b-4490-8033-f1692653fa33', 1, NULL, 'EVOA签证服务', 'Layanan Visa EVOA', NULL, NULL, NULL, NULL, 1, NULL, 815000.00, 0.00, 815000.00, 'IDR', NULL, NULL, NULL, NULL, NULL, 'pending', '2025-10-23 11:39:35', '2025-10-24 15:23:11'),
('b4afb4d6-7696-4fe4-bee5-21c5396e2a79', 'ed5b1fae-0a4c-4cb9-95bd-f77da3b94037', 1, NULL, 'EVOA签证服务', 'Layanan Visa EVOA', NULL, NULL, NULL, NULL, 1, NULL, 375.00, 0.00, 375.00, 'CNY', NULL, NULL, NULL, NULL, NULL, 'pending', '2025-11-02 15:53:40', '2025-11-03 10:31:32'),
('b83d382e-a4e9-497d-ad34-753bb09623e0', '0dcd0e49-3c86-4ad6-8d74-fc99d8367867', 1, NULL, 'EVOA签证服务', 'Layanan Visa EVOA', NULL, NULL, NULL, NULL, 1, NULL, 700.00, 0.00, 700.00, 'CNY', NULL, NULL, NULL, NULL, NULL, 'pending', '2025-10-07 18:33:03', '2025-10-07 18:33:03'),
('bae18c70-7380-42f6-a084-2942de59f12e', '83a57569-7534-45d8-b3ef-d64dfbd04536', 1, NULL, 'EVOA签证服务', 'Layanan Visa EVOA', NULL, NULL, NULL, NULL, 1, NULL, 700.00, 0.00, 700.00, 'CNY', NULL, NULL, NULL, NULL, NULL, 'pending', '2025-10-14 15:14:34', '2025-10-20 11:09:21'),
('c0a12039-f6c9-4ebb-a920-4211454a6ca9', '99e44373-6cdb-40de-b0d7-ba5d5d337874', 1, NULL, 'EVOA签证服务', 'Layanan Visa EVOA', NULL, NULL, NULL, NULL, 1, NULL, 860000.00, 0.00, 860000.00, 'IDR', NULL, NULL, NULL, NULL, NULL, 'pending', '2025-09-12 15:11:58', '2025-09-12 18:13:08'),
('c0fff794-333e-4a03-a955-13972de9a247', '7ea8b972-ee6d-49aa-b061-d066e2ffc469', 1, NULL, 'EVOA签证服务', 'Layanan Visa EVOA', NULL, NULL, NULL, NULL, 1, NULL, 350.00, 0.00, 350.00, 'CNY', NULL, NULL, NULL, NULL, NULL, 'pending', '2025-10-20 15:52:05', '2025-10-20 15:57:30'),
('c13884cb-b65d-450b-ac43-e870b1acd730', '5591bde3-a0c0-4f29-92b8-dc1f75942613', 1, NULL, 'EVOA签证服务', 'Layanan Visa EVOA', NULL, NULL, NULL, NULL, 1, NULL, 375.00, 0.00, 375.00, 'CNY', NULL, NULL, NULL, NULL, NULL, 'pending', '2025-09-29 10:26:07', '2025-09-29 10:42:14'),
('c3c34eba-6056-4a83-98d9-d6fe9735c799', '19ef98b9-1c4a-40ce-86aa-ae9a46dc8351', 1, NULL, 'EVOA签证服务', 'Layanan Visa EVOA', NULL, NULL, NULL, NULL, 1, NULL, 750000.00, 0.00, 750000.00, 'IDR', NULL, NULL, NULL, NULL, NULL, 'pending', '2025-10-16 22:34:32', '2025-10-24 15:51:38'),
('c5064189-e318-4d31-ad58-580a1a7703dc', '9e0a8603-0463-4029-a009-557031aede0c', 1, NULL, 'EVOA签证服务', 'Layanan Visa EVOA', NULL, NULL, NULL, NULL, 1, NULL, 375.00, 0.00, 375.00, 'CNY', NULL, NULL, NULL, NULL, NULL, 'pending', '2025-10-22 12:47:22', '2025-10-22 12:47:22'),
('cac7fe67-95ac-4a6a-93d4-c531e0e03476', 'e29dca3d-013c-43e9-b35f-98a1c3f3ff51', 1, NULL, 'EVOA签证服务', 'Layanan Visa EVOA', NULL, NULL, NULL, NULL, 1, NULL, 750000.00, 0.00, 750000.00, 'IDR', NULL, NULL, NULL, NULL, NULL, 'pending', '2025-09-16 12:04:16', '2025-09-17 13:52:55'),
('cd7f6f94-929e-4163-8f7a-7867cc448e8e', '7a7d52a2-c01b-4db7-a7d4-c78c915da095', 1, NULL, 'EVOA签证服务', 'Layanan Visa EVOA', NULL, NULL, NULL, NULL, 1, NULL, 1400000.00, 0.00, 1400000.00, 'IDR', NULL, NULL, NULL, NULL, NULL, 'pending', '2025-09-17 16:06:07', '2025-09-19 17:22:55'),
('d25c3c26-b7fe-4fc0-8d43-67dbeea9c72c', '37145a95-0ebb-4b47-94df-796a226e1e9b', 1, NULL, 'EVOA签证服务', 'Layanan Visa EVOA', NULL, NULL, NULL, NULL, 1, NULL, 750000.00, 0.00, 750000.00, 'IDR', NULL, NULL, NULL, NULL, NULL, 'pending', '2025-10-16 10:57:41', '2025-10-16 13:19:26'),
('d6248ac3-9598-4201-9fef-058dfc342676', '48986e38-2ef0-4a9f-a424-2f8d2e7d1a62', 1, NULL, 'EVOA签证服务', 'Layanan Visa EVOA', NULL, NULL, NULL, NULL, 1, NULL, 750000.00, 0.00, 750000.00, 'IDR', NULL, NULL, NULL, NULL, NULL, 'pending', '2025-10-15 14:44:40', '2025-10-23 15:21:50'),
('d65bd33b-14bc-4e00-b15b-360a0eebe6e9', 'ed3ba9ed-5475-4c11-a98c-6b01218f395c', 1, NULL, 'EVOA签证服务', 'Layanan Visa EVOA', NULL, NULL, NULL, NULL, 1, NULL, 259.00, 0.00, 259.00, 'CNY', NULL, NULL, NULL, NULL, NULL, 'pending', '2025-10-29 14:29:56', '2025-10-29 14:29:56'),
('d672b9ad-4c25-4e6c-8773-bf046eeb0309', 'e48e19df-47d6-41ae-a4a7-d51d4e9ea4c9', 1, NULL, 'EVOA签证服务', 'Layanan Visa EVOA', NULL, NULL, NULL, NULL, 1, NULL, 300.00, 0.00, 300.00, 'CNY', NULL, NULL, NULL, NULL, NULL, 'pending', '2025-09-11 16:07:36', '2025-09-11 16:35:57'),
('d815cbba-b529-4cc8-98f6-cd7b5de6b7b9', '16207aed-cdf7-45ce-a880-ea33a372bcd4', 1, NULL, 'EVOA签证服务', 'Layanan Visa EVOA', NULL, NULL, NULL, NULL, 1, NULL, 700000.00, 0.00, 700000.00, 'IDR', NULL, NULL, NULL, NULL, NULL, 'pending', '2025-10-14 14:29:47', '2025-10-14 15:45:30'),
('d8f8730d-633c-4708-a1b7-b6b24154b71b', '9df082bc-7d01-4146-bb9a-b0cb408a29c1', 1, NULL, 'EVOA签证服务', 'Layanan Visa EVOA', NULL, NULL, NULL, NULL, 1, NULL, 300.00, 0.00, 300.00, 'CNY', NULL, NULL, NULL, NULL, NULL, 'pending', '2025-10-12 18:09:49', '2025-10-12 18:09:49'),
('df1ea945-1ab2-4288-9a11-94355070feb4', 'e1b1a916-0ddb-4153-b12a-43f01b50708e', 1, NULL, 'EVOA签证服务', 'Layanan Visa EVOA', NULL, NULL, NULL, NULL, 1, NULL, 300.00, 0.00, 300.00, 'CNY', NULL, NULL, NULL, NULL, NULL, 'pending', '2025-10-28 14:53:24', '2025-10-28 16:35:54'),
('e22e4fa4-c8c1-40b0-b036-de811f92a443', 'bb45d75f-1555-413e-bde5-dbe1756bfe05', 1, NULL, 'EVOA签证服务', 'Layanan Visa EVOA', NULL, NULL, NULL, NULL, 1, NULL, 300.00, 0.00, 300.00, 'CNY', NULL, NULL, NULL, NULL, NULL, 'pending', '2025-10-28 16:39:33', '2025-10-28 16:39:33'),
('e473a21e-146c-4265-8f21-90ffc9aab9a5', 'c7889b87-17e3-44d7-bed6-c9ec22279c54', 1, NULL, 'EVOA签证服务', 'Layanan Visa EVOA', NULL, NULL, NULL, NULL, 1, NULL, 280.00, 0.00, 280.00, 'CNY', NULL, NULL, NULL, NULL, NULL, 'pending', '2025-10-09 10:23:33', '2025-10-09 10:23:33'),
('e5788561-416e-4908-a466-285a26e645d9', '553eb121-15cb-4bdb-961d-0dfcdd09a851', 1, NULL, 'EVOA签证服务', 'Layanan Visa EVOA', NULL, NULL, NULL, NULL, 1, NULL, 300.00, 0.00, 300.00, 'CNY', NULL, NULL, NULL, NULL, NULL, 'pending', '2025-10-02 15:20:45', '2025-10-02 15:34:35'),
('e790aa5d-de1b-4057-be77-4f1dd71c1907', 'cdee8f98-5e70-401e-b930-db7ba955a2ee', 1, NULL, 'EVOA签证服务', 'Layanan Visa EVOA', NULL, NULL, NULL, NULL, 1, NULL, 750.00, 0.00, 750.00, 'CNY', NULL, NULL, NULL, NULL, NULL, 'pending', '2025-10-24 14:53:29', '2025-11-03 11:00:49'),
('e87d3671-e013-4af3-a2e0-94957b0f8843', '766bac66-a06a-4154-82de-29b5ceefddac', 1, NULL, 'EVOA签证服务', 'Layanan Visa EVOA', NULL, NULL, NULL, NULL, 1, NULL, 1700000.00, 0.00, 1700000.00, 'IDR', NULL, NULL, NULL, NULL, NULL, 'pending', '2025-10-06 17:52:27', '2025-10-08 10:22:23'),
('e8ad70a2-7c46-4b76-ac97-36a5c749a705', '57256c5a-28e5-41e3-9680-5b8e63e8c7df', 1, NULL, 'EVOA签证服务', 'Layanan Visa EVOA', NULL, NULL, NULL, NULL, 1, NULL, 375.00, 0.00, 375.00, 'CNY', NULL, NULL, NULL, NULL, NULL, 'pending', '2025-10-21 19:35:57', '2025-10-21 19:53:38'),
('f0af9cb1-9d75-429b-b188-19de3df0e950', 'bc340cf3-ca91-441d-9809-e7fa269e4bdf', 1, NULL, 'EVOA签证服务', 'Layanan Visa EVOA', NULL, NULL, NULL, NULL, 1, NULL, 700.00, 0.00, 700.00, 'CNY', NULL, NULL, NULL, NULL, NULL, 'pending', '2025-10-27 17:21:30', '2025-10-27 17:21:30'),
('f42561a5-cb5f-4851-9c8b-4a42d0e41be5', '409dd1cf-4b38-45f6-944d-766b45d01d5b', 1, NULL, 'EVOA签证服务', 'Layanan Visa EVOA', NULL, NULL, NULL, NULL, 1, NULL, 750000.00, 0.00, 750000.00, 'IDR', NULL, NULL, NULL, NULL, NULL, 'pending', '2025-10-16 19:19:35', '2025-10-16 19:33:06'),
('f96bdec6-196e-48e4-ac79-c23ca8951363', '1b28aea2-23f5-48c5-b124-3316b771ae10', 1, NULL, 'EVOA签证服务', 'Layanan Visa EVOA', NULL, NULL, NULL, NULL, 1, NULL, 280.00, 0.00, 280.00, 'CNY', NULL, NULL, NULL, NULL, NULL, 'pending', '2025-09-30 10:43:24', '2025-09-30 11:30:29'),
('fc1d6a2a-d2b6-4ecd-940c-f677e76d4d10', 'ea316193-b737-4069-9116-b50f37d4bc4f', 1, NULL, 'EVOA签证服务', 'Layanan Visa EVOA', NULL, NULL, NULL, NULL, 1, NULL, 860000.00, 0.00, 860000.00, 'IDR', NULL, NULL, NULL, NULL, NULL, 'pending', '2025-09-12 15:14:45', '2025-09-12 18:10:23');

INSERT INTO `order_statuses` (`id`, `code`, `name`, `description`, `display_order`, `is_active`, `created_at`, `updated_at`) VALUES
('d34d5226-c206-11f0-b41d-06091ff37b5e', 'draft', '草稿', '订单草稿，未提交', 1, 1, '2025-11-15 09:38:21', '2025-11-15 09:38:21'),
('d34d5258-c206-11f0-b41d-06091ff37b5e', 'submitted', '已提交', '订单已提交，待接单', 2, 1, '2025-11-15 09:38:21', '2025-11-15 09:38:21'),
('d34d5271-c206-11f0-b41d-06091ff37b5e', 'assigned', '已分配', '已分配给做单人员', 3, 1, '2025-11-15 09:38:21', '2025-11-15 09:38:21'),
('d34d5284-c206-11f0-b41d-06091ff37b5e', 'in_progress', '进行中', '做单进行中', 4, 1, '2025-11-15 09:38:21', '2025-11-15 09:38:21'),
('d34d5296-c206-11f0-b41d-06091ff37b5e', 'pending_review', '待审核', '待审核交付物', 5, 1, '2025-11-15 09:38:21', '2025-11-15 09:38:21'),
('d34d52a5-c206-11f0-b41d-06091ff37b5e', 'completed', '已完成', '订单已完成', 6, 1, '2025-11-15 09:38:21', '2025-11-15 09:38:21'),
('d34d52b5-c206-11f0-b41d-06091ff37b5e', 'cancelled', '已取消', '订单已取消', 7, 1, '2025-11-15 09:38:21', '2025-11-15 09:38:21'),
('d34d52c4-c206-11f0-b41d-06091ff37b5e', 'on_hold', '暂停', '订单暂停', 8, 1, '2025-11-15 09:38:21', '2025-11-15 09:38:21');
INSERT INTO `orders` (`id`, `order_number`, `title`, `customer_id`, `product_id`, `product_name`, `sales_user_id`, `sales_username`, `quantity`, `unit_price`, `total_amount`, `currency_code`, `discount_amount`, `final_amount`, `status_id`, `status_code`, `expected_start_date`, `expected_completion_date`, `actual_start_date`, `actual_completion_date`, `customer_notes`, `internal_notes`, `requirements`, `created_by`, `updated_by`, `created_at`, `updated_at`, `service_record_id`, `workflow_instance_id`, `entry_city`, `passport_id`, `processor`, `exchange_rate`) VALUES
('0035d062-c928-4a75-b208-5db7122fc157', 'EVOA-0012881053', '王浩/Su(300湖北对公收款/已收)', '4670c39f-f7a7-4e0f-a59b-28532ab010f8', NULL, NULL, '00000000-0000-0000-0000-000000000001', NULL, 1, NULL, 300.00, 'CNY', 0.00, 300.00, NULL, 'submitted', NULL, NULL, NULL, NULL, NULL, NULL, NULL, '00000000-0000-0000-0000-000000000001', '00000000-0000-0000-0000-000000000001', '2025-10-12 18:27:06', '2025-10-12 18:27:06', NULL, NULL, '落地签', '20251012', NULL, 0.000500),
('00f6f8d3-4137-4bad-a115-3056573e8c58', 'EVOA-0012293005', '胡宗南/AO胡宗南(750K李）', '27e9f534-4f4c-42a5-8f8c-75e64ffe1831', NULL, NULL, '00000000-0000-0000-0000-000000000001', NULL, 1, NULL, 750000.00, 'IDR', 0.00, 750000.00, NULL, 'submitted', NULL, NULL, NULL, NULL, NULL, NULL, NULL, '00000000-0000-0000-0000-000000000001', '00000000-0000-0000-0000-000000000001', '2025-09-20 12:28:57', '2025-09-20 12:28:57', NULL, NULL, '落地签', '20250920', NULL, 1.000000),
('01c315f3-3276-4176-9f7a-3fca7ff8bdb1', 'EVOA-0012638032', '聂江稳/李燕燕 hera/山海图', 'ff6904a0-8721-496a-b6d0-a21dfa1b6d20', NULL, NULL, '00000000-0000-0000-0000-000000000001', NULL, 1, NULL, NULL, 'IDR', 0.00, NULL, NULL, 'submitted', NULL, NULL, NULL, NULL, NULL, NULL, NULL, '00000000-0000-0000-0000-000000000001', '00000000-0000-0000-0000-000000000001', '2025-09-30 13:39:38', '2025-10-06 11:51:51', NULL, NULL, '落地签/续签', '20250930', NULL, 1.000000),
('026d031b-ce39-4478-b630-7f2462f91ae5', 'EVOA-0012166025', '庄玮/庄总 办理落地签群(750k李）', '7295db3d-02e2-467a-b0c2-589ed14cba82', NULL, NULL, '00000000-0000-0000-0000-000000000001', NULL, 1, NULL, 750000.00, 'IDR', 0.00, 750000.00, NULL, 'submitted', NULL, NULL, NULL, NULL, NULL, NULL, NULL, '00000000-0000-0000-0000-000000000001', '00000000-0000-0000-0000-000000000001', '2025-09-17 16:15:02', '2025-09-19 13:32:50', NULL, NULL, '落地签', '20250917', NULL, 1.000000),
('089108f1-13a8-4e6b-85c6-29318ca73ad9', 'EVOA-0013469003', '郑远超/11043（750K李）', 'e382f3fb-fa76-478a-a0cc-eac258aba9be', NULL, NULL, '00000000-0000-0000-0000-000000000001', NULL, 1, NULL, 750000.00, 'IDR', 0.00, 750000.00, NULL, 'submitted', NULL, NULL, NULL, NULL, NULL, NULL, NULL, '00000000-0000-0000-0000-000000000001', '00000000-0000-0000-0000-000000000001', '2025-10-31 11:13:36', '2025-11-04 10:50:45', NULL, NULL, '落地签', '20251031', NULL, 1.000000),
('09c401cf-675b-48c7-ae90-6dc10eaad359', 'EVOA-0013229025', '汪宝林/11099斑兔&商务签(750已收）', '796aecf0-59c4-471d-900e-dd84f8f927c6', NULL, NULL, '00000000-0000-0000-0000-000000000001', NULL, 1, NULL, 750.00, 'CNY', 0.00, 750.00, NULL, 'submitted', NULL, NULL, NULL, NULL, NULL, NULL, NULL, '00000000-0000-0000-0000-000000000001', '00000000-0000-0000-0000-000000000001', '2025-10-24 14:52:30', '2025-11-03 10:59:43', NULL, NULL, '落地签/续签', '20251024', NULL, 0.000500),
('0baf9b20-a40c-44c4-af82-3ffc44a47058', 'EVOA-0012236005', '李涛/Willen(375企微收款）', 'bf017a97-b684-42e2-89a5-86448c7c7401', NULL, NULL, '00000000-0000-0000-0000-000000000001', NULL, 1, NULL, 375.00, 'CNY', 0.00, 375.00, NULL, 'submitted', NULL, NULL, NULL, NULL, NULL, NULL, NULL, '00000000-0000-0000-0000-000000000001', '00000000-0000-0000-0000-000000000001', '2025-09-19 10:21:49', '2025-09-19 11:01:59', NULL, NULL, '落地签', '20250919', NULL, 0.000500),
('0dcd0e49-3c86-4ad6-8d74-fc99d8367867', 'EVOA-0012785003', '田仁义10995(700已付)', 'd39a6b31-2367-4cce-85ce-4792536020f3', NULL, NULL, '00000000-0000-0000-0000-000000000001', NULL, 1, NULL, 700.00, 'CNY', 0.00, 700.00, NULL, 'submitted', NULL, NULL, NULL, NULL, NULL, NULL, NULL, '00000000-0000-0000-0000-000000000001', '00000000-0000-0000-0000-000000000001', '2025-10-07 18:33:03', '2025-10-07 18:33:03', NULL, NULL, '落地签/续签', '20251003', NULL, 0.000500),
('10d61a1b-cda5-4f3c-a2f6-ca143b1857d1', 'EVOA-0013514043', '张子佘11091（375湖北斑兔已收）', '8dbb501a-484f-4568-b0e4-8b7957d06289', NULL, NULL, '00000000-0000-0000-0000-000000000001', NULL, 1, NULL, 375.00, 'CNY', 0.00, 375.00, NULL, 'submitted', NULL, NULL, NULL, NULL, NULL, NULL, NULL, '00000000-0000-0000-0000-000000000001', '00000000-0000-0000-0000-000000000001', '2025-11-02 15:56:14', '2025-11-03 10:30:35', NULL, NULL, '落地签', '20251102', NULL, 0.000500),
('16207aed-cdf7-45ce-a880-ea33a372bcd4', 'EVOA-0012945017', '唐荣华/10486（700K未付）', 'fbf320c0-9218-4711-bbfb-d1b69f4ed89e', NULL, NULL, '00000000-0000-0000-0000-000000000001', NULL, 1, NULL, 700000.00, 'IDR', 0.00, 700000.00, NULL, 'submitted', NULL, NULL, NULL, NULL, NULL, NULL, NULL, '00000000-0000-0000-0000-000000000001', '00000000-0000-0000-0000-000000000001', '2025-10-14 14:29:47', '2025-10-14 15:45:30', NULL, NULL, '落地签', '20251014', NULL, 1.000000),
('19ef98b9-1c4a-40ce-86aa-ae9a46dc8351', 'EVOA-0013013100', '方明炎/11103（750K李）', '19fa3bd5-90a4-4ace-a421-4759c0b073bc', NULL, NULL, '00000000-0000-0000-0000-000000000001', NULL, 1, NULL, 750000.00, 'IDR', 0.00, 750000.00, NULL, 'submitted', NULL, NULL, NULL, NULL, NULL, NULL, NULL, '00000000-0000-0000-0000-000000000001', '00000000-0000-0000-0000-000000000001', '2025-10-16 22:34:32', '2025-10-24 15:51:38', NULL, NULL, '落地签', '20251016', NULL, 1.000000),
('1b28aea2-23f5-48c5-b124-3316b771ae10', 'EVOA-0012638005', '段小有/安徽坤点建筑科技有限公司{280李}', '80cc9b12-68ba-48ce-9f38-7618c23f6190', NULL, NULL, '00000000-0000-0000-0000-000000000001', NULL, 1, NULL, 280.00, 'CNY', 0.00, 280.00, NULL, 'submitted', NULL, NULL, NULL, NULL, NULL, NULL, NULL, '00000000-0000-0000-0000-000000000001', '00000000-0000-0000-0000-000000000001', '2025-09-30 10:43:24', '2025-09-30 11:30:29', NULL, NULL, '落地签', '20250930', NULL, 0.000500),
('1b3a1757-501e-425a-8426-976cae324235', 'EVOA-0013492005', '赵东辉/胡老师（380李）', 'f7833adb-7b76-4f78-a705-26cb34e05a4c', NULL, NULL, '00000000-0000-0000-0000-000000000001', NULL, 1, NULL, 380.00, 'CNY', 0.00, 380.00, NULL, 'submitted', NULL, NULL, NULL, NULL, NULL, NULL, NULL, '00000000-0000-0000-0000-000000000001', '00000000-0000-0000-0000-000000000001', '2025-10-31 17:29:23', '2025-11-01 14:00:19', NULL, NULL, '落地签', '20251031', NULL, 0.000500),
('1c0eb93a-4a25-417c-8584-69451f064d26', 'EVOA-0012757054', '陈银柳/10211(未付300）', '71204e65-87ee-4f15-a5be-82f4285e1406', NULL, NULL, '00000000-0000-0000-0000-000000000001', NULL, 1, NULL, 300.00, 'CNY', 0.00, 300.00, NULL, 'submitted', NULL, NULL, NULL, NULL, NULL, NULL, NULL, '00000000-0000-0000-0000-000000000001', '00000000-0000-0000-0000-000000000001', '2025-10-07 11:56:10', '2025-10-07 11:56:10', NULL, NULL, '落地签', '20251007', NULL, 0.000500),
('1fbd369d-b2de-43dc-8378-0adf455d6275', 'EVOA-0012684038', '陈翰宇/Fei{350李}', 'eea70369-80f9-44f6-af8f-351f7462c3b8', NULL, NULL, '00000000-0000-0000-0000-000000000001', NULL, 1, NULL, 350.00, 'CNY', 0.00, 350.00, NULL, 'submitted', NULL, NULL, NULL, NULL, NULL, NULL, NULL, '00000000-0000-0000-0000-000000000001', '00000000-0000-0000-0000-000000000001', '2025-10-03 11:15:16', '2025-10-03 15:15:22', NULL, NULL, '落地签', '20251003', NULL, 0.000500),
('217a960a-2665-4e75-b399-d06979162f7c', 'EVOA-0012044226', '毛建山/山海图', '6325bef8-8b33-4438-90f8-a99be9c2deb4', NULL, NULL, '00000000-0000-0000-0000-000000000001', NULL, 1, NULL, NULL, 'IDR', 0.00, NULL, NULL, 'submitted', NULL, NULL, NULL, NULL, NULL, NULL, NULL, '00000000-0000-0000-0000-000000000001', '00000000-0000-0000-0000-000000000001', '2025-09-11 12:28:17', '2025-09-11 12:28:17', NULL, NULL, '落地签/续签', '20250908', NULL, 1.000000),
('22fe4c8f-bd22-407e-bac1-4705607dd274', 'EVOA-0012757013', '李道法/斑兔企服&落地签续签（174718300已收/斑兔）', 'df022d28-dd38-4def-b328-5af210661f5e', NULL, NULL, '00000000-0000-0000-0000-000000000001', NULL, 1, NULL, 174713805.00, 'IDR', 0.00, 174713805.00, NULL, 'submitted', NULL, NULL, NULL, NULL, NULL, NULL, NULL, '00000000-0000-0000-0000-000000000001', '00000000-0000-0000-0000-000000000001', '2025-10-06 17:45:52', '2025-10-07 11:57:04', NULL, NULL, '落地签/续签', '20251006', NULL, 1.000000),
('25b249f5-4c2f-462c-a977-dedd19478cbf', 'EVOA-0012978003', '刘浩/Erase（350李）', '7c12bc01-5093-4c0e-8ce6-b1b8b3f0fd08', NULL, NULL, '00000000-0000-0000-0000-000000000001', NULL, 1, NULL, 350.00, 'CNY', 0.00, 350.00, NULL, 'submitted', NULL, NULL, NULL, NULL, NULL, NULL, NULL, '00000000-0000-0000-0000-000000000001', '00000000-0000-0000-0000-000000000001', '2025-10-15 11:02:51', '2025-10-15 11:02:51', NULL, NULL, '落地签', '20251015', NULL, 0.000500),
('27abe658-af5b-4b70-ab1a-8628fdffd180', 'EVOA-0013469027', '张文霞/静（350李）', 'ca26cfad-a9eb-43dd-8c84-01dce3b02b00', NULL, NULL, '00000000-0000-0000-0000-000000000001', NULL, 1, NULL, 350.00, 'CNY', 0.00, 350.00, NULL, 'submitted', NULL, NULL, NULL, NULL, NULL, NULL, NULL, '00000000-0000-0000-0000-000000000001', '00000000-0000-0000-0000-000000000001', '2025-10-31 11:26:18', '2025-10-31 11:26:18', NULL, NULL, '落地签', '20251031', NULL, 0.000500),
('2946be3c-5736-4e5d-aab7-044506c41ab6', 'EVOA-0012355003', '张智业/A zzhiy -{600K李}', '4d84d457-64ee-4be3-892f-3d8ace6da118', NULL, NULL, '00000000-0000-0000-0000-000000000001', NULL, 1, NULL, 600000.00, 'IDR', 0.00, 600000.00, NULL, 'submitted', NULL, NULL, NULL, NULL, NULL, NULL, NULL, '00000000-0000-0000-0000-000000000001', '00000000-0000-0000-0000-000000000001', '2025-09-23 13:54:36', '2025-10-06 10:14:30', NULL, NULL, '落地签', '20250923', NULL, 1.000000),
('2ae1d4e0-4e79-4ba3-a62b-d2bcf825b170', 'EVOA-0012166003', '庄开雄/Asiung（雄）(1.4jt未付）', '0b981645-5ebd-4ca8-9cb3-e54dd334b3cc', NULL, NULL, '00000000-0000-0000-0000-000000000001', NULL, 1, NULL, 1400000.00, 'IDR', 0.00, 1400000.00, NULL, 'submitted', NULL, NULL, NULL, NULL, NULL, NULL, NULL, '00000000-0000-0000-0000-000000000001', '00000000-0000-0000-0000-000000000001', '2025-09-17 16:04:21', '2025-09-19 17:22:04', NULL, NULL, '落地签/续签', '20250917', NULL, 1.000000),
('2b1b4915-7d57-4e69-8300-7eb58979bdd5', 'EVOA-0013272021', '龚靖/10741(300李)', '02c41449-118a-4bad-81d9-f2aa5cf5ec34', NULL, NULL, '00000000-0000-0000-0000-000000000001', NULL, 1, NULL, 300.00, 'CNY', 0.00, 300.00, NULL, 'submitted', NULL, NULL, NULL, NULL, NULL, NULL, NULL, '00000000-0000-0000-0000-000000000001', '00000000-0000-0000-0000-000000000001', '2025-10-26 14:36:44', '2025-10-26 14:36:44', NULL, NULL, '落地签', '20251026', NULL, 0.000500),
('2bda4d83-76f6-4100-a771-840b4e9dcbce', 'EVOA-0013315029', '尹全开/胡老师（300李）', '5154a532-a5b9-48d8-8d29-98ff6b8cbc22', NULL, NULL, '00000000-0000-0000-0000-000000000001', NULL, 1, NULL, 300.00, 'CNY', 0.00, 300.00, NULL, 'submitted', NULL, NULL, NULL, NULL, NULL, NULL, NULL, '00000000-0000-0000-0000-000000000001', '00000000-0000-0000-0000-000000000001', '2025-10-28 14:50:50', '2025-10-28 16:36:30', NULL, NULL, '落地签', '20251028', NULL, 0.000500),
('2f158e4c-f140-4a2f-9fc8-e2c7acc33681', 'EVOA-0013514031', '何燕平/11091(375湖北斑兔已收）', 'e590a57a-3144-482c-88da-1a0d765508e5', NULL, NULL, '00000000-0000-0000-0000-000000000001', NULL, 1, NULL, 375.00, 'CNY', 0.00, 375.00, NULL, 'submitted', NULL, NULL, NULL, NULL, NULL, NULL, NULL, '00000000-0000-0000-0000-000000000001', '00000000-0000-0000-0000-000000000001', '2025-11-02 15:55:03', '2025-11-03 10:31:14', NULL, NULL, '落地签', '20251102', NULL, 0.000500),
('33ca0e65-1277-4531-a157-199edc1dd74a', 'EVOA-0013409003', '李荣培/10617（700已收）', '66af7a22-a3ec-4af9-8987-1e3ed4598e63', NULL, NULL, '00000000-0000-0000-0000-000000000001', NULL, 1, NULL, 700.00, 'CNY', 0.00, 700.00, NULL, 'submitted', NULL, NULL, NULL, NULL, NULL, NULL, NULL, '00000000-0000-0000-0000-000000000001', '00000000-0000-0000-0000-000000000001', '2025-10-30 10:01:58', '2025-10-30 10:01:58', NULL, NULL, '落地签/续签', '20251030', NULL, 0.000500),
('349cd0fc-094f-4b1d-86b9-c84982ca4ea9', 'EVOA-0012446003', '田志华/10995{未付款700元}', '34b208c0-7430-4cb8-848e-0dad6e3fc3e4', NULL, NULL, '00000000-0000-0000-0000-000000000001', NULL, 1, NULL, 700.00, 'CNY', 0.00, 700.00, NULL, 'submitted', NULL, NULL, NULL, NULL, NULL, NULL, NULL, '00000000-0000-0000-0000-000000000001', '00000000-0000-0000-0000-000000000001', '2025-09-25 15:35:31', '2025-09-26 14:40:45', NULL, NULL, '落地签/续签', '20250925', NULL, 0.000500),
('3559d96d-836a-4700-a849-236aea4784c1', 'EVOA-0013514005', '刘欢/LH(350李）', 'df62e59c-a57f-4264-a02f-500815f338f3', NULL, NULL, '00000000-0000-0000-0000-000000000001', NULL, 1, NULL, 350.00, 'CNY', 0.00, 350.00, NULL, 'submitted', NULL, NULL, NULL, NULL, NULL, NULL, NULL, '00000000-0000-0000-0000-000000000001', '00000000-0000-0000-0000-000000000001', '2025-11-02 13:44:55', '2025-11-02 13:44:55', NULL, NULL, '落地签', '20251102', NULL, 0.000500),
('37145a95-0ebb-4b47-94df-796a226e1e9b', 'EVOA-0013013051', '欧嘉伟10899（750K李）', '9800784b-6868-4236-814b-58f7f543efd4', NULL, NULL, '00000000-0000-0000-0000-000000000001', NULL, 1, NULL, 750000.00, 'IDR', 0.00, 750000.00, NULL, 'submitted', NULL, NULL, NULL, NULL, NULL, NULL, NULL, '00000000-0000-0000-0000-000000000001', '00000000-0000-0000-0000-000000000001', '2025-10-16 10:57:41', '2025-10-16 13:19:26', NULL, NULL, '落地签', '20251016', NULL, 1.000000),
('409dd1cf-4b38-45f6-944d-766b45d01d5b', 'EVOA-0013013082', '庄开雄/Asiung（雄）(750k 未付）', 'e278bb1c-28cc-47fc-8909-0b4b846fcbdf', NULL, NULL, '00000000-0000-0000-0000-000000000001', NULL, 1, NULL, 750000.00, 'IDR', 0.00, 750000.00, NULL, 'submitted', NULL, NULL, NULL, NULL, NULL, NULL, NULL, '00000000-0000-0000-0000-000000000001', '00000000-0000-0000-0000-000000000001', '2025-10-16 19:19:35', '2025-10-16 19:33:06', NULL, NULL, '落地签', '20251016', NULL, 1.000000),
('41e37c93-a29d-4bf4-ba06-50f5ec69459c', 'EVOA-0012881103', '高居兵/斑兔企服&翁总 落地签(330企微收款/已收)', '47c85fdf-e4e9-49b7-828f-4b657526bcc3', NULL, NULL, '00000000-0000-0000-0000-000000000001', NULL, 1, NULL, 330.00, 'CNY', 0.00, 330.00, NULL, 'submitted', NULL, NULL, NULL, NULL, NULL, NULL, NULL, '00000000-0000-0000-0000-000000000001', '00000000-0000-0000-0000-000000000001', '2025-10-13 15:03:45', '2025-10-13 15:03:45', NULL, NULL, '落地签', '20251013', NULL, 0.000500),
('42a1706c-cfee-4de5-b9a0-40f9e711ccc6', 'EVOA-0012881123', '石琼玉/10978(375李）', '816a455c-2f6c-45a8-bad5-007cd2b5fa20', NULL, NULL, '00000000-0000-0000-0000-000000000001', NULL, 1, NULL, 375.00, 'CNY', 0.00, 375.00, NULL, 'submitted', NULL, NULL, NULL, NULL, NULL, NULL, NULL, '00000000-0000-0000-0000-000000000001', '00000000-0000-0000-0000-000000000001', '2025-10-13 17:48:38', '2025-10-13 18:12:38', NULL, NULL, '落地签', '20251013', NULL, 0.000500),
('43b46ca0-24af-47ad-8c89-4e0f420f0b8b', 'EVOA-0012945049', '叶美玲/10422（750K李）', '438c04e2-a8a9-4850-9e44-606c4d6431a0', NULL, NULL, '00000000-0000-0000-0000-000000000001', NULL, 1, NULL, 750000.00, 'IDR', 0.00, 750000.00, NULL, 'submitted', NULL, NULL, NULL, NULL, NULL, NULL, NULL, '00000000-0000-0000-0000-000000000001', '00000000-0000-0000-0000-000000000001', '2025-10-14 15:44:00', '2025-10-22 14:16:53', NULL, NULL, '落地签', '20251014', NULL, 1.000000),
('47237b7e-c256-474f-b848-4b911dd244e3', 'EVOA-0012740041', '钟生文/10211(700未付）', '6a3d11e0-23c3-4ff4-ba3b-91aaba4b75fe', NULL, NULL, '00000000-0000-0000-0000-000000000001', NULL, 1, NULL, 1400000.00, 'IDR', 0.00, 1400000.00, NULL, 'submitted', NULL, NULL, NULL, NULL, NULL, NULL, NULL, '00000000-0000-0000-0000-000000000001', '00000000-0000-0000-0000-000000000001', '2025-10-06 17:05:22', '2025-10-09 15:24:05', NULL, NULL, '落地签/续签', '20251006', NULL, 1.000000),
('48986e38-2ef0-4a9f-a424-2f8d2e7d1a62', 'EVOA-0012978017', '汤永辉10906(750k李)', '6cff831c-c564-4cf6-8ee8-77c09f93ca7e', NULL, NULL, '00000000-0000-0000-0000-000000000001', NULL, 1, NULL, 750000.00, 'IDR', 0.00, 750000.00, NULL, 'submitted', NULL, NULL, NULL, NULL, NULL, NULL, NULL, '00000000-0000-0000-0000-000000000001', '00000000-0000-0000-0000-000000000001', '2025-10-15 14:44:40', '2025-10-23 15:21:50', NULL, NULL, '落地签', '20251015', NULL, 1.000000),
('4d8b60e7-67b0-447c-9628-b8ae1a3ec558', 'EVOA-0012881093', '郭剑峰/斑兔企服&翁总 落地签(330企微收款/已收)', '303429ac-dcfd-4915-ae3a-8a4b01bb4dec', NULL, NULL, '00000000-0000-0000-0000-000000000001', NULL, 1, NULL, 330.00, 'CNY', 0.00, 330.00, NULL, 'submitted', NULL, NULL, NULL, NULL, NULL, NULL, NULL, '00000000-0000-0000-0000-000000000001', '00000000-0000-0000-0000-000000000001', '2025-10-13 15:02:20', '2025-10-13 15:02:20', NULL, NULL, '落地签', '20251013', NULL, 0.000500),
('4fcc9cf5-2a97-43d0-8c55-8e86cf8036e0', 'EVOA-0012044221', '乙从严/山海图', 'caf8da4c-564f-4992-bb93-157e781b0a2e', NULL, NULL, '00000000-0000-0000-0000-000000000001', NULL, 1, NULL, NULL, 'IDR', 0.00, NULL, NULL, 'submitted', NULL, NULL, NULL, NULL, NULL, NULL, NULL, '00000000-0000-0000-0000-000000000001', '00000000-0000-0000-0000-000000000001', '2025-09-11 12:27:49', '2025-09-11 12:27:49', NULL, NULL, '落地签/续签', '20250908', NULL, 1.000000),
('4fee2c8d-22f4-42eb-8d6b-117fa5dfb51a', 'EVOA-0012881021', '陈锦良/Su(300湖北对公收款/已收)', '285f6dd9-6fce-4ee8-be37-d25bbf1f8121', NULL, NULL, '00000000-0000-0000-0000-000000000001', NULL, 1, NULL, 300.00, 'CNY', 0.00, 300.00, NULL, 'submitted', NULL, NULL, NULL, NULL, NULL, NULL, NULL, '00000000-0000-0000-0000-000000000001', '00000000-0000-0000-0000-000000000001', '2025-10-12 17:59:56', '2025-10-12 17:59:56', NULL, NULL, '落地签', '20251012', NULL, 0.000500),
('51511a81-45f5-4932-bcd4-a94948abb044', 'EVOA-0012881113', '高信炫/斑兔企服&翁总 落地签(330企微收款/已收)', '72af3a67-9384-4c12-8c62-5d224d2e2bce', NULL, NULL, '00000000-0000-0000-0000-000000000001', NULL, 1, NULL, 330.00, 'CNY', 0.00, 330.00, NULL, 'submitted', NULL, NULL, NULL, NULL, NULL, NULL, NULL, '00000000-0000-0000-0000-000000000001', '00000000-0000-0000-0000-000000000001', '2025-10-13 15:05:24', '2025-10-13 15:05:24', NULL, NULL, '落地签', '20251013', NULL, 0.000500),
('539431d4-632c-4be4-9788-c8e9e5233ef2', 'EVOA-0012044563', '曾昭海10832(375）斑兔代收 10月27号收款', '91beafb0-f7f6-424c-a9f4-68e2e6827039', NULL, NULL, '00000000-0000-0000-0000-000000000001', NULL, 1, NULL, 375.00, 'CNY', 0.00, 375.00, NULL, 'submitted', NULL, NULL, NULL, NULL, NULL, NULL, NULL, '00000000-0000-0000-0000-000000000001', '00000000-0000-0000-0000-000000000001', '2025-09-12 18:08:23', '2025-10-27 17:01:49', NULL, NULL, '落地签', '20250912', NULL, 0.000500),
('553eb121-15cb-4bdb-961d-0dfcdd09a851', 'EVOA-0012684015', '刘红兵/中国饭店刘红兵{300李}', '738f4182-4945-4307-9166-84a2cff19bbb', NULL, NULL, '00000000-0000-0000-0000-000000000001', NULL, 1, NULL, 300.00, 'CNY', 0.00, 300.00, NULL, 'submitted', NULL, NULL, NULL, NULL, NULL, NULL, NULL, '00000000-0000-0000-0000-000000000001', '00000000-0000-0000-0000-000000000001', '2025-10-02 15:20:45', '2025-10-02 15:34:35', NULL, NULL, '落地签', '20251002', NULL, 0.000500),
('5591bde3-a0c0-4f29-92b8-dc1f75942613', 'EVOA-0012559014', '蔡永光/斑釸企服&落地签{375李）', 'a4c1f464-16aa-4002-8395-d2963677408d', NULL, NULL, '00000000-0000-0000-0000-000000000001', NULL, 1, NULL, 375.00, 'CNY', 0.00, 375.00, NULL, 'submitted', NULL, NULL, NULL, NULL, NULL, NULL, NULL, '00000000-0000-0000-0000-000000000001', '00000000-0000-0000-0000-000000000001', '2025-09-29 10:26:07', '2025-09-29 10:42:14', NULL, NULL, '落地签', '20250929', NULL, 0.000500),
('57256c5a-28e5-41e3-9680-5b8e63e8c7df', 'EVOA-0013143005', '李铃亮/上邪（375李）', '43c38c2a-fe6b-4d03-ba4a-acf6c6c987ae', NULL, NULL, '00000000-0000-0000-0000-000000000001', NULL, 1, NULL, 375.00, 'CNY', 0.00, 375.00, NULL, 'submitted', NULL, NULL, NULL, NULL, NULL, NULL, NULL, '00000000-0000-0000-0000-000000000001', '00000000-0000-0000-0000-000000000001', '2025-10-21 19:35:57', '2025-10-21 19:53:38', NULL, NULL, '落地签', '20251021', NULL, 0.000500),
('5a1514ca-bab5-4350-8ab4-6095c4dad544', 'EVOA-0013089070', '李天润/山海图&斑兔订单执行群（600K未付）', 'ffadef4e-e27a-451a-a70d-ab4f43b51910', NULL, NULL, '00000000-0000-0000-0000-000000000001', NULL, 1, NULL, 600000.00, 'IDR', 0.00, 600000.00, NULL, 'submitted', NULL, NULL, NULL, NULL, NULL, NULL, NULL, '00000000-0000-0000-0000-000000000001', '00000000-0000-0000-0000-000000000001', '2025-10-21 18:12:38', '2025-10-21 18:12:38', NULL, NULL, '落地签', '20251021', NULL, 1.000000),
('616e8da6-face-45c5-bcb4-b5581109a9d4', 'EVOA-0012559089', '卢春萍/?Lucky?{300李}', 'b6cce3a1-1bc1-491f-acec-aa0177d32bba', NULL, NULL, '00000000-0000-0000-0000-000000000001', NULL, 1, NULL, 300.00, 'CNY', 0.00, 300.00, NULL, 'submitted', NULL, NULL, NULL, NULL, NULL, NULL, NULL, '00000000-0000-0000-0000-000000000001', '00000000-0000-0000-0000-000000000001', '2025-09-29 11:29:55', '2025-09-29 11:49:24', NULL, NULL, '落地签', '20250929', NULL, 0.000500),
('6347ef90-8809-421d-b352-fbd6fb9eb99f', 'EVOA-0013272005', '孔德奎/10727（750K未付）', '0dbd8a4d-55e9-46e1-981e-2a4ab2dd8ce5', NULL, NULL, '00000000-0000-0000-0000-000000000001', NULL, 1, NULL, 750000.00, 'IDR', 0.00, 750000.00, NULL, 'submitted', NULL, NULL, NULL, NULL, NULL, NULL, NULL, '00000000-0000-0000-0000-000000000001', '00000000-0000-0000-0000-000000000001', '2025-10-26 14:35:15', '2025-10-26 14:35:15', NULL, NULL, '落地签', '20251026', NULL, 1.000000),
('677b3d85-7743-48e2-9948-4f9c976400ef', 'EVOA-0013089009', '张开/中国饭店刘红兵（300李）', 'd2c99d21-49c4-4113-8287-459854b9bb78', NULL, NULL, '00000000-0000-0000-0000-000000000001', NULL, 1, NULL, 300.00, 'CNY', 0.00, 300.00, NULL, 'submitted', NULL, NULL, NULL, NULL, NULL, NULL, NULL, '00000000-0000-0000-0000-000000000001', '00000000-0000-0000-0000-000000000001', '2025-10-20 15:16:19', '2025-10-20 16:09:32', NULL, NULL, '落地签', '20251020', NULL, 0.000500),
('6ad539e6-7740-4895-8baf-ac1fa6030115', 'EVOA-0012559001', '李福英/斑兔企服&落地签/{375李}', '5c71c3a3-95da-4a4c-a70e-324966ee5562', NULL, NULL, '00000000-0000-0000-0000-000000000001', NULL, 1, NULL, 375.00, 'CNY', 0.00, 375.00, NULL, 'submitted', NULL, NULL, NULL, NULL, NULL, NULL, NULL, '00000000-0000-0000-0000-000000000001', '00000000-0000-0000-0000-000000000001', '2025-09-29 10:24:18', '2025-09-29 10:41:31', NULL, NULL, '落地签', '20250929', NULL, 0.000500),
('6c3f297a-9df9-4611-8efe-4419ae38d7ab', 'EVOA-0013409023', '曹超/茶靡（700已收）', 'f278ac44-81c5-486f-a5b6-723507c9e331', NULL, NULL, '00000000-0000-0000-0000-000000000001', NULL, 1, NULL, 700.00, 'CNY', 0.00, 700.00, NULL, 'submitted', NULL, NULL, NULL, NULL, NULL, NULL, NULL, '00000000-0000-0000-0000-000000000001', '00000000-0000-0000-0000-000000000001', '2025-10-30 10:06:55', '2025-11-03 10:40:40', NULL, NULL, '落地签/续签', '20251030', NULL, 0.000500),
('70ffeac0-8bd0-45a4-bded-23ce1b42500c', 'EVOA-0013409013', '张敦辉/茶靡（700/已收）', 'ea92bd58-8a2c-46fb-a3f1-11c3b470721f', NULL, NULL, '00000000-0000-0000-0000-000000000001', NULL, 1, NULL, 700.00, 'CNY', 0.00, 700.00, NULL, 'submitted', NULL, NULL, NULL, NULL, NULL, NULL, NULL, '00000000-0000-0000-0000-000000000001', '00000000-0000-0000-0000-000000000001', '2025-10-30 10:05:47', '2025-11-03 10:40:16', NULL, NULL, '落地签/续签', '20251030', NULL, 0.000500),
('7235b6df-692b-4490-8033-f1692653fa33', 'EVOA-0013161099', '李端银/胡老师（815K印尼斑兔代收/已收）', 'f8e26d59-70c6-42be-8985-ecfc0d2e1892', NULL, NULL, '00000000-0000-0000-0000-000000000001', NULL, 1, NULL, 815000.00, 'IDR', 0.00, 815000.00, NULL, 'submitted', NULL, NULL, NULL, NULL, NULL, NULL, NULL, '00000000-0000-0000-0000-000000000001', '00000000-0000-0000-0000-000000000001', '2025-10-23 11:39:35', '2025-10-24 15:23:11', NULL, NULL, '落地签', '20251023', NULL, 1.000000),
('732fc158-ef7a-40e3-b8d5-b23e3ab231c4', 'EVOA-0012830020', '王清彬/C10889(未付600K）', '77bcc2b0-a89c-471d-843e-34d81990c317', NULL, NULL, '00000000-0000-0000-0000-000000000001', NULL, 1, NULL, 600000.00, 'IDR', 0.00, 600000.00, NULL, 'submitted', NULL, NULL, NULL, NULL, NULL, NULL, NULL, '00000000-0000-0000-0000-000000000001', '00000000-0000-0000-0000-000000000001', '2025-10-09 10:25:17', '2025-10-09 15:15:03', NULL, NULL, '落地签', '20251009', NULL, 1.000000),
('766bac66-a06a-4154-82de-29b5ceefddac', 'EVOA-0012757028', '王昌领/斑兔企服&落地签（1700000已收斑兔）', '04619303-246a-424f-a0a1-6f1c674d062e', NULL, NULL, '00000000-0000-0000-0000-000000000001', NULL, 1, NULL, 1700000.00, 'IDR', 0.00, 1700000.00, NULL, 'submitted', NULL, NULL, NULL, NULL, NULL, NULL, NULL, '00000000-0000-0000-0000-000000000001', '00000000-0000-0000-0000-000000000001', '2025-10-06 17:52:27', '2025-10-08 10:22:23', NULL, NULL, '落地签/续签', '20251006', NULL, 1.000000),
('7a7d52a2-c01b-4db7-a7d4-c78c915da095', 'EVOA-0012166013', '方明炎/Asiung（雄）(1.4jt未付）', 'bfc2b188-e360-4eff-a912-53c71d6aa119', NULL, NULL, '00000000-0000-0000-0000-000000000001', NULL, 1, NULL, 1400000.00, 'IDR', 0.00, 1400000.00, NULL, 'submitted', NULL, NULL, NULL, NULL, NULL, NULL, NULL, '00000000-0000-0000-0000-000000000001', '00000000-0000-0000-0000-000000000001', '2025-09-17 16:06:07', '2025-09-19 17:22:55', NULL, NULL, '落地签/续签', '20250917', NULL, 1.000000),
('7ea8b972-ee6d-49aa-b061-d066e2ffc469', 'EVOA-0013089027', '林晋安/石头?(350李）', '3287ed20-5f62-4c17-87fd-9a7f33c3256d', NULL, NULL, '00000000-0000-0000-0000-000000000001', NULL, 1, NULL, 350.00, 'CNY', 0.00, 350.00, NULL, 'submitted', NULL, NULL, NULL, NULL, NULL, NULL, NULL, '00000000-0000-0000-0000-000000000001', '00000000-0000-0000-0000-000000000001', '2025-10-20 15:52:05', '2025-10-20 15:57:30', NULL, NULL, '落地签', '20251020', NULL, 0.000500),
('8333d49f-111b-4b87-9519-453a0944403a', 'EVOA-0012799019', '林晓亮/亮（已付700元）', '3f38da6c-d2eb-4e1b-bfa2-9d57747e4293', NULL, NULL, '00000000-0000-0000-0000-000000000001', NULL, 1, NULL, 700.00, 'CNY', 0.00, 700.00, NULL, 'submitted', NULL, NULL, NULL, NULL, NULL, NULL, NULL, '00000000-0000-0000-0000-000000000001', '00000000-0000-0000-0000-000000000001', '2025-10-08 17:08:25', '2025-10-09 15:15:33', NULL, NULL, '落地签/续签', '20251008', NULL, 0.000500),
('83a57569-7534-45d8-b3ef-d64dfbd04536', 'EVOA-0012945039', '李森/李随刚17688730399(700企微收款）', 'c2aecdda-e0c6-488c-b82b-5c555e1ee5aa', NULL, NULL, '00000000-0000-0000-0000-000000000001', NULL, 1, NULL, 700.00, 'CNY', 0.00, 700.00, NULL, 'submitted', NULL, NULL, NULL, NULL, NULL, NULL, NULL, '00000000-0000-0000-0000-000000000001', '00000000-0000-0000-0000-000000000001', '2025-10-14 15:14:34', '2025-10-20 11:09:21', NULL, NULL, '落地签/续签', '20251014', NULL, 0.000500),
('8d09f80a-9376-4129-a6e6-c18ccce40f24', 'EVOA-0012355017', '蒙勇/11165工作签证{375湖北斑兔对公收款/已收}', 'b32910d6-b67f-47bc-a407-d0a6ac130b75', NULL, NULL, '00000000-0000-0000-0000-000000000001', NULL, 1, NULL, 375.00, 'CNY', 0.00, 375.00, NULL, 'submitted', NULL, NULL, NULL, NULL, NULL, NULL, NULL, '00000000-0000-0000-0000-000000000001', '00000000-0000-0000-0000-000000000001', '2025-09-23 13:55:54', '2025-09-26 14:09:36', NULL, NULL, '落地签', '20250923', NULL, 0.000500),
('8da6a035-2913-481b-9b80-4592000b70e7', 'EVOA-0013229011', '刘宝江/11217(375李）', '2f6899f8-bf89-4d47-be35-9ae42cafde06', NULL, NULL, '00000000-0000-0000-0000-000000000001', NULL, 1, NULL, 375.00, 'CNY', 0.00, 375.00, NULL, 'submitted', NULL, NULL, NULL, NULL, NULL, NULL, NULL, '00000000-0000-0000-0000-000000000001', '00000000-0000-0000-0000-000000000001', '2025-10-24 14:19:42', '2025-10-24 14:19:42', NULL, NULL, '落地签', '20251024', NULL, 0.000500),
('93abfb7f-7372-4012-9475-c06515c642f3', 'EVOA-0012044206', '马吉来四/马记', '2064d45e-e2e7-421d-81e0-1bf35335c7ad', NULL, NULL, '00000000-0000-0000-0000-000000000001', NULL, 1, NULL, 1400000.00, 'IDR', 0.00, 1400000.00, NULL, 'submitted', NULL, NULL, NULL, NULL, NULL, NULL, NULL, '00000000-0000-0000-0000-000000000001', '00000000-0000-0000-0000-000000000001', '2025-09-11 12:25:37', '2025-09-11 12:25:37', NULL, NULL, '落地签/续签', '20250901', NULL, 1.000000),
('98f5a5fa-1629-45e0-bbf2-91d0f53cd6d5', 'EVOA-0013315041', '焦勇军/胡老师（300李）', '91963ba2-48a0-4c65-8986-eaab860968c3', NULL, NULL, '00000000-0000-0000-0000-000000000001', NULL, 1, NULL, 300.00, 'CNY', 0.00, 300.00, NULL, 'submitted', NULL, NULL, NULL, NULL, NULL, NULL, NULL, '00000000-0000-0000-0000-000000000001', '00000000-0000-0000-0000-000000000001', '2025-10-28 14:52:25', '2025-10-28 16:36:06', NULL, NULL, '落地签', '20251028', NULL, 0.000500),
('99e44373-6cdb-40de-b0d7-ba5d5d337874', 'EVOA-0012044317', '冯哿 /胡老师/斑兔代收860K已收', '7446ee9e-b912-4b96-a8d6-fba01af6f388', NULL, NULL, '00000000-0000-0000-0000-000000000001', NULL, 1, NULL, 860000.00, 'IDR', 0.00, 860000.00, NULL, 'submitted', NULL, NULL, NULL, NULL, NULL, NULL, NULL, '00000000-0000-0000-0000-000000000001', '00000000-0000-0000-0000-000000000001', '2025-09-12 15:11:58', '2025-09-12 18:13:08', NULL, NULL, '落地签', '20250912', NULL, 1.000000),
('9df082bc-7d01-4146-bb9a-b0cb408a29c1', 'EVOA-0012881037', '成金平/Su(300湖北对公收款/已收)', '48c9bdd9-96ae-4271-96c3-b4a20ae7ce98', NULL, NULL, '00000000-0000-0000-0000-000000000001', NULL, 1, NULL, 300.00, 'CNY', 0.00, 300.00, NULL, 'submitted', NULL, NULL, NULL, NULL, NULL, NULL, NULL, '00000000-0000-0000-0000-000000000001', '00000000-0000-0000-0000-000000000001', '2025-10-12 18:09:49', '2025-10-12 18:09:49', NULL, NULL, '落地签', '20251012', NULL, 0.000500),
('9e0a8603-0463-4029-a009-557031aede0c', 'EVOA-0013161005', '常振远/11217（375李）', '86f414a4-6711-4c49-9194-daec5e545aa0', NULL, NULL, '00000000-0000-0000-0000-000000000001', NULL, 1, NULL, 375.00, 'CNY', 0.00, 375.00, NULL, 'submitted', NULL, NULL, NULL, NULL, NULL, NULL, NULL, '00000000-0000-0000-0000-000000000001', '00000000-0000-0000-0000-000000000001', '2025-10-22 12:47:22', '2025-10-22 12:47:22', NULL, NULL, '落地签', '20251022', NULL, 0.000500),
('a0174736-a40b-4281-8b2f-4cbd0f3592f2', 'EVOA-0013089086', '曾晖茗/LOUIS刘祥辉（375企微收款/已收）', '1f3e6a85-b3ca-4783-bcff-7f540cf31851', NULL, NULL, '00000000-0000-0000-0000-000000000001', NULL, 1, NULL, 375.00, 'CNY', 0.00, 375.00, NULL, 'submitted', NULL, NULL, NULL, NULL, NULL, NULL, NULL, '00000000-0000-0000-0000-000000000001', '00000000-0000-0000-0000-000000000001', '2025-10-21 18:15:19', '2025-10-21 18:15:19', NULL, NULL, '落地签', '20251021', NULL, 0.000500),
('a0787aa4-6ca0-49d4-b517-9c726d40a97c', 'EVOA-0013089054', '刘祥辉/LOUIS刘祥辉（375企微/已收）', '946e25fb-d678-4b2b-9d6b-434438c738e2', NULL, NULL, '00000000-0000-0000-0000-000000000001', NULL, 1, NULL, 375.00, 'CNY', 0.00, 375.00, NULL, 'submitted', NULL, NULL, NULL, NULL, NULL, NULL, NULL, '00000000-0000-0000-0000-000000000001', '00000000-0000-0000-0000-000000000001', '2025-10-21 10:59:45', '2025-10-22 14:22:18', NULL, NULL, '落地签', '20251021', NULL, 0.000500),
('a712a42f-5391-4120-aeac-2e8f8a644493', 'EVOA-0012830036', '唐军/10211（300未付）', 'e81cceb4-4c60-45ee-bc30-0057b75c7a7b', NULL, NULL, '00000000-0000-0000-0000-000000000001', NULL, 1, NULL, 300.00, 'CNY', 0.00, 300.00, NULL, 'submitted', NULL, NULL, NULL, NULL, NULL, NULL, NULL, '00000000-0000-0000-0000-000000000001', '00000000-0000-0000-0000-000000000001', '2025-10-09 10:26:51', '2025-10-09 10:26:51', NULL, NULL, '落地签', '20251009', NULL, 0.000500),
('a7fe8969-7758-402d-8170-984c6789bf7c', 'EVOA-0012740003', '张智业/A zzhiy -{600K李}', 'e9649563-72f9-4484-a122-fcb42d0dc8c7', NULL, NULL, '00000000-0000-0000-0000-000000000001', NULL, 1, NULL, 600000.00, 'IDR', 0.00, 600000.00, NULL, 'submitted', NULL, NULL, NULL, NULL, NULL, NULL, NULL, '00000000-0000-0000-0000-000000000001', '00000000-0000-0000-0000-000000000001', '2025-10-06 10:13:36', '2025-10-06 10:13:36', NULL, NULL, '落地签', '20251004', NULL, 1.000000),
('aa4bb781-92d2-4fe8-93f8-451cc4d1b7fb', 'EVOA-0012044211', '衣德政/李燕燕', 'a910e361-3141-4a13-9fd2-cdf602ef4f35', NULL, NULL, '00000000-0000-0000-0000-000000000001', NULL, 1, NULL, NULL, 'IDR', 0.00, NULL, NULL, 'submitted', NULL, NULL, NULL, NULL, NULL, NULL, NULL, '00000000-0000-0000-0000-000000000001', '00000000-0000-0000-0000-000000000001', '2025-09-11 12:26:18', '2025-09-11 12:26:18', NULL, NULL, '落地签/续签', '20250901', NULL, 1.000000),
('b1704584-8bea-4f70-a72f-29b2116e03bc', 'EVOA-0013315017', '韩利邦/胡老师（300李）', '8b55fab1-acb0-46a5-b6dc-15c08052215b', NULL, NULL, '00000000-0000-0000-0000-000000000001', NULL, 1, NULL, 300.00, 'CNY', 0.00, 300.00, NULL, 'submitted', NULL, NULL, NULL, NULL, NULL, NULL, NULL, '00000000-0000-0000-0000-000000000001', '00000000-0000-0000-0000-000000000001', '2025-10-28 14:49:00', '2025-10-28 16:37:44', NULL, NULL, '落地签', '20251028', NULL, 0.000500),
('b7e5f8f9-8e49-4ac9-8d02-fd649df66735', 'EVOA-0012740025', '周清华/এ᭄ℳ๓金°ꦿ⁵²º᭄(375李）', 'c04bb7a4-9966-42bb-bea8-b60d0b706b77', NULL, NULL, '00000000-0000-0000-0000-000000000001', NULL, 1, NULL, 375.00, 'CNY', 0.00, 375.00, NULL, 'submitted', NULL, NULL, NULL, NULL, NULL, NULL, NULL, '00000000-0000-0000-0000-000000000001', '00000000-0000-0000-0000-000000000001', '2025-10-06 14:55:32', '2025-10-06 14:55:32', NULL, NULL, '落地签', '20251006', NULL, 0.000500),
('bb45d75f-1555-413e-bde5-dbe1756bfe05', 'EVOA-0013315117', '崔庆波/胡老师（300李）', '97642aab-7e27-4571-891e-fe8cbdf2a4cb', NULL, NULL, '00000000-0000-0000-0000-000000000001', NULL, 1, NULL, 300.00, 'CNY', 0.00, 300.00, NULL, 'submitted', NULL, NULL, NULL, NULL, NULL, NULL, NULL, '00000000-0000-0000-0000-000000000001', '00000000-0000-0000-0000-000000000001', '2025-10-28 16:39:33', '2025-10-28 16:39:33', NULL, NULL, '落地签', '20251028', NULL, 0.000500),
('bc340cf3-ca91-441d-9809-e7fa269e4bdf', 'EVOA-0013299008', '刘红兵/中国饭刘红兵', '8b885837-e5b4-44a4-a443-e2e477d69674', NULL, NULL, '00000000-0000-0000-0000-000000000001', NULL, 1, NULL, 700.00, 'CNY', 0.00, 700.00, NULL, 'submitted', NULL, NULL, NULL, NULL, NULL, NULL, NULL, '00000000-0000-0000-0000-000000000001', '00000000-0000-0000-0000-000000000001', '2025-10-27 17:21:30', '2025-10-27 17:21:30', NULL, NULL, '落地签/续签', '20251027', NULL, 0.000500),
('bdc9e924-f1af-4da2-9e36-430cfc611f01', 'EVOA-0012395005', '顾金帅/11183 {750K斑兔代收}', '6f9f2c13-bef6-4e11-abed-974fe3ee7481', NULL, NULL, '00000000-0000-0000-0000-000000000001', NULL, 1, NULL, 750000.00, 'IDR', 0.00, 750000.00, NULL, 'submitted', NULL, NULL, NULL, NULL, NULL, NULL, NULL, '00000000-0000-0000-0000-000000000001', '00000000-0000-0000-0000-000000000001', '2025-09-24 11:45:24', '2025-09-24 11:45:24', NULL, NULL, '落地签', '20250924', NULL, 1.000000),
('bf0aa6a1-68fa-4e40-81ee-12ff0c308c42', 'EVOA-0012881069', '岑汝绮/Su(300湖北斑兔收款/已收)', 'b745b50e-968d-439d-baa7-558559e95eb2', NULL, NULL, '00000000-0000-0000-0000-000000000001', NULL, 1, NULL, 300.00, 'CNY', 0.00, 300.00, NULL, 'submitted', NULL, NULL, NULL, NULL, NULL, NULL, NULL, '00000000-0000-0000-0000-000000000001', '00000000-0000-0000-0000-000000000001', '2025-10-12 18:40:35', '2025-10-12 18:40:35', NULL, NULL, '落地签', '20251012', NULL, 0.000500),
('c386be5e-b7f1-4312-a7e0-f453b0279ddc', 'EVOA-0012559079', '管兰兰/?Lucky?{300李}', 'a4efa421-ae67-4190-a382-fce6ae6195b0', NULL, NULL, '00000000-0000-0000-0000-000000000001', NULL, 1, NULL, 300.00, 'CNY', 0.00, 300.00, NULL, 'submitted', NULL, NULL, NULL, NULL, NULL, NULL, NULL, '00000000-0000-0000-0000-000000000001', '00000000-0000-0000-0000-000000000001', '2025-09-29 11:26:45', '2025-09-29 11:49:59', NULL, NULL, '落地签', '20250929', NULL, 0.000500),
('c3ee52a7-159e-4959-abc1-74f706d1af6b', 'EVOA-0013469015', '张荣辉/静(350李）', '2d9e9da4-223e-430d-ae55-f5198e4c22ff', NULL, NULL, '00000000-0000-0000-0000-000000000001', NULL, 1, NULL, 350.00, 'CNY', 0.00, 350.00, NULL, 'submitted', NULL, NULL, NULL, NULL, NULL, NULL, NULL, '00000000-0000-0000-0000-000000000001', '00000000-0000-0000-0000-000000000001', '2025-10-31 11:25:08', '2025-10-31 11:25:08', NULL, NULL, '落地签', '20251031', NULL, 0.000500),
('c7889b87-17e3-44d7-bed6-c9ec22279c54', 'EVOA-0012830006', '李荣培/10617(280李）', 'eae8bf3b-ac1d-4388-b045-579c9bbe097b', NULL, NULL, '00000000-0000-0000-0000-000000000001', NULL, 1, NULL, 280.00, 'CNY', 0.00, 280.00, NULL, 'submitted', NULL, NULL, NULL, NULL, NULL, NULL, NULL, '00000000-0000-0000-0000-000000000001', '00000000-0000-0000-0000-000000000001', '2025-10-09 10:23:33', '2025-10-09 10:23:33', NULL, NULL, '落地签', '20251008', NULL, 0.000500),
('cdee8f98-5e70-401e-b930-db7ba955a2ee', 'EVOA-0013229035', '池毓祯/11099斑兔&商务签（750已收）', '81dcfa7b-72cf-4fae-ab65-f01092b781ce', NULL, NULL, '00000000-0000-0000-0000-000000000001', NULL, 1, NULL, 750.00, 'CNY', 0.00, 750.00, NULL, 'submitted', NULL, NULL, NULL, NULL, NULL, NULL, NULL, '00000000-0000-0000-0000-000000000001', '00000000-0000-0000-0000-000000000001', '2025-10-24 14:53:29', '2025-11-03 11:00:49', NULL, NULL, '落地签/续签', '20251024', NULL, 0.000500),
('ce505d42-73b3-4f38-b08e-e55be5c0bbde', 'EVOA-0012881083', '刘军/海图&斑兔订单执行群', '379292b3-f49e-4627-a0fe-22f5fcaa2e58', NULL, NULL, '00000000-0000-0000-0000-000000000001', NULL, 1, NULL, NULL, 'IDR', 0.00, NULL, NULL, 'submitted', NULL, NULL, NULL, NULL, NULL, NULL, NULL, '00000000-0000-0000-0000-000000000001', '00000000-0000-0000-0000-000000000001', '2025-10-13 14:54:16', '2025-10-20 15:20:18', NULL, NULL, '落地签/续签', '20251013', NULL, 1.000000),
('ceda7912-6970-4823-90a0-d9478ea4b714', 'EVOA-0012502032', '刘华远/10211{300元湖北对公未付}', 'eb418304-8c11-4908-bec3-6438f3311705', NULL, NULL, '00000000-0000-0000-0000-000000000001', NULL, 1, NULL, 300.00, 'CNY', 0.00, 300.00, NULL, 'submitted', NULL, NULL, NULL, NULL, NULL, NULL, NULL, '00000000-0000-0000-0000-000000000001', '00000000-0000-0000-0000-000000000001', '2025-09-26 11:02:14', '2025-09-26 11:02:14', NULL, NULL, '落地签', '20250926', NULL, 0.000500),
('ceec69a3-01ba-418c-ab68-000d6682e7bd', 'EVOA-0012044216', '李荣培10617（700元/已收）', '8d13e73e-9868-4511-8f15-6ceff26aad21', NULL, NULL, '00000000-0000-0000-0000-000000000001', NULL, 1, NULL, 700.00, 'CNY', 0.00, 700.00, NULL, 'submitted', NULL, NULL, NULL, NULL, NULL, NULL, NULL, '00000000-0000-0000-0000-000000000001', '00000000-0000-0000-0000-000000000001', '2025-09-11 12:27:11', '2025-09-11 12:27:11', NULL, NULL, '落地签/续签', '20250908', NULL, 0.000500),
('d33395e0-da2b-47bc-a7f8-602798544565', 'EVOA-0013514096', '陶龙彪/问道（1.7jt已收）', '5a0fbf2e-70b2-418c-a492-758e286d1cbe', NULL, NULL, '00000000-0000-0000-0000-000000000001', NULL, 1, NULL, 1700000.00, 'IDR', 0.00, 1700000.00, NULL, 'submitted', NULL, NULL, NULL, NULL, NULL, NULL, NULL, '00000000-0000-0000-0000-000000000001', '00000000-0000-0000-0000-000000000001', '2025-11-03 11:04:51', '2025-11-03 11:04:51', NULL, NULL, '落地签/续签', '20251103', NULL, 1.000000),
('d5fc2028-2b25-406e-a12a-5a7ae00f3798', 'EVOA-0012559029', '潘星辰/斑兔企服&签证{375李}', '4ccd7e04-55e5-4ad7-a1f3-119e012cb208', NULL, NULL, '00000000-0000-0000-0000-000000000001', NULL, 1, NULL, 375.00, 'CNY', 0.00, 375.00, NULL, 'submitted', NULL, NULL, NULL, NULL, NULL, NULL, NULL, '00000000-0000-0000-0000-000000000001', '00000000-0000-0000-0000-000000000001', '2025-09-29 10:40:30', '2025-09-29 11:50:28', NULL, NULL, '落地签', '20250929', NULL, 0.000500),
('de91567f-0d44-43b1-aef7-f821e4d7c73d', 'EVOA-0013013039', '马斌/斑兔企服&翁总 落地签（企微收款330/已收）', '1625a389-361f-4f94-b0d5-67befbdfb130', NULL, NULL, '00000000-0000-0000-0000-000000000001', NULL, 1, NULL, 330.00, 'CNY', 0.00, 330.00, NULL, 'submitted', NULL, NULL, NULL, NULL, NULL, NULL, NULL, '00000000-0000-0000-0000-000000000001', '00000000-0000-0000-0000-000000000001', '2025-10-16 10:42:04', '2025-10-16 10:59:08', NULL, NULL, '落地签', '20251016', NULL, 0.000500),
('e0d99013-ceb6-4529-9e57-994ffa6cd08c', 'EVOA-0012502005', '黄 安/10211{300元湖北对公未付}', 'd73a3aeb-8535-4e11-8418-c1e3ad389846', NULL, NULL, '00000000-0000-0000-0000-000000000001', NULL, 1, NULL, 300.00, 'CNY', 0.00, 300.00, NULL, 'submitted', NULL, NULL, NULL, NULL, NULL, NULL, NULL, '00000000-0000-0000-0000-000000000001', '00000000-0000-0000-0000-000000000001', '2025-09-26 10:57:53', '2025-09-26 11:00:24', NULL, NULL, '落地签', '20250926', NULL, 0.000500),
('e1790a13-e912-4698-8d92-cec8ea6baabc', 'EVOA-0012945061', '卢次花/10422（750K李）', 'ae692583-720f-4cc6-a099-a0ac5c22327f', NULL, NULL, '00000000-0000-0000-0000-000000000001', NULL, 1, NULL, 750000.00, 'IDR', 0.00, 750000.00, NULL, 'submitted', NULL, NULL, NULL, NULL, NULL, NULL, NULL, '00000000-0000-0000-0000-000000000001', '00000000-0000-0000-0000-000000000001', '2025-10-14 15:44:57', '2025-10-22 14:16:24', NULL, NULL, '落地签', '20251014', NULL, 1.000000),
('e1b1a916-0ddb-4153-b12a-43f01b50708e', 'EVOA-0013315053', '李小琴/胡老师（300李）', '185883cc-3782-43b9-951f-8e953f2e1a01', NULL, NULL, '00000000-0000-0000-0000-000000000001', NULL, 1, NULL, 300.00, 'CNY', 0.00, 300.00, NULL, 'submitted', NULL, NULL, NULL, NULL, NULL, NULL, NULL, '00000000-0000-0000-0000-000000000001', '00000000-0000-0000-0000-000000000001', '2025-10-28 14:53:24', '2025-10-28 16:35:54', NULL, NULL, '落地签', '20251028', NULL, 0.000500),
('e29dca3d-013c-43e9-b35f-98a1c3f3ff51', 'EVOA-0012118086', '孔沛10727（750K李）', '030929c5-f3ed-49de-ba44-64dd3bd55b8f', NULL, NULL, '00000000-0000-0000-0000-000000000001', NULL, 1, NULL, 750000.00, 'IDR', 0.00, 750000.00, NULL, 'submitted', NULL, NULL, NULL, NULL, NULL, NULL, NULL, '00000000-0000-0000-0000-000000000001', '00000000-0000-0000-0000-000000000001', '2025-09-16 12:04:16', '2025-09-17 13:52:55', NULL, NULL, '落地签', '20250916', NULL, 1.000000),
('e48e19df-47d6-41ae-a4a7-d51d4e9ea4c9', 'EVOA-0012044248', '钟生文10211（300未付）', '3cb6078a-aca6-458e-b7b2-4912fb30f473', NULL, NULL, '00000000-0000-0000-0000-000000000001', NULL, 1, NULL, 300.00, 'CNY', 0.00, 300.00, NULL, 'submitted', NULL, NULL, NULL, NULL, NULL, NULL, NULL, '00000000-0000-0000-0000-000000000001', '00000000-0000-0000-0000-000000000001', '2025-09-11 16:07:36', '2025-09-11 16:35:57', NULL, NULL, '落地签', '20250911', NULL, 0.000500),
('ea316193-b737-4069-9116-b50f37d4bc4f', 'EVOA-0012044327', '卞超飞/胡老师/斑兔代收860K已收', '1a946c44-a5d0-41a4-81ac-04c3a656f1fb', NULL, NULL, '00000000-0000-0000-0000-000000000001', NULL, 1, NULL, 860000.00, 'IDR', 0.00, 860000.00, NULL, 'submitted', NULL, NULL, NULL, NULL, NULL, NULL, NULL, '00000000-0000-0000-0000-000000000001', '00000000-0000-0000-0000-000000000001', '2025-09-12 15:14:45', '2025-09-12 18:10:23', NULL, NULL, '落地签', '20250912', NULL, 1.000000),
('ed3ba9ed-5475-4c11-a98c-6b01218f395c', 'EVOA-0013374003', '李明月/淘宝（259李）', 'ea0998a5-5bad-4383-8ba6-ea6227b2727d', NULL, NULL, '00000000-0000-0000-0000-000000000001', NULL, 1, NULL, 259.00, 'CNY', 0.00, 259.00, NULL, 'submitted', NULL, NULL, NULL, NULL, NULL, NULL, NULL, '00000000-0000-0000-0000-000000000001', '00000000-0000-0000-0000-000000000001', '2025-10-29 14:29:56', '2025-10-29 14:29:56', NULL, NULL, '落地签', '20251029', NULL, 0.000500),
('ed5b1fae-0a4c-4cb9-95bd-f77da3b94037', 'EVOA-0013514019', '秦进/11091(375湖北斑兔已收）', 'bc623d3e-3e1b-4aaf-9ecd-6f6bec7ba973', NULL, NULL, '00000000-0000-0000-0000-000000000001', NULL, 1, NULL, 375.00, 'CNY', 0.00, 375.00, NULL, 'submitted', NULL, NULL, NULL, NULL, NULL, NULL, NULL, '00000000-0000-0000-0000-000000000001', '00000000-0000-0000-0000-000000000001', '2025-11-02 15:53:40', '2025-11-03 10:31:32', NULL, NULL, '落地签', '20251102', NULL, 0.000500),
('ef861c5e-f6eb-4a8b-916b-ce78be1ddea3', 'EVOA-0012757040', '卢兆远/10211（300未付）', '3653f9b9-e1ee-4d6d-9d66-1ae405b0cc74', NULL, NULL, '00000000-0000-0000-0000-000000000001', NULL, 1, NULL, 300.00, 'CNY', 0.00, 300.00, NULL, 'submitted', NULL, NULL, NULL, NULL, NULL, NULL, NULL, '00000000-0000-0000-0000-000000000001', '00000000-0000-0000-0000-000000000001', '2025-10-07 11:55:09', '2025-10-07 12:08:48', NULL, NULL, '落地签', '20251007', NULL, 0.000500),
('f0ae703b-edbc-4aff-a76f-d2b507e2725a', 'EVOA-0012945005', '臧芬彦/晴朗天空(350李）', '16c87a04-40a0-4651-b62d-690bcba7ed16', NULL, NULL, '00000000-0000-0000-0000-000000000001', NULL, 1, NULL, 350.00, 'CNY', 0.00, 350.00, NULL, 'submitted', NULL, NULL, NULL, NULL, NULL, NULL, NULL, '00000000-0000-0000-0000-000000000001', '00000000-0000-0000-0000-000000000001', '2025-10-14 14:27:13', '2025-10-14 14:57:53', NULL, NULL, '落地签', '20251014', NULL, 0.000500),
('f20e8e72-9efb-4b1a-a5b9-67773c7a3192', 'EVOA-0013315073', '袁龙/淘宝(259李)', '836e7d4c-e067-486e-a2c3-e07e5a0b4cc9', NULL, NULL, '00000000-0000-0000-0000-000000000001', NULL, 1, NULL, 259.00, 'CNY', 0.00, 259.00, NULL, 'submitted', NULL, NULL, NULL, NULL, NULL, NULL, NULL, '00000000-0000-0000-0000-000000000001', '00000000-0000-0000-0000-000000000001', '2025-10-28 16:06:57', '2025-10-29 14:32:13', NULL, NULL, '落地签', '20251028', NULL, 0.000500),
('f2594b03-3ec3-4d85-a957-bd9aee5747f0', 'EVOA-0012881005', '杨勇/安徽坤点建筑科技有限公司（280李）', '1dfd09d2-1951-4ac3-89ac-3083779d6455', NULL, NULL, '00000000-0000-0000-0000-000000000001', NULL, 1, NULL, 280.00, 'CNY', 0.00, 280.00, NULL, 'submitted', NULL, NULL, NULL, NULL, NULL, NULL, NULL, '00000000-0000-0000-0000-000000000001', '00000000-0000-0000-0000-000000000001', '2025-10-12 00:10:46', '2025-10-12 00:10:46', NULL, NULL, '落地签', '20251012', NULL, 0.000500),
('f25aaf1a-9c9a-4b13-8b28-27f715033bf9', 'EVOA-0012757003', '甘芳华/10211(700未付）', '086d4e03-6043-4661-a47a-300a2dea3812', NULL, NULL, '00000000-0000-0000-0000-000000000001', NULL, 1, NULL, 1400000.00, 'IDR', 0.00, 1400000.00, NULL, 'submitted', NULL, NULL, NULL, NULL, NULL, NULL, NULL, '00000000-0000-0000-0000-000000000001', '00000000-0000-0000-0000-000000000001', '2025-10-06 17:06:09', '2025-10-09 15:23:44', NULL, NULL, '落地签/续签', '20251006', NULL, 1.000000),
('fc408a97-51f8-4632-8365-3e9308e300e5', 'EVOA-0012355029', '毛宇辰/李燕燕 hera', '39e17cf5-04e8-4b21-858f-03d4e69c515e', NULL, NULL, '00000000-0000-0000-0000-000000000001', NULL, 1, NULL, NULL, 'IDR', 0.00, NULL, NULL, 'submitted', NULL, NULL, NULL, NULL, NULL, NULL, NULL, '00000000-0000-0000-0000-000000000001', '00000000-0000-0000-0000-000000000001', '2025-09-23 13:56:49', '2025-09-26 14:09:16', NULL, NULL, '落地签/续签', '20250923', NULL, 1.000000),
('fdd34a63-0162-4a5b-bf91-3ce01f3e7589', 'EVOA-0012799009', '张进/10995(700元/企微收款）', 'e4cb933b-9a45-4323-b666-01f80dc44f37', NULL, NULL, '00000000-0000-0000-0000-000000000001', NULL, 1, NULL, 700.00, 'CNY', 0.00, 700.00, NULL, 'submitted', NULL, NULL, NULL, NULL, NULL, NULL, NULL, '00000000-0000-0000-0000-000000000001', '00000000-0000-0000-0000-000000000001', '2025-10-08 14:45:03', '2025-10-10 14:29:56', NULL, NULL, '落地签/续签', '20251008', NULL, 0.000500),
('fec5ac25-5a53-44d8-8343-285e2172c372', 'EVOA-0013315005', '田志华/10995(300未付）', '20ebdcee-1694-4cd2-8d56-bfc33f3c7074', NULL, NULL, '00000000-0000-0000-0000-000000000001', NULL, 1, NULL, 300.00, 'CNY', 0.00, 300.00, NULL, 'submitted', NULL, NULL, NULL, NULL, NULL, NULL, NULL, '00000000-0000-0000-0000-000000000001', '00000000-0000-0000-0000-000000000001', '2025-10-28 11:21:48', '2025-10-28 15:07:37', NULL, NULL, '落地签', '20251028', NULL, 0.000500);

INSERT INTO `organization_domains` (`id`, `code`, `name_zh`, `name_id`, `description_zh`, `description_id`, `display_order`, `is_active`, `created_at`, `updated_at`) VALUES
('4bfe79d7-c7c7-11f0-8cb1-cad6171ac9f8', 'legal', '法务领域', 'Bidang Hukum', '法律相关服务', 'Layanan terkait hukum', 1, 1, '2025-11-22 17:18:43', '2025-11-22 17:18:43'),
('4bfe7a31-c7c7-11f0-8cb1-cad6171ac9f8', 'factory', '工厂领域', 'Bidang Pabrik', '工厂相关服务', 'Layanan terkait pabrik', 2, 1, '2025-11-22 17:18:43', '2025-11-22 17:18:43'),
('4bfe7a40-c7c7-11f0-8cb1-cad6171ac9f8', 'trading', '贸易领域', 'Bidang Perdagangan', '贸易相关服务', 'Layanan terkait perdagangan', 3, 1, '2025-11-22 17:18:43', '2025-11-22 17:18:43'),
('4bfe7a4d-c7c7-11f0-8cb1-cad6171ac9f8', 'logistics', '物流领域', 'Bidang Logistik', '物流相关服务', 'Layanan terkait logistik', 4, 1, '2025-11-22 17:18:43', '2025-11-22 17:18:43'),
('4bfe7a58-c7c7-11f0-8cb1-cad6171ac9f8', 'finance', '金融领域', 'Bidang Keuangan', '金融相关服务', 'Layanan terkait keuangan', 5, 1, '2025-11-22 17:18:43', '2025-11-22 17:18:43'),
('4bfe7a64-c7c7-11f0-8cb1-cad6171ac9f8', 'technology', '科技领域', 'Bidang Teknologi', '科技相关服务', 'Layanan terkait teknologi', 6, 1, '2025-11-22 17:18:43', '2025-11-22 17:18:43'),
('4bfe7a6f-c7c7-11f0-8cb1-cad6171ac9f8', 'education', '教育领域', 'Bidang Pendidikan', '教育相关服务', 'Layanan terkait pendidikan', 7, 1, '2025-11-22 17:18:43', '2025-11-22 17:18:43'),
('4bfe7a7a-c7c7-11f0-8cb1-cad6171ac9f8', 'healthcare', '医疗领域', 'Bidang Kesehatan', '医疗相关服务', 'Layanan terkait kesehatan', 8, 1, '2025-11-22 17:18:43', '2025-11-22 17:18:43'),
('4bfe7a84-c7c7-11f0-8cb1-cad6171ac9f8', 'real_estate', '房地产领域', 'Bidang Real Estate', '房地产相关服务', 'Layanan terkait real estate', 9, 1, '2025-11-22 17:18:43', '2025-11-22 17:18:43'),
('4bfe7a90-c7c7-11f0-8cb1-cad6171ac9f8', 'tourism', '旅游领域', 'Bidang Pariwisata', '旅游相关服务', 'Layanan terkait pariwisata', 10, 1, '2025-11-22 17:18:43', '2025-11-22 17:18:43');

INSERT INTO `organization_employees` (`id`, `user_id`, `organization_id`, `first_name`, `last_name`, `full_name`, `email`, `phone`, `position`, `department`, `employee_number`, `is_primary`, `is_manager`, `is_decision_maker`, `is_active`, `joined_at`, `left_at`, `id_external`, `external_user_id`, `notes`, `created_by`, `updated_by`, `created_at`, `updated_at`) VALUES
('678b65a2-377e-4fac-8ab6-b1aa5a13c063', '72fafd73-338e-4d5a-ad47-a28d19f962c0', '00000000-0000-0000-0000-000000000001', NULL, NULL, ' ', NULL, NULL, NULL, NULL, NULL, 1, 0, 0, 1, NULL, NULL, NULL, NULL, NULL, NULL, NULL, '2025-11-16 12:58:05', '2025-11-16 12:58:05'),
('81be8518-73da-411f-8405-fca9a0a61a3e', '00000000-0000-0000-0000-000000000002', '00000000-0000-0000-0000-000000000001', NULL, NULL, ' ', NULL, NULL, NULL, NULL, NULL, 1, 0, 0, 1, NULL, NULL, NULL, NULL, NULL, NULL, NULL, '2025-11-23 15:45:14', '2025-11-23 15:45:14');

INSERT INTO `organizations` (`id`, `name`, `code`, `external_id`, `organization_type`, `parent_id`, `email`, `phone`, `website`, `logo_url`, `description`, `street`, `city`, `state_province`, `postal_code`, `country_region`, `country`, `country_code`, `company_size`, `company_nature`, `company_type`, `industry`, `industry_code`, `sub_industry`, `business_scope`, `registration_number`, `tax_id`, `legal_representative`, `established_date`, `registered_capital`, `registered_capital_currency`, `company_status`, `annual_revenue`, `annual_revenue_currency`, `employee_count`, `revenue_year`, `certifications`, `business_license_url`, `tax_certificate_url`, `is_active`, `is_locked`, `is_verified`, `verified_at`, `verified_by`, `owner_id_external`, `owner_name`, `created_by_external`, `created_by_name`, `updated_by_external`, `updated_by_name`, `created_at_src`, `updated_at_src`, `last_action_at_src`, `linked_module`, `linked_id_external`, `tags`, `do_not_email`, `unsubscribe_method`, `unsubscribe_date_src`, `created_at`, `updated_at`) VALUES
('00000000-0000-0000-0000-000000000001', 'BANTU Enterprise Services', 'BANTU', NULL, 'internal', NULL, 'info@bantu.sbs', '+86-400-000-0000', 'https://www.bantu.sbs', 'https://www.bantu.sbs/logo.png', 'BANTU Enterprise Services - ä¼ä¸šçº§ CRM ç³»ç»Ÿæä¾›å•†', 'ç¤ºä¾‹è¡—é“åœ°å€', 'åŒ—äº¬', 'åŒ—äº¬å¸‚', '100000', 'ä¸­å›½', 'ä¸­å›½', 'CN', 'medium', 'private', 'limited', 'ä¿¡æ¯æŠ€æœ¯', 'I65', 'è½¯ä»¶å¼€å‘', 'ä¼ä¸šçº§ CRM ç³»ç»Ÿå¼€å‘ã€é”€å”®å’ŒæœåŠ¡', '91110000MA00000001', '91110000MA00000001', 'æ³•å®šä»£è¡¨äºº', '2020-01-01', 1000000.00, 'CNY', 'normal', 5000000.00, 'CNY', 50, 2024, '["ISO9001"]', NULL, NULL, 1, 0, 0, NULL, NULL, NULL, NULL, NULL, NULL, NULL, NULL, NULL, NULL, NULL, NULL, NULL, '[]', NULL, NULL, NULL, '2025-11-15 09:38:22', '2025-11-15 09:38:22'),
('d39fd315-c206-11f0-b41d-06091ff37b5e', '印尼法务团队', 'VENDOR_CODE', NULL, 'vendor', NULL, 'vendor@example.com', '+86-400-000-0000', 'https://vendor.example.com', NULL, 'ä¾›åº”å•†æè¿°ä¿¡æ¯', 'è¡—é“åœ°å€', 'åŸŽå¸‚', 'çœ/å·ž', 'é‚®ç¼–', NULL, 'ä¸­å›½', 'CN', 'medium', 'private', 'limited', 'è¡Œä¸šé¢†åŸŸ', NULL, NULL, NULL, NULL, NULL, NULL, NULL, NULL, 'CNY', NULL, NULL, 'CNY', NULL, NULL, '[]', NULL, NULL, 1, 1, 0, NULL, NULL, NULL, NULL, NULL, NULL, NULL, NULL, NULL, NULL, NULL, NULL, NULL, '[]', NULL, NULL, NULL, '2025-11-15 09:38:22', '2025-11-23 13:57:02');
INSERT INTO `permissions` (`id`, `code`, `name_zh`, `name_id`, `description_zh`, `description_id`, `resource_type`, `action`, `display_order`, `is_active`, `created_at`, `updated_at`) VALUES
('1cbd47b4-c7c6-11f0-8cb1-cad6171ac9f8', 'user.create', '创建用户', 'Buat Pengguna', '创建新用户', 'Membuat pengguna baru', 'user', 'create', 10, 1, '2025-11-22 17:10:14', '2025-11-22 17:10:14'),
('1cbd61b0-c7c6-11f0-8cb1-cad6171ac9f8', 'user.view', '查看用户', 'Lihat Pengguna', '查看用户详情', 'Melihat detail pengguna', 'user', 'view', 20, 1, '2025-11-22 17:10:14', '2025-11-22 17:10:14'),
('1cbd673a-c7c6-11f0-8cb1-cad6171ac9f8', 'user.update', '更新用户', 'Perbarui Pengguna', '更新用户信息', 'Memperbarui informasi pengguna', 'user', 'update', 30, 1, '2025-11-22 17:10:14', '2025-11-22 17:10:14'),
('1cbd7039-c7c6-11f0-8cb1-cad6171ac9f8', 'user.delete', '删除用户', 'Hapus Pengguna', '删除用户（锁定）', 'Menghapus pengguna (mengunci)', 'user', 'delete', 40, 1, '2025-11-22 17:10:14', '2025-11-22 17:10:14'),
('1cbd71c7-c7c6-11f0-8cb1-cad6171ac9f8', 'user.list', '用户列表', 'Daftar Pengguna', '查看用户列表', 'Melihat daftar pengguna', 'user', 'list', 50, 1, '2025-11-22 17:10:14', '2025-11-22 17:10:14'),
('1cbd7293-c7c6-11f0-8cb1-cad6171ac9f8', 'user.lock', '锁定用户', 'Kunci Pengguna', '锁定/解锁用户', 'Mengunci/membuka kunci pengguna', 'user', 'lock', 60, 1, '2025-11-22 17:10:14', '2025-11-22 17:10:14'),
('1cbd735f-c7c6-11f0-8cb1-cad6171ac9f8', 'organization.create', '创建组织', 'Buat Organisasi', '创建新组织', 'Membuat organisasi baru', 'organization', 'create', 100, 1, '2025-11-22 17:10:14', '2025-11-22 17:10:14'),
('1cbd73f4-c7c6-11f0-8cb1-cad6171ac9f8', 'organization.view', '查看组织', 'Lihat Organisasi', '查看组织详情', 'Melihat detail organisasi', 'organization', 'view', 110, 1, '2025-11-22 17:10:14', '2025-11-22 17:10:14'),
('1cbd74b7-c7c6-11f0-8cb1-cad6171ac9f8', 'organization.update', '更新组织', 'Perbarui Organisasi', '更新组织信息', 'Memperbarui informasi organisasi', 'organization', 'update', 120, 1, '2025-11-22 17:10:14', '2025-11-22 17:10:14'),
('1cbd8085-c7c6-11f0-8cb1-cad6171ac9f8', 'organization.delete', '删除组织', 'Hapus Organisasi', '删除组织（锁定）', 'Menghapus organisasi (mengunci)', 'organization', 'delete', 130, 1, '2025-11-22 17:10:14', '2025-11-22 17:10:14'),
('1cbd819f-c7c6-11f0-8cb1-cad6171ac9f8', 'organization.list', '组织列表', 'Daftar Organisasi', '查看组织列表', 'Melihat daftar organisasi', 'organization', 'list', 140, 1, '2025-11-22 17:10:14', '2025-11-22 17:10:14'),
('1cbd8279-c7c6-11f0-8cb1-cad6171ac9f8', 'organization.lock', '锁定组织', 'Kunci Organisasi', '锁定/解锁组织', 'Mengunci/membuka kunci organisasi', 'organization', 'lock', 150, 1, '2025-11-22 17:10:14', '2025-11-22 17:10:14'),
('1cbdc3a6-c7c6-11f0-8cb1-cad6171ac9f8', 'role.create', '创建角色', 'Buat Peran', '创建新角色', 'Membuat peran baru', 'role', 'create', 200, 1, '2025-11-22 17:10:14', '2025-11-22 17:10:14'),
('1cbdc456-c7c6-11f0-8cb1-cad6171ac9f8', 'role.view', '查看角色', 'Lihat Peran', '查看角色详情', 'Melihat detail peran', 'role', 'view', 210, 1, '2025-11-22 17:10:14', '2025-11-22 17:10:14'),
('1cbdc67c-c7c6-11f0-8cb1-cad6171ac9f8', 'role.update', '更新角色', 'Perbarui Peran', '更新角色信息', 'Memperbarui informasi peran', 'role', 'update', 220, 1, '2025-11-22 17:10:14', '2025-11-22 17:10:14'),
('1cbdc761-c7c6-11f0-8cb1-cad6171ac9f8', 'role.delete', '删除角色', 'Hapus Peran', '删除角色', 'Menghapus peran', 'role', 'delete', 230, 1, '2025-11-22 17:10:14', '2025-11-22 17:10:14'),
('1cbdc827-c7c6-11f0-8cb1-cad6171ac9f8', 'role.list', '角色列表', 'Daftar Peran', '查看角色列表', 'Melihat daftar peran', 'role', 'list', 240, 1, '2025-11-22 17:10:14', '2025-11-22 17:10:14'),
('1cbdc924-c7c6-11f0-8cb1-cad6171ac9f8', 'role.assign', '分配角色', 'Tetapkan Peran', '为用户分配角色', 'Menetapkan peran untuk pengguna', 'role', 'assign', 250, 1, '2025-11-22 17:10:14', '2025-11-22 17:10:14'),
('1cbdc994-c7c6-11f0-8cb1-cad6171ac9f8', 'permission.view', '查看权限', 'Lihat Izin', '查看权限列表', 'Melihat daftar izin', 'permission', 'view', 300, 1, '2025-11-22 17:10:14', '2025-11-22 17:10:14'),
('1cbdca05-c7c6-11f0-8cb1-cad6171ac9f8', 'permission.manage', '管理权限', 'Kelola Izin', '管理权限配置', 'Mengelola konfigurasi izin', 'permission', 'manage', 310, 1, '2025-11-22 17:10:14', '2025-11-22 17:10:14'),
('1cbdca73-c7c6-11f0-8cb1-cad6171ac9f8', 'menu.view', '查看菜单', 'Lihat Menu', '查看菜单配置', 'Melihat konfigurasi menu', 'menu', 'view', 400, 1, '2025-11-22 17:10:14', '2025-11-22 17:10:14'),
('1cbdcae3-c7c6-11f0-8cb1-cad6171ac9f8', 'menu.manage', '管理菜单', 'Kelola Menu', '管理菜单配置', 'Mengelola konfigurasi menu', 'menu', 'manage', 410, 1, '2025-11-22 17:10:14', '2025-11-22 17:10:14'),
('1cbdcb4a-c7c6-11f0-8cb1-cad6171ac9f8', 'lead.create', '创建线索', 'Buat Prospek', '创建新线索', 'Membuat prospek baru', 'lead', 'create', 500, 1, '2025-11-22 17:10:14', '2025-11-22 17:10:14'),
('1cbdcbb0-c7c6-11f0-8cb1-cad6171ac9f8', 'lead.view', '查看线索', 'Lihat Prospek', '查看线索详情', 'Melihat detail prospek', 'lead', 'view', 510, 1, '2025-11-22 17:10:14', '2025-11-22 17:10:14'),
('1cbdd10a-c7c6-11f0-8cb1-cad6171ac9f8', 'lead.update', '更新线索', 'Perbarui Prospek', '更新线索信息', 'Memperbarui informasi prospek', 'lead', 'update', 520, 1, '2025-11-22 17:10:14', '2025-11-22 17:10:14'),
('1cbdd193-c7c6-11f0-8cb1-cad6171ac9f8', 'lead.list', '线索列表', 'Daftar Prospek', '查看线索列表', 'Melihat daftar prospek', 'lead', 'list', 530, 1, '2025-11-22 17:10:14', '2025-11-22 17:10:14'),
('1cbdd226-c7c6-11f0-8cb1-cad6171ac9f8', 'lead.convert', '转化商机', 'Konversi Peluang', '将线索转化为商机', 'Mengonversi prospek menjadi peluang', 'lead', 'convert', 540, 1, '2025-11-22 17:10:14', '2025-11-22 17:10:14'),
('1cbdd299-c7c6-11f0-8cb1-cad6171ac9f8', 'opportunity.create', '创建商机', 'Buat Peluang', '创建新商机', 'Membuat peluang baru', 'opportunity', 'create', 600, 1, '2025-11-22 17:10:14', '2025-11-22 17:10:14'),
('1cbdd306-c7c6-11f0-8cb1-cad6171ac9f8', 'opportunity.view', '查看商机', 'Lihat Peluang', '查看商机详情', 'Melihat detail peluang', 'opportunity', 'view', 610, 1, '2025-11-22 17:10:14', '2025-11-22 17:10:14'),
('1cbdd375-c7c6-11f0-8cb1-cad6171ac9f8', 'opportunity.update', '更新商机', 'Perbarui Peluang', '更新商机信息', 'Memperbarui informasi peluang', 'opportunity', 'update', 620, 1, '2025-11-22 17:10:14', '2025-11-22 17:10:14'),
('1cbdd46b-c7c6-11f0-8cb1-cad6171ac9f8', 'opportunity.list', '商机列表', 'Daftar Peluang', '查看商机列表', 'Melihat daftar peluang', 'opportunity', 'list', 630, 1, '2025-11-22 17:10:14', '2025-11-22 17:10:14'),
('1cbdd543-c7c6-11f0-8cb1-cad6171ac9f8', 'order.receive', '接收订单', 'Terima Pesanan', '接收新订单', 'Menerima pesanan baru', 'order', 'receive', 700, 1, '2025-11-22 17:10:14', '2025-11-22 17:10:14'),
('1cbdd5fd-c7c6-11f0-8cb1-cad6171ac9f8', 'order.view', '查看订单', 'Lihat Pesanan', '查看订单详情', 'Melihat detail pesanan', 'order', 'view', 710, 1, '2025-11-22 17:10:14', '2025-11-22 17:10:14'),
('1cbdd6c5-c7c6-11f0-8cb1-cad6171ac9f8', 'order.update', '更新订单', 'Perbarui Pesanan', '更新订单信息', 'Memperbarui informasi pesanan', 'order', 'update', 720, 1, '2025-11-22 17:10:14', '2025-11-22 17:10:14'),
('1cbdd7c2-c7c6-11f0-8cb1-cad6171ac9f8', 'order.list', '订单列表', 'Daftar Pesanan', '查看订单列表', 'Melihat daftar pesanan', 'order', 'list', 730, 1, '2025-11-22 17:10:14', '2025-11-22 17:10:14'),
('1cbdd87a-c7c6-11f0-8cb1-cad6171ac9f8', 'order.assign', '分配订单', 'Tetapkan Pesanan', '分配订单给做单人员', 'Menetapkan pesanan ke staf operasi', 'order', 'assign', 740, 1, '2025-11-22 17:10:14', '2025-11-22 17:10:14'),
('1cbdd93b-c7c6-11f0-8cb1-cad6171ac9f8', 'order.track', '跟踪订单', 'Lacak Pesanan', '跟踪订单进度', 'Melacak kemajuan pesanan', 'order', 'track', 750, 1, '2025-11-22 17:10:14', '2025-11-22 17:10:14'),
('1cbdda55-c7c6-11f0-8cb1-cad6171ac9f8', 'order.upload', '上传文件', 'Unggah File', '上传订单相关文件', 'Mengunggah file terkait pesanan', 'order', 'upload', 760, 1, '2025-11-22 17:10:14', '2025-11-22 17:10:14'),
('1cbddaf3-c7c6-11f0-8cb1-cad6171ac9f8', 'finance.receivable.view', '查看应收', 'Lihat Piutang', '查看应收帐款', 'Melihat piutang usaha', 'finance', 'receivable.view', 800, 1, '2025-11-22 17:10:14', '2025-11-22 17:10:14'),
('1cbddb6d-c7c6-11f0-8cb1-cad6171ac9f8', 'finance.receivable.manage', '管理应收', 'Kelola Piutang', '管理应收帐款', 'Mengelola piutang usaha', 'finance', 'receivable.manage', 810, 1, '2025-11-22 17:10:14', '2025-11-22 17:10:14'),
('1cbddbec-c7c6-11f0-8cb1-cad6171ac9f8', 'finance.payable.view', '查看应付', 'Lihat Hutang', '查看应付帐款', 'Melihat hutang usaha', 'finance', 'payable.view', 820, 1, '2025-11-22 17:10:14', '2025-11-22 17:10:14'),
('1cbddca6-c7c6-11f0-8cb1-cad6171ac9f8', 'finance.payable.manage', '管理应付', 'Kelola Hutang', '管理应付帐款', 'Mengelola hutang usaha', 'finance', 'payable.manage', 830, 1, '2025-11-22 17:10:14', '2025-11-22 17:10:14'),
('1cbde2a9-c7c6-11f0-8cb1-cad6171ac9f8', 'finance.report.view', '查看报表', 'Lihat Laporan', '查看财务报表', 'Melihat laporan keuangan', 'finance', 'report.view', 840, 1, '2025-11-22 17:10:14', '2025-11-22 17:10:14'),
('1cbde3e0-c7c6-11f0-8cb1-cad6171ac9f8', 'finance.report.export', '导出报表', 'Ekspor Laporan', '导出财务报表', 'Mengekspor laporan keuangan', 'finance', 'report.export', 850, 1, '2025-11-22 17:10:14', '2025-11-22 17:10:14');
INSERT INTO `product_categories` (`id`, `code`, `name`, `created_at`, `updated_at`, `description`, `parent_id`, `display_order`, `is_active`) VALUES
('177a4cd6-7084-49e2-91aa-ca7a979e7ec8', 'LicenseService', '资质注册服务', '2025-11-18 09:31:35', '2025-11-18 16:51:27', NULL, NULL, 6, 1),
('55869370-2806-4756-8c58-d27a10b75359', 'CompanyService', '公司开办服务', '2025-11-18 09:31:35', '2025-11-18 09:31:35', NULL, NULL, 0, 1),
('6b1b89d4-b3bb-4544-be5c-417d25e04184', 'Jemput&AntarService', '接送关服务', '2025-11-18 09:31:35', '2025-11-18 16:51:17', NULL, NULL, 4, 1),
('6c0cf973-9af3-4b7c-a25d-02c0f0dc9b8e', 'TaxService', '税务服务', '2025-11-18 09:31:35', '2025-11-18 09:31:35', NULL, NULL, 0, 1),
('93c369b2-9487-4213-9cdc-63770b020912', 'VisaService', '签证服务', '2025-11-18 09:31:35', '2025-11-18 09:31:35', NULL, NULL, 0, 1);

INSERT INTO `products` (`id`, `id_external`, `owner_id_external`, `owner_name`, `created_by_external`, `created_by_name`, `updated_by_external`, `updated_by_name`, `created_at_src`, `updated_at_src`, `last_action_at_src`, `linked_module`, `linked_id_external`, `name`, `code`, `vendor_id`, `vendor_id_external`, `vendor_name`, `is_active`, `category_code`, `unit`, `is_taxable`, `tax_rate`, `tax_code`, `price_list`, `price_channel`, `price_cost`, `tags`, `is_locked`, `notes`, `required_documents`, `processing_time`, `category_id`, `created_at`, `updated_at`, `price_cost_idr_test`, `price_cost_idr`, `price_cost_cny`, `price_channel_idr`, `price_channel_cny`, `price_direct_idr`, `price_direct_cny`, `price_list_idr`, `price_list_cny`, `default_currency`, `exchange_rate`, `service_type`, `status`, `service_subtype`, `validity_period`, `processing_days`, `processing_time_text`, `is_urgent_available`, `urgent_processing_days`, `urgent_price_surcharge`, `channel_profit`, `channel_profit_rate`, `channel_customer_profit`, `channel_customer_profit_rate`, `direct_profit`, `direct_profit_rate`, `commission_rate`, `commission_amount`, `equivalent_cny`, `monthly_orders`, `total_amount`, `sla_description`, `service_level`, `suspended_reason`, `discontinued_at`, `service_type_id`) VALUES
('053df2be-85b5-4147-a701-0759f257c7c2', 'zcrm_6302359000000489149', 'zcrm_6302359000000469001', 'Leion', 'zcrm_6302359000000469001', 'Leion', 'zcrm_6302359000000469001', 'Leion', '2024-04-15 05:11:00', '2024-05-30 06:30:00', '2024-07-03 08:53:42', NULL, NULL, '商务签转签投资签、工作签(无需出境)', 'C211ToKitas', NULL, NULL, NULL, 1, 'VisaService', '/次', 1, NULL, NULL, 3500000.00, 2500000.00, 2000000.00, NULL, 0, NULL, NULL, NULL, '93c369b2-9487-4213-9cdc-63770b020912', '2024-04-15 05:11:00', '2025-11-18 09:31:41', NULL, 2000000.00, 1000.00, 2500000.00, 1250.00, NULL, NULL, 3500000.00, 1750.00, 'IDR', 2000.000000000, NULL, 'active', NULL, NULL, NULL, '跟随工作签、商务签办理时间', 0, NULL, NULL, NULL, NULL, NULL, NULL, NULL, NULL, NULL, NULL, NULL, NULL, NULL, NULL, NULL, NULL, NULL, NULL),
('06602dc3-48d8-425b-9c0a-004c4afe283a', 'zcrm_6302359000000489158', 'zcrm_6302359000000469001', 'Leion', 'zcrm_6302359000000469001', 'Leion', 'zcrm_6302359000000498016', 'Finance and Tax', '2024-04-15 05:11:00', '2024-11-14 11:23:54', '2024-10-01 12:16:03', NULL, NULL, '公司变更(PMDN)', 'CPMDN_Update', NULL, NULL, NULL, 1, 'CompanyService', '/次', 1, NULL, NULL, 11000000.00, 9000000.00, 4500000.00, NULL, 0, NULL, '公司全套资料', NULL, '55869370-2806-4756-8c58-d27a10b75359', '2024-04-15 05:11:00', '2025-11-18 09:31:41', NULL, 4500000.00, 2250.00, 9000000.00, 4500.00, NULL, NULL, 11000000.00, 5500.00, 'IDR', 2000.000000000, NULL, 'active', NULL, NULL, 10, '10工作日', 0, NULL, NULL, NULL, NULL, NULL, NULL, NULL, NULL, NULL, NULL, NULL, NULL, NULL, NULL, NULL, NULL, NULL, NULL),
('0855da7a-4db1-4f2b-a3dc-9b21afff2d79', 'zcrm_6302359000000489173', 'zcrm_6302359000000469001', 'Leion', 'zcrm_6302359000000469001', 'Leion', 'zcrm_6302359000000469001', 'Leion', '2024-04-17 17:04:00', '2024-05-30 06:30:00', '2024-06-27 07:58:42', NULL, NULL, '网络营销许可证PSE', 'PSE', NULL, NULL, NULL, 1, 'LicenseService', '/次', 1, NULL, NULL, 10000000.00, 8000000.00, 5000000.00, NULL, 0, NULL, '1.电子系统操作的一般描述，包括(1)电子系统名称(2)电子系统部门(Sektor )(3)统-资源定位器(URL)网站(4)域名系统(Domain Name System)和/或 IP 地址(5)商业模式说明(6)电子系统功能和电子系统业务流程的简单说明(7)处理的个人数据信息(8)有关电子系统和电子数据的管理、处理和/或存储位置，地址的信息2.国外私有范围 PSE 信息3.公司董事，监事的身份证或护照扫描件4.股东的身份证或护照(如果是个人)，股东的章程AoA 和营业执照 BL(如果是公司)印尼的客户', NULL, '177a4cd6-7084-49e2-91aa-ca7a979e7ec8', '2024-04-17 17:04:00', '2025-11-18 09:31:41', NULL, 5000000.00, 2500.00, 8000000.00, 4000.00, NULL, NULL, 10000000.00, 5000.00, 'IDR', 2000.000000000, NULL, 'active', NULL, NULL, 9, '9工作日', 0, NULL, NULL, NULL, NULL, NULL, NULL, NULL, NULL, NULL, NULL, NULL, NULL, NULL, NULL, NULL, NULL, NULL, NULL),
('1025f4a4-60f2-4891-b214-b24a65dad218', 'zcrm_6302359000000489142', 'zcrm_6302359000000469001', 'Leion', 'zcrm_6302359000000469001', 'Leion', 'zcrm_6302359000000469001', 'Leion', '2024-04-15 05:11:00', '2024-05-30 06:30:00', NULL, NULL, NULL, '商务签C211、C212到期免出境服务', 'WithoutKeluar', NULL, NULL, NULL, 1, 'VisaService', '/次', 1, NULL, NULL, 6500000.00, 6000000.00, 5000000.00, NULL, 0, NULL, '护照首页照片+护照贴签页+原签证电子版文件', NULL, '93c369b2-9487-4213-9cdc-63770b020912', '2024-04-15 05:11:00', '2025-11-18 09:31:41', NULL, 5000000.00, 2500.00, 6000000.00, 3000.00, NULL, NULL, 6500000.00, 3250.00, 'IDR', 2000.000000000, NULL, 'active', NULL, NULL, NULL, NULL, 0, NULL, NULL, NULL, NULL, NULL, NULL, NULL, NULL, NULL, NULL, NULL, NULL, NULL, NULL, NULL, NULL, NULL, NULL),
('14a8e2df-5802-4ffc-b3fa-b869be3856ca', 'zcrm_6302359000000489147', 'zcrm_6302359000000469001', 'Leion', 'zcrm_6302359000000469001', 'Leion', 'zcrm_6302359000000469001', 'Leion', '2024-04-15 05:11:00', '2024-05-30 06:30:00', NULL, NULL, NULL, '家属陪同签证1年 C317【E31B】(10工作日出签)', 'C317_imigration', NULL, NULL, NULL, 1, 'VisaService', '/次', 1, NULL, NULL, 12000000.00, 9000000.00, 6500000.00, NULL, 0, '商务签转签 需加转签费', '办理陪伴签所需个人资料 SYARAT DOKUMEN PRIBADI 1 申请人护照扫描件 FOTOCOPY PASSORT2 户口本 KK和结婚证 Akta Nikah （翻译成印尼语或英文）3 如是小孩，提供出生证明 AKTA LAHIR （翻译成印尼语或英文）4 被陪伴人的暂住证Kitas（有效期不能低于6个月）5 被陪伴人的护照Passport6 被陪伴人的民政局居住证SKTT', NULL, '93c369b2-9487-4213-9cdc-63770b020912', '2024-04-15 05:11:00', '2025-11-18 09:31:41', NULL, 6500000.00, 3250.00, 9000000.00, 4500.00, NULL, NULL, 12000000.00, 6000.00, 'IDR', 2000.000000000, NULL, 'active', NULL, NULL, 10, '境外：10工作日 境内商务签转签：15工作日', 0, NULL, NULL, NULL, NULL, NULL, NULL, NULL, NULL, NULL, NULL, NULL, NULL, NULL, NULL, NULL, NULL, NULL, NULL),
('239bffba-cc26-4adc-90f6-43ba391a758f', 'zcrm_6302359000000489175', 'zcrm_6302359000000469001', 'Leion', 'zcrm_6302359000000469001', 'Leion', 'zcrm_6302359000000469001', 'Leion', '2024-05-30 06:30:00', '2024-05-30 06:30:00', NULL, NULL, NULL, '落地签【B1】机场线下续签_免拍照录指纹', 'B1_Extend_ignorefoto', NULL, NULL, NULL, 1, 'VisaService', '/次', 1, NULL, NULL, 3500000.00, 2800000.00, 2000000.00, NULL, 0, NULL, '护照原件+护照首页照片+入境贴纸页', NULL, '93c369b2-9487-4213-9cdc-63770b020912', '2024-05-30 06:30:00', '2025-11-18 09:31:41', NULL, 2000000.00, 1000.00, 2800000.00, 1400.00, NULL, NULL, 3500000.00, 1750.00, 'IDR', 2000.000000000, NULL, 'active', NULL, NULL, 3, '3工作日', 0, NULL, NULL, NULL, NULL, NULL, NULL, NULL, NULL, NULL, NULL, NULL, NULL, NULL, NULL, NULL, NULL, NULL, NULL),
('25999ad4-b70b-428c-accf-ee2aa50a37bc', 'zcrm_6302359000000489166', 'zcrm_6302359000000469001', 'Leion', 'zcrm_6302359000000469001', 'Leion', 'zcrm_6302359000000469001', 'Leion', '2024-04-15 05:11:00', '2024-05-30 06:30:00', '2024-06-27 07:58:42', NULL, NULL, '印尼投资活动报告申报 (LKPM )/季度', 'LPKM', NULL, NULL, NULL, 1, 'TaxService', '/次', 1, NULL, NULL, 2000000.00, 1000000.00, 300000.00, NULL, 0, '1. OSS ID 和密码\\n2. 工资表明细／员工信息　（几个印尼员工，几个外籍员工；分析几个男员工，几个女员工）\\n3. 公司章程＋SK，包括更新版\\n4. 全部 NIB\\n5. 法人和股东的资料　（护照,KITAS/KITAB,税卡，身份证）\\n6. 财务报表　（损益表，资产负债表，日记账，现金流量表, 财务报告附注)', '1. 企业投资活动报告（LKPM）是投资部 BKPM 要求所有在印尼境内的外资公司在每季度对公司的现况报告。申报 LKPM 时，需要注意财务报表的信息，尤其是资本的部分。2. LKPM 需要在每个季度申报。3. 每个投资企业都必须申报企业投资活动报告 LKPM 并将其提交给投资部。对于未按报告期提交 LKPM 的企业，投资部将向企业发出警告信，最差情况可能会受到取消营业执照的处罚。', NULL, '6c0cf973-9af3-4b7c-a25d-02c0f0dc9b8e', '2024-04-15 05:11:00', '2025-11-18 09:31:41', NULL, 300000.00, 150.00, 1000000.00, 500.00, NULL, NULL, 2000000.00, 1000.00, 'IDR', 2000.000000000, NULL, 'active', NULL, NULL, 5, '5工作日', 0, NULL, NULL, NULL, NULL, NULL, NULL, NULL, NULL, NULL, NULL, NULL, NULL, NULL, NULL, NULL, NULL, NULL, NULL),
('25a26c7e-6392-41c6-bb52-3c37a0451e31', 'zcrm_6302359000000489171', 'zcrm_6302359000000469001', 'Leion', 'zcrm_6302359000000469001', 'Leion', 'zcrm_6302359000000469001', 'Leion', '2024-04-15 05:11:00', '2024-05-30 06:30:00', '2024-09-18 19:05:17', NULL, NULL, '进口许可证API-U', 'API_U', NULL, NULL, NULL, 1, 'LicenseService', '/次', 1, NULL, NULL, 3000000.00, 2000000.00, 1000000.00, NULL, 0, NULL, NULL, NULL, '177a4cd6-7084-49e2-91aa-ca7a979e7ec8', '2024-04-15 05:11:00', '2025-11-18 09:31:41', NULL, 1000000.00, 500.00, 2000000.00, 1000.00, NULL, NULL, 3000000.00, 1500.00, 'IDR', 2000.000000000, NULL, 'active', NULL, NULL, NULL, NULL, 0, NULL, NULL, NULL, NULL, NULL, NULL, NULL, NULL, NULL, NULL, NULL, NULL, NULL, NULL, NULL, NULL, NULL, NULL),
('282842d2-2cf0-4819-aa70-faa65ea1271b', 'zcrm_6302359000000489181', 'zcrm_6302359000000469001', 'Leion', 'zcrm_6302359000000469001', 'Leion', 'zcrm_6302359000000469001', 'Leion', '2024-05-30 06:30:00', '2024-05-30 06:30:00', '2024-06-30 18:19:57', NULL, NULL, '护照换新,原签证迁移', 'VisaToNewPassport', NULL, NULL, NULL, 1, 'VisaService', '/次', 1, NULL, NULL, 2000000.00, 1500000.00, 800000.00, NULL, 0, NULL, '新老护照原件，原签证电子版文件', NULL, '93c369b2-9487-4213-9cdc-63770b020912', '2024-05-30 06:30:00', '2025-11-18 09:31:41', NULL, 800000.00, 400.00, 1500000.00, 750.00, NULL, NULL, 2000000.00, 1000.00, 'IDR', 2000.000000000, NULL, 'active', NULL, NULL, NULL, NULL, 0, NULL, NULL, NULL, NULL, NULL, NULL, NULL, NULL, NULL, NULL, NULL, NULL, NULL, NULL, NULL, NULL, NULL, NULL),
('2bbbb229-4e9d-4d8e-84ee-e0c3ab8b9206', 'zcrm_6302359000000489153', 'zcrm_6302359000000469001', 'Leion', 'zcrm_6302359000000469001', 'Leion', 'zcrm_6302359000000469001', 'Leion', '2024-04-15 05:11:00', '2024-06-27 09:40:08', '2024-09-18 19:25:42', NULL, NULL, '公司注册-PT PMDN(内资公司)', 'CPMDN', NULL, NULL, NULL, 1, 'CompanyService', '/次', 1, NULL, NULL, 12500000.00, 9000000.00, 3900000.00, NULL, 0, '所含服务：\\n1.公司章程办理；\\n2.司法部批文；\\n3.NIB 企业登记证；\\n4.公司税卡；\\n5.OSS等文件；\\n6.法人税卡；\\n7.营业执照；\\n8.地址证明。', '1.法人姓名及KTP&NPWP；2.监事姓名及KTP&NPWP；3.公司名称（PT.）2—3个单词（英文、印尼文均可）；4.公司经营范围；（我们来提供确认）.股东比例；5.注册资金：100jt以上 6.雅加达注册地址及租赁合同扫描件', NULL, '55869370-2806-4756-8c58-d27a10b75359', '2024-04-15 05:11:00', '2025-11-18 09:31:41', NULL, 3900000.00, 1950.00, 9000000.00, 4500.00, NULL, NULL, 12500000.00, 6250.00, 'IDR', 2000.000000000, NULL, 'active', NULL, NULL, 7, '7工作日', 0, NULL, NULL, NULL, NULL, NULL, NULL, NULL, NULL, NULL, NULL, NULL, NULL, NULL, NULL, NULL, NULL, NULL, NULL),
('33af777d-5b7e-4ae0-a8b4-bc7a47007346', 'zcrm_6302359000000489167', 'zcrm_6302359000000469001', 'Leion', 'zcrm_6302359000000469001', 'Leion', 'zcrm_6302359000000469001', 'Leion', '2024-04-15 05:11:00', '2024-05-30 06:30:00', '2024-06-27 07:58:42', NULL, NULL, '企业所得税申报/年', 'Tax_company_year', NULL, NULL, NULL, 1, 'TaxService', '/次', 1, NULL, NULL, 5000000.00, 3500000.00, 2000000.00, NULL, 0, '1. DJP ONLINE 账号和密码\\n2. 公司特殊关系明细 和证明\\n3. 公司章程+变更，NIB\\n4. 股东和法人身份证，护照，ＫＩＴＡＳ，税卡\\n5. 企业损益表\\n6. 企业资产负债表\\n7. 企业资本变更表\\n8. 财务报表审计报告\\n9. 余额表\\n10. 日记账\\n11. 工资表+BPJS Kesehatan 健保 + BPJS Ketenagakerjaan 劳保/社保\\n12. PPN , PPH 列单和清单\\n13. 进出口申报和缴税单\\n14. 增值税申报表 SPT PPN 1月到12月\\n15. 代扣代缴 PPH 申报表 1月到12月\\n16. 银行对账单\\n17. 固定资产和折旧明细表', '每年1月-4月申报', NULL, '6c0cf973-9af3-4b7c-a25d-02c0f0dc9b8e', '2024-04-15 05:11:00', '2025-11-18 09:31:41', NULL, 2000000.00, 1000.00, 3500000.00, 1750.00, NULL, NULL, 5000000.00, 2500.00, 'IDR', 2000.000000000, NULL, 'active', NULL, NULL, 25, '25工作日', 0, NULL, NULL, NULL, NULL, NULL, NULL, NULL, NULL, NULL, NULL, NULL, NULL, NULL, NULL, NULL, NULL, NULL, NULL),
('34b75af1-8c52-479e-a34d-1ec51e74b88f', 'zcrm_6302359000000489169', 'zcrm_6302359000000469001', 'Leion', 'zcrm_6302359000000469001', 'Leion', 'zcrm_6302359000000469001', 'Leion', '2024-04-15 05:11:00', '2024-05-30 06:30:00', NULL, NULL, NULL, '注销企业税卡', 'NPWP_company_delete', NULL, NULL, NULL, 1, 'TaxService', '/次', 1, NULL, NULL, 1000000.00, 500000.00, 100000.00, NULL, 0, '1. 所有公司解散文件', NULL, NULL, '6c0cf973-9af3-4b7c-a25d-02c0f0dc9b8e', '2024-04-15 05:11:00', '2025-11-18 09:31:41', NULL, 100000.00, 50.00, 500000.00, 250.00, NULL, NULL, 1000000.00, 500.00, 'IDR', 2000.000000000, NULL, 'active', NULL, NULL, 2, '2工作日', 0, NULL, NULL, NULL, NULL, NULL, NULL, NULL, NULL, NULL, NULL, NULL, NULL, NULL, NULL, NULL, NULL, NULL, NULL),
('36e72003-f276-480e-97cf-c29075632e66', 'zcrm_6302359000000489136', 'zcrm_6302359000000469001', 'Leion', 'zcrm_6302359000000469001', 'Leion', 'zcrm_6302359000000469001', 'Leion', '2024-04-15 05:11:00', '2024-06-27 09:40:07', '2024-07-05 08:35:23', NULL, NULL, '落地签【B1】电子签续签', 'B1_Extend', NULL, NULL, NULL, 1, 'VisaService', '/次', 1, NULL, NULL, 1000000.00, 850000.00, 500000.00, NULL, 0, NULL, '护照首页照片;', NULL, '93c369b2-9487-4213-9cdc-63770b020912', '2024-04-15 05:11:00', '2025-11-18 09:31:41', NULL, 500000.00, 250.00, 850000.00, 425.00, NULL, NULL, 1000000.00, 500.00, 'IDR', 2000.000000000, NULL, 'active', NULL, NULL, 0, '当天', 0, NULL, NULL, NULL, NULL, NULL, NULL, NULL, NULL, NULL, NULL, NULL, NULL, NULL, NULL, NULL, NULL, NULL, NULL),
('3c926d05-38cd-42ec-8cd3-2c4eff6270b1', 'zcrm_6302359000000489162', 'zcrm_6302359000000469001', 'Leion', 'zcrm_6302359000000469001', 'Leion', 'zcrm_6302359000000469001', 'Leion', '2024-04-15 05:11:00', '2024-05-30 06:30:00', NULL, NULL, NULL, '注册个人税卡', 'NPWP_personal', NULL, NULL, NULL, 1, 'TaxService', '/次', 1, NULL, NULL, 1000000.00, 500000.00, 200000.00, NULL, 0, '1. 护照 \\n2. KITAS  \\n3. 婚姻状况 \\n4. 结婚证(若已婚，如果有小孩，请提供未成年小孩个数)  \\n5. 印尼手机号码\\n6. 邮箱地址\\n7. 月工资(印尼盾)\\n8. 工作证明\\n如果是女性补充如下材料：\\na. 婚姻状况; \\n若已婚请补充:\\nb. 结婚证  \\nc. 老公的护照 \\nd. 老公的工作情况', '全套公司资料', NULL, '6c0cf973-9af3-4b7c-a25d-02c0f0dc9b8e', '2024-04-15 05:11:00', '2025-11-18 09:31:41', NULL, 200000.00, 100.00, 500000.00, 250.00, NULL, NULL, 1000000.00, 500.00, 'IDR', 2000.000000000, NULL, 'active', NULL, NULL, 5, '5工作日', 0, NULL, NULL, NULL, NULL, NULL, NULL, NULL, NULL, NULL, NULL, NULL, NULL, NULL, NULL, NULL, NULL, NULL, NULL),
('3fb4055b-86ef-4870-a727-8b766fff3fa5', 'zcrm_6302359000000489150', 'zcrm_6302359000000469001', 'Leion', 'zcrm_6302359000000469001', 'Leion', 'zcrm_6302359000000469001', 'Leion', '2024-04-15 05:11:00', '2024-05-30 06:30:00', '2024-06-27 07:58:42', NULL, NULL, '注销签证', 'DeleteVisa', NULL, NULL, NULL, 1, 'VisaService', '/次', 1, NULL, NULL, 1000000.00, 600000.00, 250000.00, NULL, 0, NULL, '人已出境：护照首页照片+原签证电子版+最近一次入境贴签页+最近一次出境记录盖章页人在境内：护照原件+签证电子版+证件照，无需本人到场，注销成功后，3天必须离境', NULL, '93c369b2-9487-4213-9cdc-63770b020912', '2024-04-15 05:11:00', '2025-11-18 09:31:41', NULL, 250000.00, 125.00, 600000.00, 300.00, NULL, NULL, 1000000.00, 500.00, 'IDR', 2000.000000000, NULL, 'active', NULL, NULL, NULL, NULL, 0, NULL, NULL, NULL, NULL, NULL, NULL, NULL, NULL, NULL, NULL, NULL, NULL, NULL, NULL, NULL, NULL, NULL, NULL),
('56499350-09af-4479-8f10-35d25273aeaa', 'zcrm_6302359000000489165', 'zcrm_6302359000000469001', 'Leion', 'zcrm_6302359000000469001', 'Leion', 'zcrm_6302359000000469001', 'Leion', '2024-04-15 05:11:00', '2024-05-30 06:30:00', '2024-06-27 07:58:42', NULL, NULL, '企业报税0申报/月', 'Tax_company_month_zero', NULL, NULL, NULL, 1, 'TaxService', '/次', 1, NULL, NULL, 3000000.00, 2000000.00, 1000000.00, NULL, 0, NULL, '公司全套资料、OSS账户、DJP Online账户', NULL, '6c0cf973-9af3-4b7c-a25d-02c0f0dc9b8e', '2024-04-15 05:11:00', '2025-11-18 09:31:41', NULL, 1000000.00, 500.00, 2000000.00, 1000.00, NULL, NULL, 3000000.00, 1500.00, 'IDR', 2000.000000000, NULL, 'active', NULL, NULL, NULL, NULL, 0, NULL, NULL, NULL, NULL, NULL, NULL, NULL, NULL, NULL, NULL, NULL, NULL, NULL, NULL, NULL, NULL, NULL, NULL),
('57cfed61-d3f8-4cae-8a6e-e8ff3cd2d5f3', 'zcrm_6302359000000489157', 'zcrm_6302359000000469001', 'Leion', 'zcrm_6302359000000469001', 'Leion', 'zcrm_6302359000000498016', 'Finance and Tax', '2024-04-15 05:11:00', '2025-02-03 17:36:32', '2025-02-03 17:36:32', NULL, NULL, '公司变更(PMA)', 'CPMA_Update', NULL, NULL, NULL, 1, 'CompanyService', '/次', 1, NULL, NULL, 12500000.00, 10000000.00, 6000000.00, NULL, 0, NULL, '公司全套资料', NULL, '55869370-2806-4756-8c58-d27a10b75359', '2024-04-15 05:11:00', '2025-11-18 09:31:41', NULL, 6000000.00, 3000.00, 10000000.00, 5000.00, NULL, NULL, 12500000.00, 6250.00, 'IDR', 2000.000000000, NULL, 'active', NULL, NULL, 10, '10工作日', 0, NULL, NULL, NULL, NULL, NULL, NULL, NULL, NULL, NULL, NULL, NULL, NULL, NULL, NULL, NULL, NULL, NULL, NULL),
('5c0a46b1-44a5-430d-9986-4ddbc20545a0', 'zcrm_6302359000000489161', 'zcrm_6302359000000469001', 'Leion', 'zcrm_6302359000000469001', 'Leion', 'zcrm_6302359000000469001', 'Leion', '2024-04-15 05:11:00', '2024-05-30 06:30:00', NULL, NULL, NULL, '银行对公户协助开户(特殊)', 'CBank_Special', NULL, NULL, NULL, 1, 'CompanyService', '/次', 1, NULL, NULL, 10000000.00, 7000000.00, 2000000.00, NULL, 0, '由于KBLI经营范围未激活问题，想开设BCA银行对公户账户，或者法人无法到场，无Kitas办理BNC公户', '护照首页照片及Kitas', NULL, '55869370-2806-4756-8c58-d27a10b75359', '2024-04-15 05:11:00', '2025-11-18 09:31:41', NULL, 2000000.00, 1000.00, 7000000.00, 3500.00, NULL, NULL, 10000000.00, 5000.00, 'IDR', 2000.000000000, NULL, 'active', NULL, NULL, 7, '7工作日', 0, NULL, NULL, NULL, NULL, NULL, NULL, NULL, NULL, NULL, NULL, NULL, NULL, NULL, NULL, NULL, NULL, NULL, NULL),
('66641d33-0dad-4411-9d4e-4fe477833661', 'zcrm_6302359000000489179', 'zcrm_6302359000000469001', 'Leion', 'zcrm_6302359000000469001', 'Leion', 'zcrm_6302359000000469001', 'Leion', '2024-05-30 06:30:00', '2024-06-27 09:18:28', '2024-07-12 14:34:40', NULL, NULL, '工作签 C312【C312】(10工作日出签)', 'C312_10day', NULL, NULL, NULL, 1, 'VisaService', '/次', 1, NULL, NULL, 16500000.00, 14000000.00, 12000000.00, NULL, 0, '包含150美金  移民局费用，不含1200美金 税费；商务签转签无需出境  需加转签费，境内持商务签选择新办不转签，需要在办理前出境；着急可使用落地签重新入境，办理完成后需要离境重新进入', '办理工作签证的所需资料：1. 个人护照首页照片2. 电子版证件照3. 企业登记卡 NIB4. 公司税卡 NPWP5. 公司户籍 IZIN LOKASI6. 公司章程(如有变更一并附上) AKTA7. 司法部批文(如有变更一并附上) SK8. 公司信纸和盖章 KOP SURAT & STEMPEL 条件：护照有效期至少6个月办理时长：+/- 30工作日', NULL, '93c369b2-9487-4213-9cdc-63770b020912', '2024-05-30 06:30:00', '2025-11-18 09:31:41', NULL, 12000000.00, 6000.00, 14000000.00, 7000.00, NULL, NULL, 16500000.00, 8250.00, 'IDR', 2000.000000000, NULL, 'active', NULL, NULL, 10, '境外：10工作日 境内商务签转签：15工作日', 0, NULL, NULL, NULL, NULL, NULL, NULL, NULL, NULL, NULL, NULL, NULL, NULL, NULL, NULL, NULL, NULL, NULL, NULL),
('882cb3cf-8ef7-40de-aaed-0e94bab24f52', 'zcrm_6302359000000489135', 'zcrm_6302359000000469001', 'Leion', 'zcrm_6302359000000469001', 'Leion', 'zcrm_6302359000000469001', 'Leion', '2024-04-15 05:11:00', '2024-06-27 09:40:08', '2024-06-27 09:40:08', NULL, NULL, '落地签【B1】', 'B1', NULL, NULL, NULL, 1, 'VisaService', '/次', 1, NULL, NULL, 750000.00, 600000.00, 520000.00, NULL, 0, '护照有效期不能低于18个月。', '护照首页照片+电子版证件照', NULL, '93c369b2-9487-4213-9cdc-63770b020912', '2024-04-15 05:11:00', '2025-11-18 09:31:41', NULL, 520000.00, 260.00, 600000.00, 300.00, NULL, NULL, 750000.00, 375.00, 'IDR', 2000.000000000, NULL, 'active', NULL, NULL, 0, '当天', 0, NULL, NULL, NULL, NULL, NULL, NULL, NULL, NULL, NULL, NULL, NULL, NULL, NULL, NULL, NULL, NULL, NULL, NULL),
('8f69a40a-b726-44e6-b778-e59011dc8882', 'zcrm_6302359000000489154', 'zcrm_6302359000000469001', 'Leion', 'zcrm_6302359000000469001', 'Leion', 'zcrm_6302359000000469001', 'Leion', '2024-04-15 05:11:00', '2024-06-27 09:40:08', '2024-09-18 20:18:51', NULL, NULL, '公司虚拟地址/年', 'VO_normal', NULL, NULL, NULL, 1, 'CompanyService', '/次', 1, NULL, NULL, 6000000.00, 4200000.00, 3200000.00, NULL, 0, '提供信件代收，使用会议室30小时(如果有税务部门抽查，可用)', 'Tanjung Duren，Jakarta Barat 商业地址', NULL, '55869370-2806-4756-8c58-d27a10b75359', '2024-04-15 05:11:00', '2025-11-18 09:31:41', NULL, 3200000.00, 1600.00, 4200000.00, 2100.00, NULL, NULL, 6000000.00, 3000.00, 'IDR', 2000.000000000, NULL, 'active', NULL, NULL, NULL, '随开随用', 0, NULL, NULL, NULL, NULL, NULL, NULL, NULL, NULL, NULL, NULL, NULL, NULL, NULL, NULL, NULL, NULL, NULL, NULL),
('905f1355-5fd5-409b-98da-1eda4a39eb0c', 'zcrm_6302359000000489155', 'zcrm_6302359000000469001', 'Leion', 'zcrm_6302359000000469001', 'Leion', 'zcrm_6302359000000469001', 'Leion', '2024-04-15 05:11:00', '2024-05-30 06:30:00', '2024-07-18 12:08:15', NULL, NULL, '公司虚拟地址/年(APL)', 'VO_APL', NULL, NULL, NULL, 1, 'CompanyService', '/次', 1, NULL, NULL, 7000000.00, 5500000.00, 3900000.00, NULL, 0, NULL, NULL, NULL, '55869370-2806-4756-8c58-d27a10b75359', '2024-04-15 05:11:00', '2025-11-18 09:31:41', NULL, 3900000.00, 1950.00, 5500000.00, 2750.00, NULL, NULL, 7000000.00, 3500.00, 'IDR', 2000.000000000, NULL, 'active', NULL, NULL, NULL, NULL, 0, NULL, NULL, NULL, NULL, NULL, NULL, NULL, NULL, NULL, NULL, NULL, NULL, NULL, NULL, NULL, NULL, NULL, NULL),
('9e4ef2a4-5dc1-410a-8308-03bc7391b2c6', 'zcrm_6302359000000489168', 'zcrm_6302359000000469001', 'Leion', 'zcrm_6302359000000469001', 'Leion', 'zcrm_6302359000000469001', 'Leion', '2024-04-15 05:11:00', '2024-05-30 06:30:00', NULL, NULL, NULL, '停用个人税卡 (NE NPWP)', 'NPWP_personal_delete', NULL, NULL, NULL, 1, 'TaxService', '/次', 1, NULL, NULL, 500000.00, 300000.00, 100000.00, NULL, 0, '1. 证明书\\n2. 其他能证明没收入', NULL, NULL, '6c0cf973-9af3-4b7c-a25d-02c0f0dc9b8e', '2024-04-15 05:11:00', '2025-11-18 09:31:41', NULL, 100000.00, 50.00, 300000.00, 150.00, NULL, NULL, 500000.00, 250.00, 'IDR', 2000.000000000, NULL, 'active', NULL, NULL, 5, '5工作日', 0, NULL, NULL, NULL, NULL, NULL, NULL, NULL, NULL, NULL, NULL, NULL, NULL, NULL, NULL, NULL, NULL, NULL, NULL),
('9e5fd3e8-fab4-42cc-9d3e-8d270cfe7e5c', 'zcrm_6302359000000489182', 'zcrm_6302359000000469001', 'Leion', 'zcrm_6302359000000469001', 'Leion', 'zcrm_6302359000000469001', 'Leion', '2024-05-30 06:30:00', '2024-05-30 06:30:00', NULL, NULL, NULL, '印尼驾照_外国公民', 'SIM_WNA', NULL, NULL, NULL, 1, 'VisaService', '/次', 1, NULL, NULL, 1400000.00, 1200000.00, 800000.00, NULL, 0, NULL, '提供下驾照的办理资料：1. 本人护照原件（办理时携带）和护照首页照片2. 印尼暂住证(Kitas)或印尼定居证(Kitap) 3. 护照上移民局盖的ITAS ONLINE章复印件或白色贴纸 提前预约前往:Jln.Satpas Sim Daan Mogot KM 11. Jakarta barat 拍照', NULL, '93c369b2-9487-4213-9cdc-63770b020912', '2024-05-30 06:30:00', '2025-11-18 09:31:41', NULL, 800000.00, 400.00, 1200000.00, 600.00, NULL, NULL, 1400000.00, 700.00, 'IDR', 2000.000000000, NULL, 'active', NULL, NULL, NULL, NULL, 0, NULL, NULL, NULL, NULL, NULL, NULL, NULL, NULL, NULL, NULL, NULL, NULL, NULL, NULL, NULL, NULL, NULL, NULL),
('9f14ae38-001a-4952-a241-ada8af140973', 'zcrm_6302359000000489177', 'zcrm_6302359000000469001', 'Leion', 'zcrm_6302359000000469001', 'Leion', 'zcrm_6302359000000469001', 'Leion', '2024-05-30 06:30:00', '2024-05-30 06:30:00', '2024-07-26 11:09:42', NULL, NULL, '商务签 C212 一年多次商务签(3工作日出签)', 'C212', NULL, NULL, NULL, 1, 'VisaService', '/次', 1, NULL, NULL, 5500000.00, 4500000.00, 3700000.00, NULL, 0, NULL, '护照首页照片+电子版证件照', NULL, '93c369b2-9487-4213-9cdc-63770b020912', '2024-05-30 06:30:00', '2025-11-18 09:31:41', NULL, 3700000.00, 1850.00, 4500000.00, 2250.00, NULL, NULL, 5500000.00, 2750.00, 'IDR', 2000.000000000, NULL, 'active', NULL, NULL, 3, '3工作日', 0, NULL, NULL, NULL, NULL, NULL, NULL, NULL, NULL, NULL, NULL, NULL, NULL, NULL, NULL, NULL, NULL, NULL, NULL),
('a28718e7-2333-435b-80fc-408de181a55c', 'zcrm_6302359000000489152', 'zcrm_6302359000000469001', 'Leion', 'zcrm_6302359000000469001', 'Leion', 'zcrm_6302359000000469001', 'Leion', '2024-04-15 05:11:00', '2024-11-26 14:30:36', '2024-11-26 14:30:36', NULL, NULL, '公司注册-PMA(外资公司)', 'CPMA', NULL, NULL, NULL, 1, 'CompanyService', '/次', 1, NULL, NULL, 15000000.00, 12000000.00, 6500000.00, NULL, 0, '所含服务：\\n1.公司章程办理；\\n2.司法部批文；\\n3.NIB 企业登记证；\\n4.公司税卡；\\n5.OSS等文件；\\n6.法人税卡；\\n7.营业执照；\\n8.地址证明。', '1.法人姓名及护照照片；2.监事姓名及护照照片；3.公司名称（PT.）2—3个单词（英文、印尼文均可）；4.公司经营范围；（我们来提供确认）.股东比例；5.注册资金：如需办理投资签，则对应股东股本不少于10M 6.雅加达注册地址及租赁合同扫描件，如果使用虚拟地址则无需提供；', NULL, '55869370-2806-4756-8c58-d27a10b75359', '2024-04-15 05:11:00', '2025-11-18 09:31:41', NULL, 6500000.00, 3250.00, 12000000.00, 6000.00, NULL, NULL, 15000000.00, 7500.00, 'IDR', 2000.000000000, NULL, 'active', NULL, NULL, 10, '10工作日', 0, NULL, NULL, NULL, NULL, NULL, NULL, NULL, NULL, NULL, NULL, NULL, NULL, NULL, NULL, NULL, NULL, NULL, NULL),
('a7e2e768-3c15-4ce1-9085-fb587f76f90c', 'zcrm_6302359000000489141', 'zcrm_6302359000000469001', 'Leion', 'zcrm_6302359000000469001', 'Leion', 'zcrm_6302359000000469001', 'Leion', '2024-04-15 05:11:00', '2024-05-30 17:40:00', '2024-07-23 12:01:37', NULL, NULL, '商务签 C211【C】单次商务签续期', 'C211_extend', NULL, NULL, NULL, 1, 'VisaService', '/次', 1, NULL, NULL, 4000000.00, 3500000.00, 2900000.00, NULL, 0, NULL, '护照首页照片', NULL, '93c369b2-9487-4213-9cdc-63770b020912', '2024-04-15 05:11:00', '2025-11-18 09:31:41', NULL, 2900000.00, 1450.00, 3500000.00, 1750.00, NULL, NULL, 4000000.00, 2000.00, 'IDR', 2000.000000000, NULL, 'active', NULL, NULL, 5, '5工作日', 0, NULL, NULL, NULL, NULL, NULL, NULL, NULL, NULL, NULL, NULL, NULL, NULL, NULL, NULL, NULL, NULL, NULL, NULL),
('afb68b20-807d-452a-8bac-ea879a900d5c', 'zcrm_6302359000000489137', 'zcrm_6302359000000469001', 'Leion', 'zcrm_6302359000000469001', 'Leion', 'zcrm_6302359000000469001', 'Leion', '2024-04-15 05:11:00', '2024-05-30 06:30:00', '2024-06-27 07:58:42', NULL, NULL, '落地签【B1】机场线下续签', 'B1_Extend_offline', NULL, NULL, NULL, 1, 'VisaService', '/次', 1, NULL, NULL, 1700000.00, 1400000.00, 900000.00, NULL, 0, NULL, '护照原件+到移民局柜台办理', NULL, '93c369b2-9487-4213-9cdc-63770b020912', '2024-04-15 05:11:00', '2025-11-18 09:31:41', NULL, 900000.00, 450.00, 1400000.00, 700.00, NULL, NULL, 1700000.00, 850.00, 'IDR', 2000.000000000, NULL, 'active', NULL, NULL, 3, '3工作日', 0, NULL, NULL, NULL, NULL, NULL, NULL, NULL, NULL, NULL, NULL, NULL, NULL, NULL, NULL, NULL, NULL, NULL, NULL),
('b7c2bfbe-2c53-4daf-bd03-d68780d26ef8', 'zcrm_6302359000000489139', 'zcrm_6302359000000469001', 'Leion', 'zcrm_6302359000000469001', 'Leion', 'zcrm_6302359000000469001', 'Leion', '2024-04-15 05:11:00', '2024-06-27 09:40:08', '2024-07-18 11:16:38', NULL, NULL, '商务签 C211【C】单次商务签(10工作日出签)', 'C211', NULL, NULL, NULL, 1, 'VisaService', '/次', 1, NULL, NULL, 3700000.00, 3000000.00, 2000000.00, NULL, 0, NULL, '护照首页照片+电子版证件照', NULL, '93c369b2-9487-4213-9cdc-63770b020912', '2024-04-15 05:11:00', '2025-11-18 09:31:41', NULL, 2000000.00, 1000.00, 3000000.00, 1500.00, NULL, NULL, 3700000.00, 1850.00, 'IDR', 2000.000000000, NULL, 'active', NULL, NULL, 10, '10工作日', 0, NULL, NULL, NULL, NULL, NULL, NULL, NULL, NULL, NULL, NULL, NULL, NULL, NULL, NULL, NULL, NULL, NULL, NULL),
('b92fcf1d-aef6-4518-805e-bd056cd43b36', 'zcrm_6302359000000489178', 'zcrm_6302359000000469001', 'Leion', 'zcrm_6302359000000469001', 'Leion', 'zcrm_6302359000000469001', 'Leion', '2024-05-30 06:30:00', '2024-05-31 18:48:00', '2024-08-09 16:45:49', NULL, NULL, '投资签 C313/314【D12】(7工作日出签)', 'C314_5day', NULL, NULL, NULL, 1, 'VisaService', '/次', 1, NULL, NULL, 17000000.00, 14000000.00, 12300000.00, NULL, 0, '包含150美金 两年投资签、护照有效期不低于30个月；一年投资签、护照有效期不低于18个月    转签无需出境  需加转签费，境内选择新办不转签，需要在办理前出境', '如果无公司，需要先注册公司;1. 企业登记卡 NIB2. 公司税卡 NPWP3. 公司户籍 IZIN LOKASI4. 公司章程(如有变更一并附上) AKTA5. 司法部批文(如有变更一并附上) SK6. 公司信纸和盖章 KOP SURAT & STEMPEL所需个人资料：1. 个人护照首页照片2. 电子版证件照办理条件：办理人需要是公司股东，并且他股本要达到10M办理时长：+/- 20工作日', NULL, '93c369b2-9487-4213-9cdc-63770b020912', '2024-05-30 06:30:00', '2025-11-18 09:31:41', NULL, 12300000.00, 6150.00, 14000000.00, 7000.00, NULL, NULL, 17000000.00, 8500.00, 'IDR', 2000.000000000, NULL, 'active', NULL, NULL, 5, '境外：5工作日 境内商务签转签：15工作日', 0, NULL, NULL, NULL, NULL, NULL, NULL, NULL, NULL, NULL, NULL, NULL, NULL, NULL, NULL, NULL, NULL, NULL, NULL),
('bcfe529a-e481-4afc-9916-c94089306aeb', 'zcrm_6302359000000489143', 'zcrm_6302359000000469001', 'Leion', 'zcrm_6302359000000469001', 'Leion', 'zcrm_6302359000000469001', 'Leion', '2024-04-15 05:11:00', '2024-04-17 17:04:00', NULL, NULL, NULL, '学生签1年', 'Student', NULL, NULL, NULL, 1, 'VisaService', '/次', 1, NULL, NULL, 8000000.00, 6500000.00, 5100000.00, NULL, 0, NULL, NULL, NULL, '93c369b2-9487-4213-9cdc-63770b020912', '2024-04-15 05:11:00', '2025-11-18 09:31:41', NULL, 5100000.00, 2550.00, 6500000.00, 3250.00, NULL, NULL, 8000000.00, 4000.00, 'IDR', 2000.000000000, NULL, 'active', NULL, NULL, NULL, NULL, 0, NULL, NULL, NULL, NULL, NULL, NULL, NULL, NULL, NULL, NULL, NULL, NULL, NULL, NULL, NULL, NULL, NULL, NULL),
('bdd63ce1-0da0-4fe3-afd0-d68d50a99d73', 'zcrm_6302359000000489170', 'zcrm_6302359000000469001', 'Leion', 'zcrm_6302359000000469001', 'Leion', 'zcrm_6302359000000469001', 'Leion', '2024-04-15 05:11:00', '2024-05-30 06:30:00', '2024-09-18 19:05:08', NULL, NULL, '升级为一般纳税人( PKP )', 'PKP', NULL, NULL, NULL, 1, 'TaxService', '/次', 1, NULL, NULL, 5000000.00, 3000000.00, 1000000.00, NULL, 0, NULL, '公司全套资料、确认注册地址可进行税务局人员上门审查', NULL, '6c0cf973-9af3-4b7c-a25d-02c0f0dc9b8e', '2024-04-15 05:11:00', '2025-11-18 09:31:41', NULL, 1000000.00, 500.00, 3000000.00, 1500.00, NULL, NULL, 5000000.00, 2500.00, 'IDR', 2000.000000000, NULL, 'active', NULL, NULL, NULL, NULL, 0, NULL, NULL, NULL, NULL, NULL, NULL, NULL, NULL, NULL, NULL, NULL, NULL, NULL, NULL, NULL, NULL, NULL, NULL),
('be36b93d-8d30-42ae-be00-999e34cead92', 'zcrm_6302359000000489163', 'zcrm_6302359000000469001', 'Leion', 'zcrm_6302359000000469001', 'Leion', 'zcrm_6302359000000469001', 'Leion', '2024-04-15 05:11:00', '2024-05-30 06:30:00', NULL, NULL, NULL, '注册企业税卡', 'NPWP_company', NULL, NULL, NULL, 1, 'TaxService', '/次', 1, NULL, NULL, 1000000.00, 500000.00, 200000.00, NULL, 0, '1. 公司章程和变更+SK\\n2. NIB\\n3. 所有法人的身份证（印尼人）、KITAS & 护照 （外国人）、税卡', '公司全套资料、OSS账户、DJP Online账户', NULL, '6c0cf973-9af3-4b7c-a25d-02c0f0dc9b8e', '2024-04-15 05:11:00', '2025-11-18 09:31:41', NULL, 200000.00, 100.00, 500000.00, 250.00, NULL, NULL, 1000000.00, 500.00, 'IDR', 2000.000000000, NULL, 'active', NULL, NULL, 5, '5工作日', 0, NULL, NULL, NULL, NULL, NULL, NULL, NULL, NULL, NULL, NULL, NULL, NULL, NULL, NULL, NULL, NULL, NULL, NULL),
('c5672a8a-ceba-4766-96a7-9b6018d933af', 'zcrm_6302359000000489138', 'zcrm_6302359000000469001', 'Leion', 'zcrm_6302359000000469001', 'Leion', 'zcrm_6302359000000469001', 'Leion', '2024-04-15 05:11:00', '2024-06-27 09:40:06', '2024-07-24 12:07:37', NULL, NULL, '商务签 C212 一年多次商务签(10工作日出签)', 'C212_10Day', NULL, NULL, NULL, 1, 'VisaService', '/次', 1, NULL, NULL, 5300000.00, 4300000.00, 3000000.00, NULL, 0, NULL, '护照首页照片+电子版证件照', NULL, '93c369b2-9487-4213-9cdc-63770b020912', '2024-04-15 05:11:00', '2025-11-18 09:31:41', NULL, 3000000.00, 1500.00, 4300000.00, 2150.00, NULL, NULL, 5300000.00, 2650.00, 'IDR', 2000.000000000, NULL, 'active', NULL, NULL, 10, '10工作日', 0, NULL, NULL, NULL, NULL, NULL, NULL, NULL, NULL, NULL, NULL, NULL, NULL, NULL, NULL, NULL, NULL, NULL, NULL),
('c75a387c-cfc8-45c7-8e19-61c8746b95c1', 'zcrm_6302359000000489184', 'zcrm_6302359000000469001', 'Leion', 'zcrm_6302359000000469001', 'Leion', 'zcrm_6302359000000469001', 'Leion', '2024-05-30 06:30:00', '2024-05-30 06:30:00', NULL, NULL, NULL, '注册EFIN(纳税人)识别号', 'EFIN', NULL, NULL, NULL, 1, 'TaxService', '/次', 1, NULL, NULL, 1500000.00, 1000000.00, 300000.00, NULL, 0, NULL, NULL, NULL, '6c0cf973-9af3-4b7c-a25d-02c0f0dc9b8e', '2024-05-30 06:30:00', '2025-11-18 09:31:41', NULL, 300000.00, 150.00, 1000000.00, 500.00, NULL, NULL, 1500000.00, 750.00, 'IDR', 2000.000000000, NULL, 'active', NULL, NULL, NULL, NULL, 0, NULL, NULL, NULL, NULL, NULL, NULL, NULL, NULL, NULL, NULL, NULL, NULL, NULL, NULL, NULL, NULL, NULL, NULL),
('cdc18956-9ddd-4f55-b779-9dec38ed7dbe', 'zcrm_6302359000000489145', 'zcrm_6302359000000469001', 'Leion', 'zcrm_6302359000000469001', 'Leion', 'zcrm_6302359000000469001', 'Leion', '2024-04-15 05:11:00', '2024-10-06 15:53:01', '2024-10-06 15:53:01', NULL, NULL, '工作签 C312【C312】(35工作日出签)', 'C312', NULL, NULL, NULL, 1, 'VisaService', '/次', 1, NULL, NULL, 15000000.00, 13000000.00, 10400000.00, NULL, 0, '包含150美金  移民局费用，不含1200美金 税费；商务签转签无需出境  需加转签费，境内持商务签选择新办不转签，需要在办理前出境；着急可使用落地签重新入境，办理完成后需要离境重新进入', '办理工作签证的所需资料：1. 个人护照首页照片2. 电子版证件照3. 企业登记卡 NIB4. 公司税卡 NPWP5. 公司户籍 IZIN LOKASI6. 公司章程(如有变更一并附上) AKTA7. 司法部批文(如有变更一并附上) SK8. 公司信纸和盖章 KOP SURAT & STEMPEL 条件：护照有效期至少6个月办理时长：+/- 30工作日', NULL, '93c369b2-9487-4213-9cdc-63770b020912', '2024-04-15 05:11:00', '2025-11-18 09:31:41', NULL, 10400000.00, 5200.00, 13000000.00, 6500.00, NULL, NULL, 15000000.00, 7500.00, 'IDR', 2000.000000000, NULL, 'active', NULL, NULL, 35, '境外：35工作日 境内商务签转签：40工作日', 0, NULL, NULL, NULL, NULL, NULL, NULL, NULL, NULL, NULL, NULL, NULL, NULL, NULL, NULL, NULL, NULL, NULL, NULL),
('d3fbf6ba-2470-44e0-b67c-17b5f2904a61', 'zcrm_6302359000000489159', 'zcrm_6302359000000469001', 'Leion', 'zcrm_6302359000000469001', 'Leion', 'zcrm_6302359000000469001', 'Leion', '2024-04-15 05:11:00', '2024-05-30 06:30:00', NULL, NULL, NULL, '个人银行协助开户', 'PBank_normal', NULL, NULL, NULL, 1, 'CompanyService', '/次', 1, NULL, NULL, 2500000.00, 1500000.00, 500000.00, NULL, 0, NULL, '护照原件+Kitas+NPWP+居住地址证明(居住公寓提供)', NULL, '55869370-2806-4756-8c58-d27a10b75359', '2024-04-15 05:11:00', '2025-11-18 09:31:41', NULL, 500000.00, 250.00, 1500000.00, 750.00, NULL, NULL, 2500000.00, 1250.00, 'IDR', 2000.000000000, NULL, 'active', NULL, NULL, 2, '2工作日', 0, NULL, NULL, NULL, NULL, NULL, NULL, NULL, NULL, NULL, NULL, NULL, NULL, NULL, NULL, NULL, NULL, NULL, NULL),
('dfe60b3d-c88a-4c1e-b87a-b59246bb8927', 'zcrm_6302359000000489172', 'zcrm_6302359000000469001', 'Leion', 'zcrm_6302359000000469001', 'Leion', 'zcrm_6302359000000469001', 'Leion', '2024-04-15 05:11:00', '2024-05-30 06:30:00', '2024-06-27 07:58:42', NULL, NULL, '进口许可证API-P', 'API_P', NULL, NULL, NULL, 1, 'LicenseService', '/次', 1, NULL, NULL, 4000000.00, 3000000.00, 1500000.00, NULL, 0, NULL, NULL, NULL, '177a4cd6-7084-49e2-91aa-ca7a979e7ec8', '2024-04-15 05:11:00', '2025-11-18 09:31:41', NULL, 1500000.00, 750.00, 3000000.00, 1500.00, NULL, NULL, 4000000.00, 2000.00, 'IDR', 2000.000000000, NULL, 'active', NULL, NULL, NULL, NULL, 0, NULL, NULL, NULL, NULL, NULL, NULL, NULL, NULL, NULL, NULL, NULL, NULL, NULL, NULL, NULL, NULL, NULL, NULL),
('e18205c5-851e-4349-b9c6-d057cf9c9373', 'zcrm_6302359000000489174', 'zcrm_6302359000000469001', 'Leion', 'zcrm_6302359000000469001', 'Leion', 'zcrm_6302359000000469001', 'Leion', '2024-04-17 03:28:00', '2024-05-30 06:30:00', NULL, NULL, NULL, '印尼人去中国 旅游签 L1', 'ToChinaL1', NULL, NULL, NULL, 1, 'VisaService', '/次', 1, NULL, NULL, 4000000.00, 3000000.00, 1300000.00, NULL, 0, NULL, '印尼公民护照首页照片+护照原件', NULL, '93c369b2-9487-4213-9cdc-63770b020912', '2024-04-17 03:28:00', '2025-11-18 09:31:41', NULL, 1300000.00, 650.00, 3000000.00, 1500.00, NULL, NULL, 4000000.00, 2000.00, 'IDR', 2000.000000000, NULL, 'active', NULL, NULL, 7, '7个工作日', 0, NULL, NULL, NULL, NULL, NULL, NULL, NULL, NULL, NULL, NULL, NULL, NULL, NULL, NULL, NULL, NULL, NULL, NULL),
('e1f9587a-633c-45ec-85b7-a207c295148a', 'zcrm_6302359000000489156', 'zcrm_6302359000000469001', 'Leion', 'zcrm_6302359000000469001', 'Leion', 'zcrm_6302359000000469001', 'Leion', '2024-04-15 05:11:00', '2024-05-30 06:30:00', '2024-09-18 19:47:10', NULL, NULL, 'PMDN本地公司法人代持服务/月/人', 'CPMDN_Orang', NULL, NULL, NULL, 1, 'CompanyService', '/次', 1, NULL, NULL, 4000000.00, 3500000.00, 1500000.00, NULL, 0, '提供代持人员KTP、NPWP、配合相关签字', NULL, NULL, '55869370-2806-4756-8c58-d27a10b75359', '2024-04-15 05:11:00', '2025-11-18 09:31:41', NULL, 1500000.00, 750.00, 3500000.00, 1750.00, NULL, NULL, 4000000.00, 2000.00, 'IDR', 2000.000000000, NULL, 'active', NULL, NULL, NULL, '随开随用', 0, NULL, NULL, NULL, NULL, NULL, NULL, NULL, NULL, NULL, NULL, NULL, NULL, NULL, NULL, NULL, NULL, NULL, NULL),
('e606521d-2499-435e-9233-c57a6d2175dc', 'zcrm_6302359000000489164', 'zcrm_6302359000000469001', 'Leion', 'zcrm_6302359000000469001', 'Leion', 'zcrm_6302359000000469001', 'Leion', '2024-04-15 05:11:00', '2024-05-30 06:30:00', '2024-06-27 07:58:42', NULL, NULL, '个人所得税年度申报', 'Tax_personal', NULL, NULL, NULL, 1, 'TaxService', '/次', 1, NULL, NULL, 4000000.00, 2500000.00, 1000000.00, NULL, 0, '外国人：\\n1.  1721 表格/代扣税证明\\n2. 其他收入信息/资料\\n3. 今年1月1日的婚姻状况和几个未成年的小孩\\n4. 每个银行账户的12月31日的余额\\n5. 每个银行信用卡的12月31日账单\\n6. 负债 个人/银行贷款\\n7.  资产（物资购买信息)\\n8. DJP ONLINE 账号ID和密码\\n印尼人：\\n1.  1721 表格/代扣税证明\\n2. 其他收入信息/资料\\n3. 今年1月1日的婚姻状况和几个未成年的小孩\\n4. 每个银行账户的12月31日的余额\\n5. 每个银行信用卡的12月31日账单\\n6. 负债 个人/银行贷款\\n7.  资产（物资购买信息)\\n8. DJP ONLINE 账号ID和密码', '1.在印尼持有个人税卡（NPWP）的外籍人士，每年都必须执行报税义务。2.公司一般每个月都会替员工和董事代扣薪资和进行报税，但是个人年报需要由本人进行申报。', NULL, '6c0cf973-9af3-4b7c-a25d-02c0f0dc9b8e', '2024-04-15 05:11:00', '2025-11-18 09:31:41', NULL, 1000000.00, 500.00, 2500000.00, 1250.00, NULL, NULL, 4000000.00, 2000.00, 'IDR', 2000.000000000, NULL, 'active', NULL, NULL, NULL, NULL, 0, NULL, NULL, NULL, NULL, NULL, NULL, NULL, NULL, NULL, NULL, NULL, NULL, NULL, NULL, NULL, NULL, NULL, NULL),
('eb0c6f9d-707c-4a13-bb9f-c01c625f9ad2', 'zcrm_6302359000000489185', 'zcrm_6302359000000469001', 'Leion', 'zcrm_6302359000000469001', 'Leion', 'zcrm_6302359000000469001', 'Leion', '2024-05-30 06:30:00', '2024-05-30 06:30:00', '2024-07-05 08:53:04', NULL, NULL, '商标注册', 'Trademark', NULL, NULL, NULL, 1, 'LicenseService', '/次', 1, NULL, NULL, 5000000.00, 4000000.00, 3000000.00, NULL, 0, NULL, '填写商标注册信息表', NULL, '177a4cd6-7084-49e2-91aa-ca7a979e7ec8', '2024-05-30 06:30:00', '2025-11-18 09:31:41', NULL, 3000000.00, 1500.00, 4000000.00, 2000.00, NULL, NULL, 5000000.00, 2500.00, 'IDR', 2000.000000000, NULL, 'active', NULL, NULL, NULL, NULL, 0, NULL, NULL, NULL, NULL, NULL, NULL, NULL, NULL, NULL, NULL, NULL, NULL, NULL, NULL, NULL, NULL, NULL, NULL),
('efa83342-5c52-4602-af42-7e4598dc802f', 'zcrm_6302359000000489148', 'zcrm_6302359000000469001', 'Leion', 'zcrm_6302359000000469001', 'Leion', 'zcrm_6302359000000469001', 'Leion', '2024-04-15 05:11:00', '2024-05-30 06:30:00', NULL, NULL, NULL, 'E33 第二家园签证', 'E33', NULL, NULL, NULL, 1, 'VisaService', '/次', 1, NULL, NULL, 90000000.00, 60000000.00, 50000000.00, NULL, 0, NULL, '1. 护照，有效期不低于36个月2. 电子证件照片（底色尺寸五要求）3. 银行存款证明（至少需要有2M印尼盾）4. 申请人个人英文履历', NULL, '93c369b2-9487-4213-9cdc-63770b020912', '2024-04-15 05:11:00', '2025-11-18 09:31:41', NULL, 50000000.00, 25000.00, 60000000.00, 30000.00, NULL, NULL, 90000000.00, 45000.00, 'IDR', 2000.000000000, NULL, 'active', NULL, NULL, 45, '45-60个工作日', 0, NULL, NULL, NULL, NULL, NULL, NULL, NULL, NULL, NULL, NULL, NULL, NULL, NULL, NULL, NULL, NULL, NULL, NULL),
('f4fb7dad-ab9d-4688-996d-5d7cda3e1513', 'zcrm_6302359000000489146', 'zcrm_6302359000000469001', 'Leion', 'zcrm_6302359000000469001', 'Leion', 'zcrm_6302359000000469001', 'Leion', '2024-04-15 05:11:00', '2024-05-30 06:30:00', '2024-06-27 07:58:42', NULL, NULL, '家属陪同签证1年 C317【E31B】(30工作日出签)', 'C317', NULL, NULL, NULL, 1, 'VisaService', '/次', 1, NULL, NULL, 12000000.00, 8500000.00, 5100000.00, NULL, 0, '商务签转签 需加转签费', '办理陪伴签所需个人资料 SYARAT DOKUMEN PRIBADI 1 申请人护照扫描件 FOTOCOPY PASSORT2 户口本 KK和结婚证 Akta Nikah （翻译成印尼语或英文）3 如是小孩，提供出生证明 AKTA LAHIR （翻译成印尼语或英文）4 被陪伴人的暂住证Kitas（有效期不能低于6个月）5 被陪伴人的护照Passport6 被陪伴人的民政局居住证SKTT', NULL, '93c369b2-9487-4213-9cdc-63770b020912', '2024-04-15 05:11:00', '2025-11-18 09:31:41', NULL, 5100000.00, 2550.00, 8500000.00, 4250.00, NULL, NULL, 12000000.00, 6000.00, 'IDR', 2000.000000000, NULL, 'active', NULL, NULL, 30, '境外：30工作日 境内商务签转签：35工作日', 0, NULL, NULL, NULL, NULL, NULL, NULL, NULL, NULL, NULL, NULL, NULL, NULL, NULL, NULL, NULL, NULL, NULL, NULL),
('f7c2043e-77ff-4a60-85ae-1c21457bd79b', 'zcrm_6302359000000489160', 'zcrm_6302359000000469001', 'Leion', 'zcrm_6302359000000469001', 'Leion', 'zcrm_6302359000000469001', 'Leion', '2024-04-15 05:11:00', '2024-05-30 06:30:00', '2024-09-18 19:21:23', NULL, NULL, '银行对公户协助开户(普通)', 'CBank_normal', NULL, NULL, NULL, 1, 'CompanyService', '/次', 1, NULL, NULL, 4000000.00, 3000000.00, 1000000.00, NULL, 0, '专人陪同开设企业对公账户', '全套公司资料（如果外资公司法人一定要持有Kitas）', NULL, '55869370-2806-4756-8c58-d27a10b75359', '2024-04-15 05:11:00', '2025-11-18 09:31:41', NULL, 1000000.00, 500.00, 3000000.00, 1500.00, NULL, NULL, 4000000.00, 2000.00, 'IDR', 2000.000000000, NULL, 'active', NULL, NULL, 7, '7工作日', 0, NULL, NULL, NULL, NULL, NULL, NULL, NULL, NULL, NULL, NULL, NULL, NULL, NULL, NULL, NULL, NULL, NULL, NULL),
('f8dade52-6134-4ca4-8565-bda9cf6c978a', 'zcrm_6302359000000489140', 'zcrm_6302359000000469001', 'Leion', 'zcrm_6302359000000469001', 'Leion', 'zcrm_6302359000000469001', 'Leion', '2024-04-15 05:11:00', '2024-06-27 09:40:06', '2024-07-01 09:13:43', NULL, NULL, '商务签 C211【C】单次商务签 (工作日当天出签)', 'C211_1Day', NULL, NULL, NULL, 1, 'VisaService', '/次', 1, NULL, NULL, 7000000.00, 5900000.00, 4900000.00, NULL, 0, NULL, '护照首页照片+电子版证件照', NULL, '93c369b2-9487-4213-9cdc-63770b020912', '2024-04-15 05:11:00', '2025-11-18 09:31:41', NULL, 4900000.00, 2450.00, 5900000.00, 2950.00, NULL, NULL, 7000000.00, 3500.00, 'IDR', 2000.000000000, NULL, 'active', NULL, NULL, NULL, '当日', 0, NULL, NULL, NULL, NULL, NULL, NULL, NULL, NULL, NULL, NULL, NULL, NULL, NULL, NULL, NULL, NULL, NULL, NULL),
('fa5ef3fe-157b-498c-8217-19a492c61fef', 'zcrm_6302359000000489144', 'zcrm_6302359000000469001', 'Leion', 'zcrm_6302359000000469001', 'Leion', 'zcrm_6302359000000469001', 'Leion', '2024-04-15 05:11:00', '2024-05-30 06:30:00', '2024-06-28 09:49:45', NULL, NULL, '投资签 C313/314【D12】(25工作日出签)', 'C314', NULL, NULL, NULL, 1, 'VisaService', '/次', 1, NULL, NULL, 15000000.00, 12500000.00, 10800000.00, NULL, 0, '包含150美金 两年投资签、护照有效期不低于30个月；一年投资签、护照有效期不低于18个月    转签无需出境  需加转签费，境内选择新办不转签，需要在办理前出境', '如果无公司，需要先注册公司;1. 企业登记卡 NIB2. 公司税卡 NPWP3. 公司户籍 IZIN LOKASI4. 公司章程(如有变更一并附上) AKTA5. 司法部批文(如有变更一并附上) SK6. 公司信纸和盖章 KOP SURAT & STEMPEL所需个人资料：1. 个人护照首页照片2. 电子版证件照办理条件：办理人需要是公司股东，并且他股本要达到10M办理时长：+/- 20工作日', NULL, '93c369b2-9487-4213-9cdc-63770b020912', '2024-04-15 05:11:00', '2025-11-18 09:31:41', NULL, 10800000.00, 5400.00, 12500000.00, 6250.00, NULL, NULL, 15000000.00, 7500.00, 'IDR', 2000.000000000, NULL, 'active', NULL, NULL, 25, '境外：25工作日 境内商务签转签：35工作日', 0, NULL, NULL, NULL, NULL, NULL, NULL, NULL, NULL, NULL, NULL, NULL, NULL, NULL, NULL, NULL, NULL, NULL, NULL),
('ffc665fa-8b78-4411-89ae-4165a1df1e4b', 'zcrm_6302359000000489151', 'zcrm_6302359000000469001', 'Leion', 'zcrm_6302359000000469001', 'Leion', 'zcrm_6302359000000469001', 'Leion', '2024-04-15 05:11:00', '2024-05-30 06:30:00', NULL, NULL, NULL, '机场内部接送关', 'JemputAntar', NULL, NULL, NULL, 1, 'Jemput&AntarService', '/次', 1, NULL, NULL, 1000000.00, 800000.00, 450000.00, NULL, 0, NULL, '被接/送人 护照、签证(如果没有可联系我们办理)、机票、登机前自拍', NULL, '6b1b89d4-b3bb-4544-be5c-417d25e04184', '2024-04-15 05:11:00', '2025-11-18 09:31:41', NULL, 450000.00, 225.00, 800000.00, 400.00, NULL, NULL, 1000000.00, 500.00, 'IDR', 2000.000000000, NULL, 'active', NULL, NULL, NULL, NULL, 0, NULL, NULL, NULL, NULL, NULL, NULL, NULL, NULL, NULL, NULL, NULL, NULL, NULL, NULL, NULL, NULL, NULL, NULL);

INSERT INTO `role_permissions` (`role_id`, `permission_id`, `created_at`) VALUES
('d2bba05e-c206-11f0-b41d-06091ff37b5e', '1cbd47b4-c7c6-11f0-8cb1-cad6171ac9f8', '2025-11-22 17:10:14'),
('d2bba05e-c206-11f0-b41d-06091ff37b5e', '1cbd61b0-c7c6-11f0-8cb1-cad6171ac9f8', '2025-11-22 17:10:14'),
('d2bba05e-c206-11f0-b41d-06091ff37b5e', '1cbd673a-c7c6-11f0-8cb1-cad6171ac9f8', '2025-11-22 17:10:14'),
('d2bba05e-c206-11f0-b41d-06091ff37b5e', '1cbd7039-c7c6-11f0-8cb1-cad6171ac9f8', '2025-11-22 17:10:14'),
('d2bba05e-c206-11f0-b41d-06091ff37b5e', '1cbd71c7-c7c6-11f0-8cb1-cad6171ac9f8', '2025-11-22 17:10:14'),
('d2bba05e-c206-11f0-b41d-06091ff37b5e', '1cbd7293-c7c6-11f0-8cb1-cad6171ac9f8', '2025-11-22 17:10:14'),
('d2bba05e-c206-11f0-b41d-06091ff37b5e', '1cbd735f-c7c6-11f0-8cb1-cad6171ac9f8', '2025-11-22 17:10:14'),
('d2bba05e-c206-11f0-b41d-06091ff37b5e', '1cbd73f4-c7c6-11f0-8cb1-cad6171ac9f8', '2025-11-22 17:10:14'),
('d2bba05e-c206-11f0-b41d-06091ff37b5e', '1cbd74b7-c7c6-11f0-8cb1-cad6171ac9f8', '2025-11-22 17:10:14'),
('d2bba05e-c206-11f0-b41d-06091ff37b5e', '1cbd8085-c7c6-11f0-8cb1-cad6171ac9f8', '2025-11-22 17:10:14'),
('d2bba05e-c206-11f0-b41d-06091ff37b5e', '1cbd819f-c7c6-11f0-8cb1-cad6171ac9f8', '2025-11-22 17:10:14'),
('d2bba05e-c206-11f0-b41d-06091ff37b5e', '1cbd8279-c7c6-11f0-8cb1-cad6171ac9f8', '2025-11-22 17:10:14'),
('d2bba05e-c206-11f0-b41d-06091ff37b5e', '1cbdc3a6-c7c6-11f0-8cb1-cad6171ac9f8', '2025-11-22 17:10:14'),
('d2bba05e-c206-11f0-b41d-06091ff37b5e', '1cbdc456-c7c6-11f0-8cb1-cad6171ac9f8', '2025-11-22 17:10:14'),
('d2bba05e-c206-11f0-b41d-06091ff37b5e', '1cbdc67c-c7c6-11f0-8cb1-cad6171ac9f8', '2025-11-22 17:10:14'),
('d2bba05e-c206-11f0-b41d-06091ff37b5e', '1cbdc761-c7c6-11f0-8cb1-cad6171ac9f8', '2025-11-22 17:10:14'),
('d2bba05e-c206-11f0-b41d-06091ff37b5e', '1cbdc827-c7c6-11f0-8cb1-cad6171ac9f8', '2025-11-22 17:10:14'),
('d2bba05e-c206-11f0-b41d-06091ff37b5e', '1cbdc924-c7c6-11f0-8cb1-cad6171ac9f8', '2025-11-22 17:10:14'),
('d2bba05e-c206-11f0-b41d-06091ff37b5e', '1cbdc994-c7c6-11f0-8cb1-cad6171ac9f8', '2025-11-22 17:10:14'),
('d2bba05e-c206-11f0-b41d-06091ff37b5e', '1cbdca05-c7c6-11f0-8cb1-cad6171ac9f8', '2025-11-22 17:10:14'),
('d2bba05e-c206-11f0-b41d-06091ff37b5e', '1cbdca73-c7c6-11f0-8cb1-cad6171ac9f8', '2025-11-22 17:10:14'),
('d2bba05e-c206-11f0-b41d-06091ff37b5e', '1cbdcae3-c7c6-11f0-8cb1-cad6171ac9f8', '2025-11-22 17:10:14'),
('d2bba05e-c206-11f0-b41d-06091ff37b5e', '1cbdcb4a-c7c6-11f0-8cb1-cad6171ac9f8', '2025-11-22 17:10:14'),
('d2bba05e-c206-11f0-b41d-06091ff37b5e', '1cbdcbb0-c7c6-11f0-8cb1-cad6171ac9f8', '2025-11-22 17:10:14'),
('d2bba05e-c206-11f0-b41d-06091ff37b5e', '1cbdd10a-c7c6-11f0-8cb1-cad6171ac9f8', '2025-11-22 17:10:14'),
('d2bba05e-c206-11f0-b41d-06091ff37b5e', '1cbdd193-c7c6-11f0-8cb1-cad6171ac9f8', '2025-11-22 17:10:14'),
('d2bba05e-c206-11f0-b41d-06091ff37b5e', '1cbdd226-c7c6-11f0-8cb1-cad6171ac9f8', '2025-11-22 17:10:14'),
('d2bba05e-c206-11f0-b41d-06091ff37b5e', '1cbdd299-c7c6-11f0-8cb1-cad6171ac9f8', '2025-11-22 17:10:14'),
('d2bba05e-c206-11f0-b41d-06091ff37b5e', '1cbdd306-c7c6-11f0-8cb1-cad6171ac9f8', '2025-11-22 17:10:14'),
('d2bba05e-c206-11f0-b41d-06091ff37b5e', '1cbdd375-c7c6-11f0-8cb1-cad6171ac9f8', '2025-11-22 17:10:14'),
('d2bba05e-c206-11f0-b41d-06091ff37b5e', '1cbdd46b-c7c6-11f0-8cb1-cad6171ac9f8', '2025-11-22 17:10:14'),
('d2bba05e-c206-11f0-b41d-06091ff37b5e', '1cbdd543-c7c6-11f0-8cb1-cad6171ac9f8', '2025-11-22 17:10:14'),
('d2bba05e-c206-11f0-b41d-06091ff37b5e', '1cbdd5fd-c7c6-11f0-8cb1-cad6171ac9f8', '2025-11-22 17:10:14'),
('d2bba05e-c206-11f0-b41d-06091ff37b5e', '1cbdd6c5-c7c6-11f0-8cb1-cad6171ac9f8', '2025-11-22 17:10:14'),
('d2bba05e-c206-11f0-b41d-06091ff37b5e', '1cbdd7c2-c7c6-11f0-8cb1-cad6171ac9f8', '2025-11-22 17:10:14'),
('d2bba05e-c206-11f0-b41d-06091ff37b5e', '1cbdd87a-c7c6-11f0-8cb1-cad6171ac9f8', '2025-11-22 17:10:14'),
('d2bba05e-c206-11f0-b41d-06091ff37b5e', '1cbdd93b-c7c6-11f0-8cb1-cad6171ac9f8', '2025-11-22 17:10:14'),
('d2bba05e-c206-11f0-b41d-06091ff37b5e', '1cbdda55-c7c6-11f0-8cb1-cad6171ac9f8', '2025-11-22 17:10:14'),
('d2bba05e-c206-11f0-b41d-06091ff37b5e', '1cbddaf3-c7c6-11f0-8cb1-cad6171ac9f8', '2025-11-22 17:10:14'),
('d2bba05e-c206-11f0-b41d-06091ff37b5e', '1cbddb6d-c7c6-11f0-8cb1-cad6171ac9f8', '2025-11-22 17:10:14'),
('d2bba05e-c206-11f0-b41d-06091ff37b5e', '1cbddbec-c7c6-11f0-8cb1-cad6171ac9f8', '2025-11-22 17:10:14'),
('d2bba05e-c206-11f0-b41d-06091ff37b5e', '1cbddca6-c7c6-11f0-8cb1-cad6171ac9f8', '2025-11-22 17:10:14'),
('d2bba05e-c206-11f0-b41d-06091ff37b5e', '1cbde2a9-c7c6-11f0-8cb1-cad6171ac9f8', '2025-11-22 17:10:14'),
('d2bba05e-c206-11f0-b41d-06091ff37b5e', '1cbde3e0-c7c6-11f0-8cb1-cad6171ac9f8', '2025-11-22 17:10:14'),
('d2bba0f3-c206-11f0-b41d-06091ff37b5e', '1cbd61b0-c7c6-11f0-8cb1-cad6171ac9f8', '2025-11-22 17:10:14'),
('d2bba0f3-c206-11f0-b41d-06091ff37b5e', '1cbd71c7-c7c6-11f0-8cb1-cad6171ac9f8', '2025-11-22 17:10:14'),
('d2bba0f3-c206-11f0-b41d-06091ff37b5e', '1cbd73f4-c7c6-11f0-8cb1-cad6171ac9f8', '2025-11-22 17:10:14'),
('d2bba0f3-c206-11f0-b41d-06091ff37b5e', '1cbd819f-c7c6-11f0-8cb1-cad6171ac9f8', '2025-11-22 17:10:14'),
('d2bba0f3-c206-11f0-b41d-06091ff37b5e', '1cbdcb4a-c7c6-11f0-8cb1-cad6171ac9f8', '2025-11-22 17:10:14'),
('d2bba0f3-c206-11f0-b41d-06091ff37b5e', '1cbdcbb0-c7c6-11f0-8cb1-cad6171ac9f8', '2025-11-22 17:10:14'),
('d2bba0f3-c206-11f0-b41d-06091ff37b5e', '1cbdd10a-c7c6-11f0-8cb1-cad6171ac9f8', '2025-11-22 17:10:14'),
('d2bba0f3-c206-11f0-b41d-06091ff37b5e', '1cbdd193-c7c6-11f0-8cb1-cad6171ac9f8', '2025-11-22 17:10:14'),
('d2bba0f3-c206-11f0-b41d-06091ff37b5e', '1cbdd226-c7c6-11f0-8cb1-cad6171ac9f8', '2025-11-22 17:10:14'),
('d2bba0f3-c206-11f0-b41d-06091ff37b5e', '1cbdd299-c7c6-11f0-8cb1-cad6171ac9f8', '2025-11-22 17:10:14'),
('d2bba0f3-c206-11f0-b41d-06091ff37b5e', '1cbdd306-c7c6-11f0-8cb1-cad6171ac9f8', '2025-11-22 17:10:14'),
('d2bba0f3-c206-11f0-b41d-06091ff37b5e', '1cbdd375-c7c6-11f0-8cb1-cad6171ac9f8', '2025-11-22 17:10:14'),
('d2bba0f3-c206-11f0-b41d-06091ff37b5e', '1cbdd46b-c7c6-11f0-8cb1-cad6171ac9f8', '2025-11-22 17:10:14'),
('d2bba105-c206-11f0-b41d-06091ff37b5e', '1cbd61b0-c7c6-11f0-8cb1-cad6171ac9f8', '2025-11-22 17:10:14'),
('d2bba105-c206-11f0-b41d-06091ff37b5e', '1cbd73f4-c7c6-11f0-8cb1-cad6171ac9f8', '2025-11-22 17:10:14'),
('d2bba105-c206-11f0-b41d-06091ff37b5e', '1cbdcb4a-c7c6-11f0-8cb1-cad6171ac9f8', '2025-11-22 17:10:14'),
('d2bba105-c206-11f0-b41d-06091ff37b5e', '1cbdcbb0-c7c6-11f0-8cb1-cad6171ac9f8', '2025-11-22 17:10:14'),
('d2bba105-c206-11f0-b41d-06091ff37b5e', '1cbdd10a-c7c6-11f0-8cb1-cad6171ac9f8', '2025-11-22 17:10:14'),
('d2bba105-c206-11f0-b41d-06091ff37b5e', '1cbdd193-c7c6-11f0-8cb1-cad6171ac9f8', '2025-11-22 17:10:14'),
('d2bba105-c206-11f0-b41d-06091ff37b5e', '1cbdd226-c7c6-11f0-8cb1-cad6171ac9f8', '2025-11-22 17:10:14'),
('d2bba105-c206-11f0-b41d-06091ff37b5e', '1cbdd299-c7c6-11f0-8cb1-cad6171ac9f8', '2025-11-22 17:10:14'),
('d2bba105-c206-11f0-b41d-06091ff37b5e', '1cbdd306-c7c6-11f0-8cb1-cad6171ac9f8', '2025-11-22 17:10:14'),
('d2bba105-c206-11f0-b41d-06091ff37b5e', '1cbdd375-c7c6-11f0-8cb1-cad6171ac9f8', '2025-11-22 17:10:14'),
('d2bba105-c206-11f0-b41d-06091ff37b5e', '1cbdd46b-c7c6-11f0-8cb1-cad6171ac9f8', '2025-11-22 17:10:14'),
('d2bba111-c206-11f0-b41d-06091ff37b5e', '1cbd61b0-c7c6-11f0-8cb1-cad6171ac9f8', '2025-11-22 17:10:14'),
('d2bba111-c206-11f0-b41d-06091ff37b5e', '1cbd71c7-c7c6-11f0-8cb1-cad6171ac9f8', '2025-11-22 17:10:14'),
('d2bba111-c206-11f0-b41d-06091ff37b5e', '1cbd73f4-c7c6-11f0-8cb1-cad6171ac9f8', '2025-11-22 17:10:14'),
('d2bba111-c206-11f0-b41d-06091ff37b5e', '1cbd819f-c7c6-11f0-8cb1-cad6171ac9f8', '2025-11-22 17:10:14'),
('d2bba111-c206-11f0-b41d-06091ff37b5e', '1cbdd543-c7c6-11f0-8cb1-cad6171ac9f8', '2025-11-22 17:10:14'),
('d2bba111-c206-11f0-b41d-06091ff37b5e', '1cbdd5fd-c7c6-11f0-8cb1-cad6171ac9f8', '2025-11-22 17:10:14'),
('d2bba111-c206-11f0-b41d-06091ff37b5e', '1cbdd6c5-c7c6-11f0-8cb1-cad6171ac9f8', '2025-11-22 17:10:14'),
('d2bba111-c206-11f0-b41d-06091ff37b5e', '1cbdd7c2-c7c6-11f0-8cb1-cad6171ac9f8', '2025-11-22 17:10:14'),
('d2bba111-c206-11f0-b41d-06091ff37b5e', '1cbdd87a-c7c6-11f0-8cb1-cad6171ac9f8', '2025-11-22 17:10:14'),
('d2bba111-c206-11f0-b41d-06091ff37b5e', '1cbdd93b-c7c6-11f0-8cb1-cad6171ac9f8', '2025-11-22 17:10:14'),
('d2bba111-c206-11f0-b41d-06091ff37b5e', '1cbdda55-c7c6-11f0-8cb1-cad6171ac9f8', '2025-11-22 17:10:14'),
('d2bba11d-c206-11f0-b41d-06091ff37b5e', '1cbd61b0-c7c6-11f0-8cb1-cad6171ac9f8', '2025-11-22 17:10:14'),
('d2bba11d-c206-11f0-b41d-06091ff37b5e', '1cbd71c7-c7c6-11f0-8cb1-cad6171ac9f8', '2025-11-22 17:10:14'),
('d2bba11d-c206-11f0-b41d-06091ff37b5e', '1cbd73f4-c7c6-11f0-8cb1-cad6171ac9f8', '2025-11-22 17:10:14'),
('d2bba11d-c206-11f0-b41d-06091ff37b5e', '1cbd819f-c7c6-11f0-8cb1-cad6171ac9f8', '2025-11-22 17:10:14'),
('d2bba11d-c206-11f0-b41d-06091ff37b5e', '1cbdd5fd-c7c6-11f0-8cb1-cad6171ac9f8', '2025-11-22 17:10:14'),
('d2bba11d-c206-11f0-b41d-06091ff37b5e', '1cbdd7c2-c7c6-11f0-8cb1-cad6171ac9f8', '2025-11-22 17:10:14'),
('d2bba11d-c206-11f0-b41d-06091ff37b5e', '1cbddaf3-c7c6-11f0-8cb1-cad6171ac9f8', '2025-11-22 17:10:14'),
('d2bba11d-c206-11f0-b41d-06091ff37b5e', '1cbddb6d-c7c6-11f0-8cb1-cad6171ac9f8', '2025-11-22 17:10:14'),
('d2bba11d-c206-11f0-b41d-06091ff37b5e', '1cbddbec-c7c6-11f0-8cb1-cad6171ac9f8', '2025-11-22 17:10:14'),
('d2bba11d-c206-11f0-b41d-06091ff37b5e', '1cbddca6-c7c6-11f0-8cb1-cad6171ac9f8', '2025-11-22 17:10:14'),
('d2bba11d-c206-11f0-b41d-06091ff37b5e', '1cbde2a9-c7c6-11f0-8cb1-cad6171ac9f8', '2025-11-22 17:10:14'),
('d2bba11d-c206-11f0-b41d-06091ff37b5e', '1cbde3e0-c7c6-11f0-8cb1-cad6171ac9f8', '2025-11-22 17:10:14');

INSERT INTO `roles` (`id`, `code`, `name`, `name_zh`, `name_id`, `description`, `description_zh`, `description_id`, `created_at`, `updated_at`) VALUES
('d2bba05e-c206-11f0-b41d-06091ff37b5e', 'ADMIN', '管理员', '管理员', 'Administrator', '系统管理员，拥有所有权限', '系统管理员，拥有所有权限', 'Administrator sistem dengan akses penuh', '2025-11-15 09:38:20', '2025-11-23 11:57:37'),
('d2bba0f3-c206-11f0-b41d-06091ff37b5e', 'SALES', '销售', '销售', 'Penjualan', '内部销售代表，负责客户开发和订单管理', '内部销售代表', 'Perwakilan penjualan internal', '2025-11-15 09:38:20', '2025-11-22 17:10:14'),
('d2bba105-c206-11f0-b41d-06091ff37b5e', 'AGENT', '渠道代理', '渠道代理', 'Agen Saluran', '外部渠道代理销售', '外部渠道代理销售', 'Agen saluran eksternal', '2025-11-15 09:38:20', '2025-11-22 17:10:14'),
('d2bba111-c206-11f0-b41d-06091ff37b5e', 'OPERATION', '做单人员', '做单人员', 'Operasi', '订单处理人员，负责订单处理和跟进', '订单处理人员', 'Staf pemrosesan pesanan', '2025-11-15 09:38:20', '2025-11-22 17:10:14'),
('d2bba11d-c206-11f0-b41d-06091ff37b5e', 'FINANCE', '财务', '财务', 'Keuangan', '财务人员，负责应收应付和财务报表', '财务人员，负责应收应付和报表', 'Staf keuangan untuk AR/AP dan laporan', '2025-11-15 09:38:20', '2025-11-22 17:10:14');

INSERT INTO `user_roles` (`user_id`, `role_id`) VALUES
('72fafd73-338e-4d5a-ad47-a28d19f962c0', 'd2bba05e-c206-11f0-b41d-06091ff37b5e'),
('00000000-0000-0000-0000-000000000002', 'd2bba0f3-c206-11f0-b41d-06091ff37b5e'),
('00000000-0000-0000-0000-000000000002', 'd2bba105-c206-11f0-b41d-06091ff37b5e'),
('00000000-0000-0000-0000-000000000002', 'd2bba111-c206-11f0-b41d-06091ff37b5e'),
('00000000-0000-0000-0000-000000000002', 'd2bba11d-c206-11f0-b41d-06091ff37b5e');

INSERT INTO `users` (`id`, `username`, `email`, `phone`, `display_name`, `password_hash`, `avatar_url`, `bio`, `gender`, `address`, `contact_phone`, `whatsapp`, `wechat`, `is_active`, `is_locked`, `last_login_at`, `created_at`, `updated_at`) VALUES
('00000000-0000-0000-0000-000000000002', '王硕', 'roi123@bantu.com', NULL, '王硕', '$2b$12$svUvfeta5UR4NZcSGso.v./dg1SLKeXrSXm.NVzpttg7Lq.emJpFi', NULL, NULL, NULL, NULL, NULL, NULL, NULL, 1, 0, NULL, '2025-11-23 15:45:14', '2025-11-23 15:45:14'),
('72fafd73-338e-4d5a-ad47-a28d19f962c0', 'admin', 'admin@bantuqifu.com', NULL, '系统管理员', '$2b$12$2v/JSNwNJ8iFFSd/wsy3h.LLk5qx49qNoRlSG2qfttffDRrKgc9H.', NULL, NULL, 'male', NULL, NULL, NULL, NULL, 1, 0, '2025-11-24 09:11:41', '2025-11-16 12:58:05', '2025-11-24 09:11:41');

-- 重新启用外键检查
SET FOREIGN_KEY_CHECKS = 1;
