-- ============================================================
-- BANTU CRM 数据库 Seed Data
-- ============================================================
-- 从生产数据库导出的种子数据
-- 包含：角色、组织、用户、产品分类、产品、菜单、权限等基础数据
-- 生成时间: $(date +"%Y-%m-%d %H:%M:%S")
-- ============================================================

SET NAMES utf8mb4 COLLATE utf8mb4_0900_ai_ci;

-- 禁用外键检查（插入数据时）
SET FOREIGN_KEY_CHECKS = 0;

INSERT INTO `customer_levels` VALUES ('a4649d8f-c9ea-11f0-8cb1-cad6171ac9f8','2','央企总部和龙头企业','Perusahaan Pusat BUMN dan Perusahaan Terkemuka',2,1,'央企总部和龙头企业','Perusahaan Pusat BUMN dan Perusahaan Terkemuka','2025-11-25 10:36:46','2025-11-25 10:36:46'),('a465399a-c9ea-11f0-8cb1-cad6171ac9f8','3','国有企业和上市公司','Perusahaan BUMN dan Perusahaan Terdaftar',3,1,'国有企业和上市公司','Perusahaan BUMN dan Perusahaan Terdaftar','2025-11-25 10:36:46','2025-11-25 10:36:46'),('a4654c77-c9ea-11f0-8cb1-cad6171ac9f8','4','非上市品牌公司','Perusahaan Merek Non-Terdaftar',4,1,'非上市品牌公司','Perusahaan Merek Non-Terdaftar','2025-11-25 10:36:46','2025-11-25 10:36:46'),('a4654d26-c9ea-11f0-8cb1-cad6171ac9f8','5','中小型企业','Perusahaan Kecil dan Menengah',5,1,'中小型企业','Perusahaan Kecil dan Menengah','2025-11-25 10:36:46','2025-11-25 10:36:46'),('a4654d98-c9ea-11f0-8cb1-cad6171ac9f8','6','个人创业小公司','Perusahaan Kecil Wirausaha Individu',6,1,'个人创业小公司','Perusahaan Kecil Wirausaha Individu','2025-11-25 10:36:46','2025-11-25 10:36:46');
INSERT INTO `customer_sources` VALUES ('34901212-c52a-11f0-8cb1-cad6171ac9f8','source_001','客户转介绍','2025-11-19 09:29:10','2025-11-19 09:29:10',NULL,1,1),('34937f5a-c52a-11f0-8cb1-cad6171ac9f8','source_002','微信扫码','2025-11-19 09:29:10','2025-11-19 09:29:10',NULL,2,1),('3493efa1-c52a-11f0-8cb1-cad6171ac9f8','source_003','微信群','2025-11-19 09:29:10','2025-11-19 09:29:10',NULL,3,1),('34946e41-c52a-11f0-8cb1-cad6171ac9f8','source_004','渠道介绍','2025-11-19 09:29:10','2025-11-19 09:29:10',NULL,4,1),('3494da78-c52a-11f0-8cb1-cad6171ac9f8','source_005','外部推广','2025-11-19 09:29:10','2025-11-19 09:29:10',NULL,5,1);
INSERT INTO `follow_up_statuses` VALUES ('a4abb739-c9ea-11f0-8cb1-cad6171ac9f8','1','需求澄清','Klarisifikasi Kebutuhan',1,1,'需求澄清','Klarisifikasi Kebutuhan','2025-11-25 10:36:47','2025-11-25 10:36:47'),('a4abcc08-c9ea-11f0-8cb1-cad6171ac9f8','2','价格谈判','Negosiasi Harga',2,1,'价格谈判','Negosiasi Harga','2025-11-25 10:36:47','2025-11-25 10:36:47'),('a4abcd0d-c9ea-11f0-8cb1-cad6171ac9f8','3','合同签署','Penandatanganan Kontrak',3,1,'合同签署','Penandatanganan Kontrak','2025-11-25 10:36:47','2025-11-25 10:36:47'),('a4abcd78-c9ea-11f0-8cb1-cad6171ac9f8','4','服务执行','Pelaksanaan Layanan',4,1,'服务执行','Pelaksanaan Layanan','2025-11-25 10:36:47','2025-11-25 10:36:47'),('a4abcdd8-c9ea-11f0-8cb1-cad6171ac9f8','5','服务完成','Layanan Selesai',5,1,'服务完成','Layanan Selesai','2025-11-25 10:36:47','2025-11-25 10:36:47');
INSERT INTO `menu_permissions` VALUES ('1ce28a0c-c7c6-11f0-8cb1-cad6171ac9f8','1cbd71c7-c7c6-11f0-8cb1-cad6171ac9f8','2025-11-22 17:10:15'),('1ce28c15-c7c6-11f0-8cb1-cad6171ac9f8','1cbd47b4-c7c6-11f0-8cb1-cad6171ac9f8','2025-11-22 17:10:15'),('1ce28d34-c7c6-11f0-8cb1-cad6171ac9f8','1cbd819f-c7c6-11f0-8cb1-cad6171ac9f8','2025-11-22 17:10:15'),('1ce28e8a-c7c6-11f0-8cb1-cad6171ac9f8','1cbd735f-c7c6-11f0-8cb1-cad6171ac9f8','2025-11-22 17:10:15'),('1ce28fb9-c7c6-11f0-8cb1-cad6171ac9f8','1cbdc827-c7c6-11f0-8cb1-cad6171ac9f8','2025-11-22 17:10:15'),('1ce290e8-c7c6-11f0-8cb1-cad6171ac9f8','1cbdca05-c7c6-11f0-8cb1-cad6171ac9f8','2025-11-22 17:10:15'),('1ce291ac-c7c6-11f0-8cb1-cad6171ac9f8','1cbdd193-c7c6-11f0-8cb1-cad6171ac9f8','2025-11-22 17:10:15'),('1ce2f58b-c7c6-11f0-8cb1-cad6171ac9f8','1cbdcb4a-c7c6-11f0-8cb1-cad6171ac9f8','2025-11-22 17:10:15'),('1ce2f765-c7c6-11f0-8cb1-cad6171ac9f8','1cbdd46b-c7c6-11f0-8cb1-cad6171ac9f8','2025-11-22 17:10:15'),('1ce2f85f-c7c6-11f0-8cb1-cad6171ac9f8','1cbdd299-c7c6-11f0-8cb1-cad6171ac9f8','2025-11-22 17:10:15'),('1ce2f9d0-c7c6-11f0-8cb1-cad6171ac9f8','1cbdd7c2-c7c6-11f0-8cb1-cad6171ac9f8','2025-11-22 17:10:15'),('1ce2fb2a-c7c6-11f0-8cb1-cad6171ac9f8','1cbdd543-c7c6-11f0-8cb1-cad6171ac9f8','2025-11-22 17:10:15'),('1ce2fc59-c7c6-11f0-8cb1-cad6171ac9f8','1cbdd93b-c7c6-11f0-8cb1-cad6171ac9f8','2025-11-22 17:10:15'),('1ce2fd36-c7c6-11f0-8cb1-cad6171ac9f8','1cbddaf3-c7c6-11f0-8cb1-cad6171ac9f8','2025-11-22 17:10:15'),('1ce2fd36-c7c6-11f0-8cb1-cad6171ac9f8','1cbddb6d-c7c6-11f0-8cb1-cad6171ac9f8','2025-11-22 17:10:15'),('1ce2febd-c7c6-11f0-8cb1-cad6171ac9f8','1cbddbec-c7c6-11f0-8cb1-cad6171ac9f8','2025-11-22 17:10:15'),('1ce2febd-c7c6-11f0-8cb1-cad6171ac9f8','1cbddca6-c7c6-11f0-8cb1-cad6171ac9f8','2025-11-22 17:10:15'),('1ce2ffd8-c7c6-11f0-8cb1-cad6171ac9f8','1cbde2a9-c7c6-11f0-8cb1-cad6171ac9f8','2025-11-22 17:10:15'),('1ce300b4-c7c6-11f0-8cb1-cad6171ac9f8','1cbdcae3-c7c6-11f0-8cb1-cad6171ac9f8','2025-11-22 17:10:15'),('1ce301df-c7c6-11f0-8cb1-cad6171ac9f8','1cbdca05-c7c6-11f0-8cb1-cad6171ac9f8','2025-11-22 17:10:15');
INSERT INTO `menus` VALUES ('1ce26eda-c7c6-11f0-8cb1-cad6171ac9f8','dashboard','工作台','Dashboard','工作台首页','Halaman dashboard',NULL,'/dashboard','Dashboard','dashboard',10,1,1,'2025-11-22 17:10:15','2025-11-22 17:10:15'),('1ce28191-c7c6-11f0-8cb1-cad6171ac9f8','user-management','用户管理','Manajemen Pengguna','用户管理模块','Modul manajemen pengguna',NULL,'/users',NULL,'user',100,1,1,'2025-11-22 17:10:15','2025-11-22 17:10:15'),('1ce28354-c7c6-11f0-8cb1-cad6171ac9f8','organization-management','组织管理','Manajemen Organisasi','组织管理模块','Modul manajemen organisasi',NULL,'/organizations',NULL,'team',200,1,1,'2025-11-22 17:10:15','2025-11-22 17:10:15'),('1ce28446-c7c6-11f0-8cb1-cad6171ac9f8','role-management','角色管理','Manajemen Peran','角色管理模块','Modul manajemen peran',NULL,'/roles',NULL,'safety',300,1,1,'2025-11-22 17:10:15','2025-11-22 17:10:15'),('1ce285b0-c7c6-11f0-8cb1-cad6171ac9f8','lead-management','线索管理','Manajemen Prospek','线索管理模块','Modul manajemen prospek',NULL,'/leads',NULL,'contacts',400,1,1,'2025-11-22 17:10:15','2025-11-22 17:10:15'),('1ce28684-c7c6-11f0-8cb1-cad6171ac9f8','opportunity-management','商机管理','Manajemen Peluang','商机管理模块','Modul manajemen peluang',NULL,'/opportunities',NULL,'project',500,1,1,'2025-11-22 17:10:15','2025-11-22 17:10:15'),('1ce2874e-c7c6-11f0-8cb1-cad6171ac9f8','order-management','订单管理','Manajemen Pesanan','订单管理模块','Modul manajemen pesanan',NULL,'/orders',NULL,'shopping',600,1,1,'2025-11-22 17:10:15','2025-11-22 17:10:15'),('1ce28870-c7c6-11f0-8cb1-cad6171ac9f8','finance-management','财务管理','Manajemen Keuangan','财务管理模块','Modul manajemen keuangan',NULL,'/finance',NULL,'dollar',700,1,1,'2025-11-22 17:10:15','2025-11-22 17:10:15'),('1ce28946-c7c6-11f0-8cb1-cad6171ac9f8','system-management','系统管理','Manajemen Sistem','系统管理模块','Modul manajemen sistem',NULL,'/system',NULL,'setting',800,1,1,'2025-11-22 17:10:15','2025-11-22 17:10:15'),('1ce28a0c-c7c6-11f0-8cb1-cad6171ac9f8','user-list','用户列表','Daftar Pengguna','查看用户列表','Melihat daftar pengguna','1ce28191-c7c6-11f0-8cb1-cad6171ac9f8','/users/list','UserList','unordered-list',110,1,1,'2025-11-22 17:10:15','2025-11-22 17:10:15'),('1ce28c15-c7c6-11f0-8cb1-cad6171ac9f8','user-create','创建用户','Buat Pengguna','创建新用户','Membuat pengguna baru','1ce28191-c7c6-11f0-8cb1-cad6171ac9f8','/users/create','UserCreate','user-add',120,1,1,'2025-11-22 17:10:15','2025-11-22 17:10:15'),('1ce28d34-c7c6-11f0-8cb1-cad6171ac9f8','organization-list','组织列表','Daftar Organisasi','查看组织列表','Melihat daftar organisasi','1ce28354-c7c6-11f0-8cb1-cad6171ac9f8','/organizations/list','OrganizationList','unordered-list',210,1,1,'2025-11-22 17:10:15','2025-11-22 17:10:15'),('1ce28e8a-c7c6-11f0-8cb1-cad6171ac9f8','organization-create','创建组织','Buat Organisasi','创建新组织','Membuat organisasi baru','1ce28354-c7c6-11f0-8cb1-cad6171ac9f8','/organizations/create','OrganizationCreate','team-add',220,1,1,'2025-11-22 17:10:15','2025-11-22 17:10:15'),('1ce28fb9-c7c6-11f0-8cb1-cad6171ac9f8','role-list','角色列表','Daftar Peran','查看角色列表','Melihat daftar peran','1ce28446-c7c6-11f0-8cb1-cad6171ac9f8','/roles/list','RoleList','unordered-list',310,1,1,'2025-11-22 17:10:15','2025-11-22 17:10:15'),('1ce290e8-c7c6-11f0-8cb1-cad6171ac9f8','role-permission','角色权限','Izin Peran','配置角色权限','Mengonfigurasi izin peran','1ce28446-c7c6-11f0-8cb1-cad6171ac9f8','/roles/permissions','RolePermission','safety-certificate',320,1,1,'2025-11-22 17:10:15','2025-11-22 17:10:15'),('1ce291ac-c7c6-11f0-8cb1-cad6171ac9f8','lead-list','线索列表','Daftar Prospek','查看线索列表','Melihat daftar prospek','1ce285b0-c7c6-11f0-8cb1-cad6171ac9f8','/leads/list','LeadList','unordered-list',410,1,1,'2025-11-22 17:10:15','2025-11-22 17:10:15'),('1ce2f58b-c7c6-11f0-8cb1-cad6171ac9f8','lead-create','创建线索','Buat Prospek','创建新线索','Membuat prospek baru','1ce285b0-c7c6-11f0-8cb1-cad6171ac9f8','/leads/create','LeadCreate','plus',420,1,1,'2025-11-22 17:10:15','2025-11-22 17:10:15'),('1ce2f765-c7c6-11f0-8cb1-cad6171ac9f8','opportunity-list','商机列表','Daftar Peluang','查看商机列表','Melihat daftar peluang','1ce28684-c7c6-11f0-8cb1-cad6171ac9f8','/opportunities/list','OpportunityList','unordered-list',510,1,1,'2025-11-22 17:10:15','2025-11-22 17:10:15'),('1ce2f85f-c7c6-11f0-8cb1-cad6171ac9f8','opportunity-create','创建商机','Buat Peluang','创建新商机','Membuat peluang baru','1ce28684-c7c6-11f0-8cb1-cad6171ac9f8','/opportunities/create','OpportunityCreate','plus',520,1,1,'2025-11-22 17:10:15','2025-11-22 17:10:15'),('1ce2f9d0-c7c6-11f0-8cb1-cad6171ac9f8','order-list','订单列表','Daftar Pesanan','查看订单列表','Melihat daftar pesanan','1ce2874e-c7c6-11f0-8cb1-cad6171ac9f8','/orders/list','OrderList','unordered-list',610,1,1,'2025-11-22 17:10:15','2025-11-22 17:10:15'),('1ce2fb2a-c7c6-11f0-8cb1-cad6171ac9f8','order-receive','接收订单','Terima Pesanan','接收新订单','Menerima pesanan baru','1ce2874e-c7c6-11f0-8cb1-cad6171ac9f8','/orders/receive','OrderReceive','inbox',620,1,1,'2025-11-22 17:10:15','2025-11-22 17:10:15'),('1ce2fc59-c7c6-11f0-8cb1-cad6171ac9f8','order-track','订单跟踪','Lacak Pesanan','跟踪订单进度','Melacak kemajuan pesanan','1ce2874e-c7c6-11f0-8cb1-cad6171ac9f8','/orders/track','OrderTrack','radar-chart',630,1,1,'2025-11-22 17:10:15','2025-11-22 17:10:15'),('1ce2fd36-c7c6-11f0-8cb1-cad6171ac9f8','finance-receivable','应收账款','Piutang Usaha','管理应收账款','Mengelola piutang usaha','1ce28870-c7c6-11f0-8cb1-cad6171ac9f8','/finance/receivable','FinanceReceivable','account-book',710,1,1,'2025-11-22 17:10:15','2025-11-22 17:10:15'),('1ce2febd-c7c6-11f0-8cb1-cad6171ac9f8','finance-payable','应付账款','Hutang Usaha','管理应付账款','Mengelola hutang usaha','1ce28870-c7c6-11f0-8cb1-cad6171ac9f8','/finance/payable','FinancePayable','file-text',720,1,1,'2025-11-22 17:10:15','2025-11-22 17:10:15'),('1ce2ffd8-c7c6-11f0-8cb1-cad6171ac9f8','finance-report','财务报表','Laporan Keuangan','查看财务报表','Melihat laporan keuangan','1ce28870-c7c6-11f0-8cb1-cad6171ac9f8','/finance/report','FinanceReport','bar-chart',730,1,1,'2025-11-22 17:10:15','2025-11-22 17:10:15'),('1ce300b4-c7c6-11f0-8cb1-cad6171ac9f8','system-menu','菜单管理','Manajemen Menu','管理系统菜单','Mengelola menu sistem','1ce28946-c7c6-11f0-8cb1-cad6171ac9f8','/system/menus','SystemMenu','menu',810,1,1,'2025-11-22 17:10:15','2025-11-22 17:10:15'),('1ce301df-c7c6-11f0-8cb1-cad6171ac9f8','system-permission','权限管理','Manajemen Izin','管理系统权限','Mengelola izin sistem','1ce28946-c7c6-11f0-8cb1-cad6171ac9f8','/system/permissions','SystemPermission','key',820,1,1,'2025-11-22 17:10:15','2025-11-22 17:10:15');
INSERT INTO `opportunity_stage_templates` VALUES ('d9415e46-e410-11f0-9b78-3a7b318d0b28','new','新建','Newly Created','商机初始创建阶段，录入基本信息及关联客户',NULL,1,0,NULL,NULL,1,'2025-12-28 17:15:46','2025-12-28 17:15:46',NULL,NULL),('d941e8e6-e410-11f0-9b78-3a7b318d0b28','service_plan','服务方案','Service Plan','制定服务方案，明确服务内容及需求',NULL,2,0,NULL,'{\"demand_confirmed\": true}',1,'2025-12-28 17:15:46','2025-12-28 17:15:46',NULL,NULL),('d941f631-e410-11f0-9b78-3a7b318d0b28','quotation','报价单','Quotation','生成报价单，支持多种付款方式',NULL,3,1,'[\"sales_manager\"]','{\"scheme_approved\": true}',1,'2025-12-28 17:15:46','2025-12-28 17:15:46',NULL,NULL),('d941f79f-e410-11f0-9b78-3a7b318d0b28','contract','合同','Contract','签署合同，交付报价单+合同+Invoice',NULL,4,1,'[\"legal\", \"sales_manager\"]','{\"quote_accepted\": true}',1,'2025-12-28 17:15:46','2025-12-28 17:15:46',NULL,NULL),('d941f841-e410-11f0-9b78-3a7b318d0b28','invoice','发票','Invoice','开具发票，支持多签约主体',NULL,5,1,'[\"finance\"]','{\"contract_signed\": true}',1,'2025-12-28 17:15:46','2025-12-28 17:15:46',NULL,NULL),('d941fe73-e410-11f0-9b78-3a7b318d0b28','handling_materials','办理资料','Handling Materials','收集办理资料，审批后释放金额',NULL,6,1,'[\"execution\", \"finance\"]','{\"docs_collected\": true, \"invoice_issued\": true}',1,'2025-12-28 17:15:46','2025-12-28 17:15:46',NULL,NULL),('d9420598-e410-11f0-9b78-3a7b318d0b28','collection_status','回款状态','Collection Status','管理回款，支持多种回款模式及财务确认',NULL,7,0,NULL,'{\"materials_approved\": true}',1,'2025-12-28 17:15:46','2025-12-28 17:15:46',NULL,NULL),('d942063b-e410-11f0-9b78-3a7b318d0b28','assign_execution','分配执行','Assign Execution','根据审批结果分配执行任务',NULL,8,1,'[\"execution_manager\"]','{\"payment_confirmed\": true}',1,'2025-12-28 17:15:46','2025-12-28 17:15:46',NULL,NULL),('d9420732-e410-11f0-9b78-3a7b318d0b28','collection','收款','Collection','全部交付后最终收款，释放新订单',NULL,9,0,NULL,'{\"execution_completed\": true}',1,'2025-12-28 17:15:46','2025-12-28 17:15:46',NULL,NULL);
INSERT INTO `order_items` VALUES ('00e290e6-8cf9-4e5f-b68e-495dfdf64132','fec5ac25-5a53-44d8-8343-285e2172c372',1,NULL,'EVOA签证服务','Layanan Visa EVOA',NULL,NULL,NULL,NULL,1,NULL,300.00,0.00,300.00,'CNY',NULL,NULL,NULL,NULL,NULL,'pending','one_time',NULL,'2025-10-28 11:21:48','2025-10-28 15:07:37',NULL,NULL,NULL,0.00,0.00,0.00,0.00),('038dfe5b-e132-4f08-b67e-7ed98d7150ff','3559d96d-836a-4700-a849-236aea4784c1',1,NULL,'EVOA签证服务','Layanan Visa EVOA',NULL,NULL,NULL,NULL,1,NULL,350.00,0.00,350.00,'CNY',NULL,NULL,NULL,NULL,NULL,'pending','one_time',NULL,'2025-11-02 13:44:55','2025-11-02 13:44:55',NULL,NULL,NULL,0.00,0.00,0.00,0.00),('03e5ce66-a188-425c-9427-84126e7895b1','42a1706c-cfee-4de5-b9a0-40f9e711ccc6',1,NULL,'EVOA签证服务','Layanan Visa EVOA',NULL,NULL,NULL,NULL,1,NULL,375.00,0.00,375.00,'CNY',NULL,NULL,NULL,NULL,NULL,'pending','one_time',NULL,'2025-10-13 17:48:38','2025-10-13 18:12:38',NULL,NULL,NULL,0.00,0.00,0.00,0.00),('056c59a2-3360-4d14-a002-79fa5c8b05f9','6c3f297a-9df9-4611-8efe-4419ae38d7ab',1,NULL,'EVOA签证服务','Layanan Visa EVOA',NULL,NULL,NULL,NULL,1,NULL,700.00,0.00,700.00,'CNY',NULL,NULL,NULL,NULL,NULL,'pending','one_time',NULL,'2025-10-30 10:06:55','2025-11-03 10:40:40',NULL,NULL,NULL,0.00,0.00,0.00,0.00),('06ca158e-7cd5-40bd-af44-f2802058fd2b','732fc158-ef7a-40e3-b8d5-b23e3ab231c4',1,NULL,'EVOA签证服务','Layanan Visa EVOA',NULL,NULL,NULL,NULL,1,NULL,600000.00,0.00,600000.00,'IDR',NULL,NULL,NULL,NULL,NULL,'pending','one_time',NULL,'2025-10-09 10:25:17','2025-10-09 15:15:03',NULL,NULL,NULL,0.00,0.00,0.00,0.00),('0b5a1b04-0ffb-431c-8ad3-55fbffa72b33','70ffeac0-8bd0-45a4-bded-23ce1b42500c',1,NULL,'EVOA签证服务','Layanan Visa EVOA',NULL,NULL,NULL,NULL,1,NULL,700.00,0.00,700.00,'CNY',NULL,NULL,NULL,NULL,NULL,'pending','one_time',NULL,'2025-10-30 10:05:47','2025-11-03 10:40:16',NULL,NULL,NULL,0.00,0.00,0.00,0.00),('0c589b3a-c9e5-4365-8f02-946ee0acd9e5','8da6a035-2913-481b-9b80-4592000b70e7',1,NULL,'EVOA签证服务','Layanan Visa EVOA',NULL,NULL,NULL,NULL,1,NULL,375.00,0.00,375.00,'CNY',NULL,NULL,NULL,NULL,NULL,'pending','one_time',NULL,'2025-10-24 14:19:42','2025-10-24 14:19:42',NULL,NULL,NULL,0.00,0.00,0.00,0.00),('0e72aaee-39fe-4e9b-9a5a-342725c798de','e1790a13-e912-4698-8d92-cec8ea6baabc',1,NULL,'EVOA签证服务','Layanan Visa EVOA',NULL,NULL,NULL,NULL,1,NULL,750000.00,0.00,750000.00,'IDR',NULL,NULL,NULL,NULL,NULL,'pending','one_time',NULL,'2025-10-14 15:44:57','2025-10-22 14:16:24',NULL,NULL,NULL,0.00,0.00,0.00,0.00),('1b65e170-4751-42c6-a234-63a31b409cfb','2bda4d83-76f6-4100-a771-840b4e9dcbce',1,NULL,'EVOA签证服务','Layanan Visa EVOA',NULL,NULL,NULL,NULL,1,NULL,300.00,0.00,300.00,'CNY',NULL,NULL,NULL,NULL,NULL,'pending','one_time',NULL,'2025-10-28 14:50:50','2025-10-28 16:36:30',NULL,NULL,NULL,0.00,0.00,0.00,0.00),('1cf46938-8441-43a1-8218-d6de6bd6b1e6','2b1b4915-7d57-4e69-8300-7eb58979bdd5',1,NULL,'EVOA签证服务','Layanan Visa EVOA',NULL,NULL,NULL,NULL,1,NULL,300.00,0.00,300.00,'CNY',NULL,NULL,NULL,NULL,NULL,'pending','one_time',NULL,'2025-10-26 14:36:44','2025-10-26 14:36:44',NULL,NULL,NULL,0.00,0.00,0.00,0.00),('1ff0dab3-0e1a-432f-91db-2044650a5c73','27abe658-af5b-4b70-ab1a-8628fdffd180',1,NULL,'EVOA签证服务','Layanan Visa EVOA',NULL,NULL,NULL,NULL,1,NULL,350.00,0.00,350.00,'CNY',NULL,NULL,NULL,NULL,NULL,'pending','one_time',NULL,'2025-10-31 11:26:18','2025-10-31 11:26:18',NULL,NULL,NULL,0.00,0.00,0.00,0.00),('2601c429-3e25-4bfe-bd85-fe2f52909f73','f25aaf1a-9c9a-4b13-8b28-27f715033bf9',1,NULL,'EVOA签证服务','Layanan Visa EVOA',NULL,NULL,NULL,NULL,1,NULL,1400000.00,0.00,1400000.00,'IDR',NULL,NULL,NULL,NULL,NULL,'pending','one_time',NULL,'2025-10-06 17:06:09','2025-10-09 15:23:44',NULL,NULL,NULL,0.00,0.00,0.00,0.00),('26d13ae5-c1a3-4daa-92ef-627eeca08beb','349cd0fc-094f-4b1d-86b9-c84982ca4ea9',1,NULL,'EVOA签证服务','Layanan Visa EVOA',NULL,NULL,NULL,NULL,1,NULL,700.00,0.00,700.00,'CNY',NULL,NULL,NULL,NULL,NULL,'pending','one_time',NULL,'2025-09-25 15:35:31','2025-09-26 14:40:45',NULL,NULL,NULL,0.00,0.00,0.00,0.00),('27a935e6-3b69-4d4b-b146-c914b9a01416','fdd34a63-0162-4a5b-bf91-3ce01f3e7589',1,NULL,'EVOA签证服务','Layanan Visa EVOA',NULL,NULL,NULL,NULL,1,NULL,700.00,0.00,700.00,'CNY',NULL,NULL,NULL,NULL,NULL,'pending','one_time',NULL,'2025-10-08 14:45:03','2025-10-10 14:29:56',NULL,NULL,NULL,0.00,0.00,0.00,0.00),('2afaf7cc-1bd5-44b4-9d8f-f759cbcbc362','b7e5f8f9-8e49-4ac9-8d02-fd649df66735',1,NULL,'EVOA签证服务','Layanan Visa EVOA',NULL,NULL,NULL,NULL,1,NULL,375.00,0.00,375.00,'CNY',NULL,NULL,NULL,NULL,NULL,'pending','one_time',NULL,'2025-10-06 14:55:32','2025-10-06 14:55:32',NULL,NULL,NULL,0.00,0.00,0.00,0.00),('2bd27a52-e3c5-49d5-b00e-0e723b4cbe89','1c0eb93a-4a25-417c-8584-69451f064d26',1,NULL,'EVOA签证服务','Layanan Visa EVOA',NULL,NULL,NULL,NULL,1,NULL,300.00,0.00,300.00,'CNY',NULL,NULL,NULL,NULL,NULL,'pending','one_time',NULL,'2025-10-07 11:56:10','2025-10-07 11:56:10',NULL,NULL,NULL,0.00,0.00,0.00,0.00),('2f7a9c35-8853-4bf6-af7b-34cfb62d9e7c','51511a81-45f5-4932-bcd4-a94948abb044',1,NULL,'EVOA签证服务','Layanan Visa EVOA',NULL,NULL,NULL,NULL,1,NULL,330.00,0.00,330.00,'CNY',NULL,NULL,NULL,NULL,NULL,'pending','one_time',NULL,'2025-10-13 15:05:24','2025-10-13 15:05:24',NULL,NULL,NULL,0.00,0.00,0.00,0.00),('3086408b-45a1-4bdb-bf39-e80dd5c0ebff','4d8b60e7-67b0-447c-9628-b8ae1a3ec558',1,NULL,'EVOA签证服务','Layanan Visa EVOA',NULL,NULL,NULL,NULL,1,NULL,330.00,0.00,330.00,'CNY',NULL,NULL,NULL,NULL,NULL,'pending','one_time',NULL,'2025-10-13 15:02:20','2025-10-13 15:02:20',NULL,NULL,NULL,0.00,0.00,0.00,0.00),('33f7bc34-f2a6-4fcf-b1f2-d3b527558c75','539431d4-632c-4be4-9788-c8e9e5233ef2',1,NULL,'EVOA签证服务','Layanan Visa EVOA',NULL,NULL,NULL,NULL,1,NULL,375.00,0.00,375.00,'CNY',NULL,NULL,NULL,NULL,NULL,'pending','one_time',NULL,'2025-09-12 18:08:23','2025-10-27 17:01:49',NULL,NULL,NULL,0.00,0.00,0.00,0.00),('35c52cff-d594-4585-b197-e2f5349a9588','b1704584-8bea-4f70-a72f-29b2116e03bc',1,NULL,'EVOA签证服务','Layanan Visa EVOA',NULL,NULL,NULL,NULL,1,NULL,300.00,0.00,300.00,'CNY',NULL,NULL,NULL,NULL,NULL,'pending','one_time',NULL,'2025-10-28 14:49:00','2025-10-28 16:37:44',NULL,NULL,NULL,0.00,0.00,0.00,0.00),('39424637-ea7d-4536-a6a9-33cc10aec306','43b46ca0-24af-47ad-8c89-4e0f420f0b8b',1,NULL,'EVOA签证服务','Layanan Visa EVOA',NULL,NULL,NULL,NULL,1,NULL,750000.00,0.00,750000.00,'IDR',NULL,NULL,NULL,NULL,NULL,'pending','one_time',NULL,'2025-10-14 15:44:00','2025-10-22 14:16:53',NULL,NULL,NULL,0.00,0.00,0.00,0.00),('3a2020f6-18cf-4ee4-8498-b590aaa8980f','22fe4c8f-bd22-407e-bac1-4705607dd274',1,NULL,'EVOA签证服务','Layanan Visa EVOA',NULL,NULL,NULL,NULL,1,NULL,174713805.00,0.00,174713805.00,'IDR',NULL,NULL,NULL,NULL,NULL,'pending','one_time',NULL,'2025-10-06 17:45:52','2025-10-07 11:57:04',NULL,NULL,NULL,0.00,0.00,0.00,0.00),('3de1ba1c-81c6-4e68-8b06-d5253a562ea2','8333d49f-111b-4b87-9519-453a0944403a',1,NULL,'EVOA签证服务','Layanan Visa EVOA',NULL,NULL,NULL,NULL,1,NULL,700.00,0.00,700.00,'CNY',NULL,NULL,NULL,NULL,NULL,'pending','one_time',NULL,'2025-10-08 17:08:25','2025-10-09 15:15:33',NULL,NULL,NULL,0.00,0.00,0.00,0.00),('41514338-13da-4347-bb6d-39d01a183e83','c3ee52a7-159e-4959-abc1-74f706d1af6b',1,NULL,'EVOA签证服务','Layanan Visa EVOA',NULL,NULL,NULL,NULL,1,NULL,350.00,0.00,350.00,'CNY',NULL,NULL,NULL,NULL,NULL,'pending','one_time',NULL,'2025-10-31 11:25:08','2025-10-31 11:25:08',NULL,NULL,NULL,0.00,0.00,0.00,0.00),('440cb114-6fb9-4111-a457-a22e0204daa5','8d09f80a-9376-4129-a6e6-c18ccce40f24',1,NULL,'EVOA签证服务','Layanan Visa EVOA',NULL,NULL,NULL,NULL,1,NULL,375.00,0.00,375.00,'CNY',NULL,NULL,NULL,NULL,NULL,'pending','one_time',NULL,'2025-09-23 13:55:54','2025-09-26 14:09:36',NULL,NULL,NULL,0.00,0.00,0.00,0.00),('44338e20-ac8a-454b-9632-0c9013d5a7c0','5a1514ca-bab5-4350-8ab4-6095c4dad544',1,NULL,'EVOA签证服务','Layanan Visa EVOA',NULL,NULL,NULL,NULL,1,NULL,600000.00,0.00,600000.00,'IDR',NULL,NULL,NULL,NULL,NULL,'pending','one_time',NULL,'2025-10-21 18:12:38','2025-10-21 18:12:38',NULL,NULL,NULL,0.00,0.00,0.00,0.00),('4567a6fd-4013-4bb6-8d3b-ffe4e2234297','026d031b-ce39-4478-b630-7f2462f91ae5',1,NULL,'EVOA签证服务','Layanan Visa EVOA',NULL,NULL,NULL,NULL,1,NULL,750000.00,0.00,750000.00,'IDR',NULL,NULL,NULL,NULL,NULL,'pending','one_time',NULL,'2025-09-17 16:15:02','2025-09-19 13:32:50',NULL,NULL,NULL,0.00,0.00,0.00,0.00),('45e86aae-0f88-4606-99f8-687f8c7f7355','a712a42f-5391-4120-aeac-2e8f8a644493',1,NULL,'EVOA签证服务','Layanan Visa EVOA',NULL,NULL,NULL,NULL,1,NULL,300.00,0.00,300.00,'CNY',NULL,NULL,NULL,NULL,NULL,'pending','one_time',NULL,'2025-10-09 10:26:51','2025-10-09 10:26:51',NULL,NULL,NULL,0.00,0.00,0.00,0.00),('46247110-e44c-429f-a7aa-aad4c2f74788','a0174736-a40b-4281-8b2f-4cbd0f3592f2',1,NULL,'EVOA签证服务','Layanan Visa EVOA',NULL,NULL,NULL,NULL,1,NULL,375.00,0.00,375.00,'CNY',NULL,NULL,NULL,NULL,NULL,'pending','one_time',NULL,'2025-10-21 18:15:19','2025-10-21 18:15:19',NULL,NULL,NULL,0.00,0.00,0.00,0.00),('479555b8-b45d-4e39-b02e-076581c6e712','0035d062-c928-4a75-b208-5db7122fc157',1,NULL,'EVOA签证服务','Layanan Visa EVOA',NULL,NULL,NULL,NULL,1,NULL,300.00,0.00,300.00,'CNY',NULL,NULL,NULL,NULL,NULL,'pending','one_time',NULL,'2025-10-12 18:27:06','2025-10-12 18:27:06',NULL,NULL,NULL,0.00,0.00,0.00,0.00),('4b3d73ec-b480-4859-b90f-6d4c5e273965','2ae1d4e0-4e79-4ba3-a62b-d2bcf825b170',1,NULL,'EVOA签证服务','Layanan Visa EVOA',NULL,NULL,NULL,NULL,1,NULL,1400000.00,0.00,1400000.00,'IDR',NULL,NULL,NULL,NULL,NULL,'pending','one_time',NULL,'2025-09-17 16:04:21','2025-09-19 17:22:04',NULL,NULL,NULL,0.00,0.00,0.00,0.00),('4c90d050-7d75-4684-8266-706bbf7e0e3d','089108f1-13a8-4e6b-85c6-29318ca73ad9',1,NULL,'EVOA签证服务','Layanan Visa EVOA',NULL,NULL,NULL,NULL,1,NULL,750000.00,0.00,750000.00,'IDR',NULL,NULL,NULL,NULL,NULL,'pending','one_time',NULL,'2025-10-31 11:13:36','2025-11-04 10:50:45',NULL,NULL,NULL,0.00,0.00,0.00,0.00),('4dfa8fce-e370-429d-8e6d-27990f4e88cb','f20e8e72-9efb-4b1a-a5b9-67773c7a3192',1,NULL,'EVOA签证服务','Layanan Visa EVOA',NULL,NULL,NULL,NULL,1,NULL,259.00,0.00,259.00,'CNY',NULL,NULL,NULL,NULL,NULL,'pending','one_time',NULL,'2025-10-28 16:06:57','2025-10-29 14:32:13',NULL,NULL,NULL,0.00,0.00,0.00,0.00),('555fd612-41f5-4522-aeda-9130ac054189','616e8da6-face-45c5-bcb4-b5581109a9d4',1,NULL,'EVOA签证服务','Layanan Visa EVOA',NULL,NULL,NULL,NULL,1,NULL,300.00,0.00,300.00,'CNY',NULL,NULL,NULL,NULL,NULL,'pending','one_time',NULL,'2025-09-29 11:29:55','2025-09-29 11:49:24',NULL,NULL,NULL,0.00,0.00,0.00,0.00),('6092286b-17ad-44eb-b634-c7cb4b653f02','41e37c93-a29d-4bf4-ba06-50f5ec69459c',1,NULL,'EVOA签证服务','Layanan Visa EVOA',NULL,NULL,NULL,NULL,1,NULL,330.00,0.00,330.00,'CNY',NULL,NULL,NULL,NULL,NULL,'pending','one_time',NULL,'2025-10-13 15:03:45','2025-10-13 15:03:45',NULL,NULL,NULL,0.00,0.00,0.00,0.00),('6889f320-87d5-4fc3-af8e-f408f7e8bf19','09c401cf-675b-48c7-ae90-6dc10eaad359',1,NULL,'EVOA签证服务','Layanan Visa EVOA',NULL,NULL,NULL,NULL,1,NULL,750.00,0.00,750.00,'CNY',NULL,NULL,NULL,NULL,NULL,'pending','one_time',NULL,'2025-10-24 14:52:30','2025-11-03 10:59:43',NULL,NULL,NULL,0.00,0.00,0.00,0.00),('68db0ed7-dfcc-4a9d-96b7-de0c9af9d9c3','de91567f-0d44-43b1-aef7-f821e4d7c73d',1,NULL,'EVOA签证服务','Layanan Visa EVOA',NULL,NULL,NULL,NULL,1,NULL,330.00,0.00,330.00,'CNY',NULL,NULL,NULL,NULL,NULL,'pending','one_time',NULL,'2025-10-16 10:42:04','2025-10-16 10:59:08',NULL,NULL,NULL,0.00,0.00,0.00,0.00),('6af5af1d-6d59-4081-a9e0-7f2657cd6b9e','2946be3c-5736-4e5d-aab7-044506c41ab6',1,NULL,'EVOA签证服务','Layanan Visa EVOA',NULL,NULL,NULL,NULL,1,NULL,600000.00,0.00,600000.00,'IDR',NULL,NULL,NULL,NULL,NULL,'pending','one_time',NULL,'2025-09-23 13:54:36','2025-10-06 10:14:30',NULL,NULL,NULL,0.00,0.00,0.00,0.00),('6b038c6d-c118-489b-971f-ba768bfb245f','a0787aa4-6ca0-49d4-b517-9c726d40a97c',1,NULL,'EVOA签证服务','Layanan Visa EVOA',NULL,NULL,NULL,NULL,1,NULL,375.00,0.00,375.00,'CNY',NULL,NULL,NULL,NULL,NULL,'pending','one_time',NULL,'2025-10-21 10:59:45','2025-10-22 14:22:18',NULL,NULL,NULL,0.00,0.00,0.00,0.00),('6c8d4b18-a8cb-487e-a0a5-bca7fbe1c6bf','1fbd369d-b2de-43dc-8378-0adf455d6275',1,NULL,'EVOA签证服务','Layanan Visa EVOA',NULL,NULL,NULL,NULL,1,NULL,350.00,0.00,350.00,'CNY',NULL,NULL,NULL,NULL,NULL,'pending','one_time',NULL,'2025-10-03 11:15:16','2025-10-03 15:15:22',NULL,NULL,NULL,0.00,0.00,0.00,0.00),('6e520065-6b91-4f50-9af8-b27726d32127','2f158e4c-f140-4a2f-9fc8-e2c7acc33681',1,NULL,'EVOA签证服务','Layanan Visa EVOA',NULL,NULL,NULL,NULL,1,NULL,375.00,0.00,375.00,'CNY',NULL,NULL,NULL,NULL,NULL,'pending','one_time',NULL,'2025-11-02 15:55:03','2025-11-03 10:31:14',NULL,NULL,NULL,0.00,0.00,0.00,0.00),('6fa026dc-5d9e-40ff-93f9-e4e0e61e1f61','6ad539e6-7740-4895-8baf-ac1fa6030115',1,NULL,'EVOA签证服务','Layanan Visa EVOA',NULL,NULL,NULL,NULL,1,NULL,375.00,0.00,375.00,'CNY',NULL,NULL,NULL,NULL,NULL,'pending','one_time',NULL,'2025-09-29 10:24:18','2025-09-29 10:41:31',NULL,NULL,NULL,0.00,0.00,0.00,0.00),('722ee123-48c3-47f7-8814-8ee9c3806e35','93abfb7f-7372-4012-9475-c06515c642f3',1,NULL,'EVOA签证服务','Layanan Visa EVOA',NULL,NULL,NULL,NULL,1,NULL,1400000.00,0.00,1400000.00,'IDR',NULL,NULL,NULL,NULL,NULL,'pending','one_time',NULL,'2025-09-11 12:25:37','2025-09-11 12:25:37',NULL,NULL,NULL,0.00,0.00,0.00,0.00),('75d3bfa5-a7de-4ad7-b30f-89fa7c14274f','33ca0e65-1277-4531-a157-199edc1dd74a',1,NULL,'EVOA签证服务','Layanan Visa EVOA',NULL,NULL,NULL,NULL,1,NULL,700.00,0.00,700.00,'CNY',NULL,NULL,NULL,NULL,NULL,'pending','one_time',NULL,'2025-10-30 10:01:58','2025-10-30 10:01:58',NULL,NULL,NULL,0.00,0.00,0.00,0.00),('7790a31f-bc3e-4c16-aa28-a609df7daddc','4fee2c8d-22f4-42eb-8d6b-117fa5dfb51a',1,NULL,'EVOA签证服务','Layanan Visa EVOA',NULL,NULL,NULL,NULL,1,NULL,300.00,0.00,300.00,'CNY',NULL,NULL,NULL,NULL,NULL,'pending','one_time',NULL,'2025-10-12 17:59:56','2025-10-12 17:59:56',NULL,NULL,NULL,0.00,0.00,0.00,0.00),('78edc721-bd4f-4a39-9d5c-c52cb398e4fe','ef861c5e-f6eb-4a8b-916b-ce78be1ddea3',1,NULL,'EVOA签证服务','Layanan Visa EVOA',NULL,NULL,NULL,NULL,1,NULL,300.00,0.00,300.00,'CNY',NULL,NULL,NULL,NULL,NULL,'pending','one_time',NULL,'2025-10-07 11:55:09','2025-10-07 12:08:48',NULL,NULL,NULL,0.00,0.00,0.00,0.00),('7948e3d6-d0c6-4c95-9a51-bfb5a278b520','ceec69a3-01ba-418c-ab68-000d6682e7bd',1,NULL,'EVOA签证服务','Layanan Visa EVOA',NULL,NULL,NULL,NULL,1,NULL,700.00,0.00,700.00,'CNY',NULL,NULL,NULL,NULL,NULL,'pending','one_time',NULL,'2025-09-11 12:27:11','2025-09-11 12:27:11',NULL,NULL,NULL,0.00,0.00,0.00,0.00),('7b097003-ed00-4421-8632-cbf1abdd4190','bdc9e924-f1af-4da2-9e36-430cfc611f01',1,NULL,'EVOA签证服务','Layanan Visa EVOA',NULL,NULL,NULL,NULL,1,NULL,750000.00,0.00,750000.00,'IDR',NULL,NULL,NULL,NULL,NULL,'pending','one_time',NULL,'2025-09-24 11:45:24','2025-09-24 11:45:24',NULL,NULL,NULL,0.00,0.00,0.00,0.00),('7ba61cae-91e2-4c7a-bf25-dbb9bc7df753','ceda7912-6970-4823-90a0-d9478ea4b714',1,NULL,'EVOA签证服务','Layanan Visa EVOA',NULL,NULL,NULL,NULL,1,NULL,300.00,0.00,300.00,'CNY',NULL,NULL,NULL,NULL,NULL,'pending','one_time',NULL,'2025-09-26 11:02:14','2025-09-26 11:02:14',NULL,NULL,NULL,0.00,0.00,0.00,0.00),('7dd1628d-7062-403b-8123-2050983bb923','e0d99013-ceb6-4529-9e57-994ffa6cd08c',1,NULL,'EVOA签证服务','Layanan Visa EVOA',NULL,NULL,NULL,NULL,1,NULL,300.00,0.00,300.00,'CNY',NULL,NULL,NULL,NULL,NULL,'pending','one_time',NULL,'2025-09-26 10:57:53','2025-09-26 11:00:24',NULL,NULL,NULL,0.00,0.00,0.00,0.00),('7ee5d2af-c140-47bb-a632-b07aebffef45','a7fe8969-7758-402d-8170-984c6789bf7c',1,NULL,'EVOA签证服务','Layanan Visa EVOA',NULL,NULL,NULL,NULL,1,NULL,600000.00,0.00,600000.00,'IDR',NULL,NULL,NULL,NULL,NULL,'pending','one_time',NULL,'2025-10-06 10:13:36','2025-10-06 10:13:36',NULL,NULL,NULL,0.00,0.00,0.00,0.00),('81799ef5-ce6c-4fa7-9a7d-a1f708bc1cce','d5fc2028-2b25-406e-a12a-5a7ae00f3798',1,NULL,'EVOA签证服务','Layanan Visa EVOA',NULL,NULL,NULL,NULL,1,NULL,375.00,0.00,375.00,'CNY',NULL,NULL,NULL,NULL,NULL,'pending','one_time',NULL,'2025-09-29 10:40:30','2025-09-29 11:50:28',NULL,NULL,NULL,0.00,0.00,0.00,0.00),('838e0b76-37e9-44b1-bcd5-194a1aa7831d','0baf9b20-a40c-44c4-af82-3ffc44a47058',1,NULL,'EVOA签证服务','Layanan Visa EVOA',NULL,NULL,NULL,NULL,1,NULL,375.00,0.00,375.00,'CNY',NULL,NULL,NULL,NULL,NULL,'pending','one_time',NULL,'2025-09-19 10:21:49','2025-09-19 11:01:59',NULL,NULL,NULL,0.00,0.00,0.00,0.00),('84abf0fa-b473-4184-ba7b-73ca7d9ec420','677b3d85-7743-48e2-9948-4f9c976400ef',1,NULL,'EVOA签证服务','Layanan Visa EVOA',NULL,NULL,NULL,NULL,1,NULL,300.00,0.00,300.00,'CNY',NULL,NULL,NULL,NULL,NULL,'pending','one_time',NULL,'2025-10-20 15:16:19','2025-10-20 16:09:32',NULL,NULL,NULL,0.00,0.00,0.00,0.00),('8b9bfcfb-3f13-42e1-985b-a34f962c8381','d33395e0-da2b-47bc-a7f8-602798544565',1,NULL,'EVOA签证服务','Layanan Visa EVOA',NULL,NULL,NULL,NULL,1,NULL,1700000.00,0.00,1700000.00,'IDR',NULL,NULL,NULL,NULL,NULL,'pending','one_time',NULL,'2025-11-03 11:04:51','2025-11-03 11:04:51',NULL,NULL,NULL,0.00,0.00,0.00,0.00),('8f1fa2a8-40fa-4cca-8d7a-9d1e07a0a3d3','f2594b03-3ec3-4d85-a957-bd9aee5747f0',1,NULL,'EVOA签证服务','Layanan Visa EVOA',NULL,NULL,NULL,NULL,1,NULL,280.00,0.00,280.00,'CNY',NULL,NULL,NULL,NULL,NULL,'pending','one_time',NULL,'2025-10-12 00:10:46','2025-10-12 00:10:46',NULL,NULL,NULL,0.00,0.00,0.00,0.00),('911e412d-8de1-41f6-9ce1-218908832fb0','c386be5e-b7f1-4312-a7e0-f453b0279ddc',1,NULL,'EVOA签证服务','Layanan Visa EVOA',NULL,NULL,NULL,NULL,1,NULL,300.00,0.00,300.00,'CNY',NULL,NULL,NULL,NULL,NULL,'pending','one_time',NULL,'2025-09-29 11:26:45','2025-09-29 11:49:59',NULL,NULL,NULL,0.00,0.00,0.00,0.00),('96d579b1-6266-43f4-abf9-5b80b98d21fa','1b3a1757-501e-425a-8426-976cae324235',1,NULL,'EVOA签证服务','Layanan Visa EVOA',NULL,NULL,NULL,NULL,1,NULL,380.00,0.00,380.00,'CNY',NULL,NULL,NULL,NULL,NULL,'pending','one_time',NULL,'2025-10-31 17:29:23','2025-11-01 14:00:19',NULL,NULL,NULL,0.00,0.00,0.00,0.00),('9e1c3c75-c6cf-4e19-a394-c3ee4726a359','47237b7e-c256-474f-b848-4b911dd244e3',1,NULL,'EVOA签证服务','Layanan Visa EVOA',NULL,NULL,NULL,NULL,1,NULL,1400000.00,0.00,1400000.00,'IDR',NULL,NULL,NULL,NULL,NULL,'pending','one_time',NULL,'2025-10-06 17:05:22','2025-10-09 15:24:05',NULL,NULL,NULL,0.00,0.00,0.00,0.00),('9e2fa79a-126c-44bd-9c09-b3d5d7b85795','98f5a5fa-1629-45e0-bbf2-91d0f53cd6d5',1,NULL,'EVOA签证服务','Layanan Visa EVOA',NULL,NULL,NULL,NULL,1,NULL,300.00,0.00,300.00,'CNY',NULL,NULL,NULL,NULL,NULL,'pending','one_time',NULL,'2025-10-28 14:52:25','2025-10-28 16:36:06',NULL,NULL,NULL,0.00,0.00,0.00,0.00),('a10e8aae-270b-42e7-891c-b024255b7a28','f0ae703b-edbc-4aff-a76f-d2b507e2725a',1,NULL,'EVOA签证服务','Layanan Visa EVOA',NULL,NULL,NULL,NULL,1,NULL,350.00,0.00,350.00,'CNY',NULL,NULL,NULL,NULL,NULL,'pending','one_time',NULL,'2025-10-14 14:27:13','2025-10-14 14:57:53',NULL,NULL,NULL,0.00,0.00,0.00,0.00),('a55a9ad8-9e5f-467f-89e5-2afd82903629','25b249f5-4c2f-462c-a977-dedd19478cbf',1,NULL,'EVOA签证服务','Layanan Visa EVOA',NULL,NULL,NULL,NULL,1,NULL,350.00,0.00,350.00,'CNY',NULL,NULL,NULL,NULL,NULL,'pending','one_time',NULL,'2025-10-15 11:02:51','2025-10-15 11:02:51',NULL,NULL,NULL,0.00,0.00,0.00,0.00),('a6beaa42-4c33-43e3-a640-fdb3ab06624d','6347ef90-8809-421d-b352-fbd6fb9eb99f',1,NULL,'EVOA签证服务','Layanan Visa EVOA',NULL,NULL,NULL,NULL,1,NULL,750000.00,0.00,750000.00,'IDR',NULL,NULL,NULL,NULL,NULL,'pending','one_time',NULL,'2025-10-26 14:35:15','2025-10-26 14:35:15',NULL,NULL,NULL,0.00,0.00,0.00,0.00),('aa84e704-1f47-42cc-b183-72eb6471454d','bf0aa6a1-68fa-4e40-81ee-12ff0c308c42',1,NULL,'EVOA签证服务','Layanan Visa EVOA',NULL,NULL,NULL,NULL,1,NULL,300.00,0.00,300.00,'CNY',NULL,NULL,NULL,NULL,NULL,'pending','one_time',NULL,'2025-10-12 18:40:35','2025-10-12 18:40:35',NULL,NULL,NULL,0.00,0.00,0.00,0.00),('ac0ae3cc-0fcc-4389-983e-265aa9a02b7e','10d61a1b-cda5-4f3c-a2f6-ca143b1857d1',1,NULL,'EVOA签证服务','Layanan Visa EVOA',NULL,NULL,NULL,NULL,1,NULL,375.00,0.00,375.00,'CNY',NULL,NULL,NULL,NULL,NULL,'pending','one_time',NULL,'2025-11-02 15:56:14','2025-11-03 10:30:35',NULL,NULL,NULL,0.00,0.00,0.00,0.00),('adf1e16d-678c-432b-8654-17a1352ef6ec','00f6f8d3-4137-4bad-a115-3056573e8c58',1,NULL,'EVOA签证服务','Layanan Visa EVOA',NULL,NULL,NULL,NULL,1,NULL,750000.00,0.00,750000.00,'IDR',NULL,NULL,NULL,NULL,NULL,'pending','one_time',NULL,'2025-09-20 12:28:57','2025-09-20 12:28:57',NULL,NULL,NULL,0.00,0.00,0.00,0.00),('b1ed47f6-39d6-4553-a06d-88d10e46fbaa','7235b6df-692b-4490-8033-f1692653fa33',1,NULL,'EVOA签证服务','Layanan Visa EVOA',NULL,NULL,NULL,NULL,1,NULL,815000.00,0.00,815000.00,'IDR',NULL,NULL,NULL,NULL,NULL,'pending','one_time',NULL,'2025-10-23 11:39:35','2025-10-24 15:23:11',NULL,NULL,NULL,0.00,0.00,0.00,0.00),('b4afb4d6-7696-4fe4-bee5-21c5396e2a79','ed5b1fae-0a4c-4cb9-95bd-f77da3b94037',1,NULL,'EVOA签证服务','Layanan Visa EVOA',NULL,NULL,NULL,NULL,1,NULL,375.00,0.00,375.00,'CNY',NULL,NULL,NULL,NULL,NULL,'pending','one_time',NULL,'2025-11-02 15:53:40','2025-11-03 10:31:32',NULL,NULL,NULL,0.00,0.00,0.00,0.00),('b83d382e-a4e9-497d-ad34-753bb09623e0','0dcd0e49-3c86-4ad6-8d74-fc99d8367867',1,NULL,'EVOA签证服务','Layanan Visa EVOA',NULL,NULL,NULL,NULL,1,NULL,700.00,0.00,700.00,'CNY',NULL,NULL,NULL,NULL,NULL,'pending','one_time',NULL,'2025-10-07 18:33:03','2025-10-07 18:33:03',NULL,NULL,NULL,0.00,0.00,0.00,0.00),('bae18c70-7380-42f6-a084-2942de59f12e','83a57569-7534-45d8-b3ef-d64dfbd04536',1,NULL,'EVOA签证服务','Layanan Visa EVOA',NULL,NULL,NULL,NULL,1,NULL,700.00,0.00,700.00,'CNY',NULL,NULL,NULL,NULL,NULL,'pending','one_time',NULL,'2025-10-14 15:14:34','2025-10-20 11:09:21',NULL,NULL,NULL,0.00,0.00,0.00,0.00),('c0a12039-f6c9-4ebb-a920-4211454a6ca9','99e44373-6cdb-40de-b0d7-ba5d5d337874',1,NULL,'EVOA签证服务','Layanan Visa EVOA',NULL,NULL,NULL,NULL,1,NULL,860000.00,0.00,860000.00,'IDR',NULL,NULL,NULL,NULL,NULL,'pending','one_time',NULL,'2025-09-12 15:11:58','2025-09-12 18:13:08',NULL,NULL,NULL,0.00,0.00,0.00,0.00),('c0fff794-333e-4a03-a955-13972de9a247','7ea8b972-ee6d-49aa-b061-d066e2ffc469',1,NULL,'EVOA签证服务','Layanan Visa EVOA',NULL,NULL,NULL,NULL,1,NULL,350.00,0.00,350.00,'CNY',NULL,NULL,NULL,NULL,NULL,'pending','one_time',NULL,'2025-10-20 15:52:05','2025-10-20 15:57:30',NULL,NULL,NULL,0.00,0.00,0.00,0.00),('c13884cb-b65d-450b-ac43-e870b1acd730','5591bde3-a0c0-4f29-92b8-dc1f75942613',1,NULL,'EVOA签证服务','Layanan Visa EVOA',NULL,NULL,NULL,NULL,1,NULL,375.00,0.00,375.00,'CNY',NULL,NULL,NULL,NULL,NULL,'pending','one_time',NULL,'2025-09-29 10:26:07','2025-09-29 10:42:14',NULL,NULL,NULL,0.00,0.00,0.00,0.00),('c3c34eba-6056-4a83-98d9-d6fe9735c799','19ef98b9-1c4a-40ce-86aa-ae9a46dc8351',1,NULL,'EVOA签证服务','Layanan Visa EVOA',NULL,NULL,NULL,NULL,1,NULL,750000.00,0.00,750000.00,'IDR',NULL,NULL,NULL,NULL,NULL,'pending','one_time',NULL,'2025-10-16 22:34:32','2025-10-24 15:51:38',NULL,NULL,NULL,0.00,0.00,0.00,0.00),('c5064189-e318-4d31-ad58-580a1a7703dc','9e0a8603-0463-4029-a009-557031aede0c',1,NULL,'EVOA签证服务','Layanan Visa EVOA',NULL,NULL,NULL,NULL,1,NULL,375.00,0.00,375.00,'CNY',NULL,NULL,NULL,NULL,NULL,'pending','one_time',NULL,'2025-10-22 12:47:22','2025-10-22 12:47:22',NULL,NULL,NULL,0.00,0.00,0.00,0.00),('cac7fe67-95ac-4a6a-93d4-c531e0e03476','e29dca3d-013c-43e9-b35f-98a1c3f3ff51',1,NULL,'EVOA签证服务','Layanan Visa EVOA',NULL,NULL,NULL,NULL,1,NULL,750000.00,0.00,750000.00,'IDR',NULL,NULL,NULL,NULL,NULL,'pending','one_time',NULL,'2025-09-16 12:04:16','2025-09-17 13:52:55',NULL,NULL,NULL,0.00,0.00,0.00,0.00),('cd7f6f94-929e-4163-8f7a-7867cc448e8e','7a7d52a2-c01b-4db7-a7d4-c78c915da095',1,NULL,'EVOA签证服务','Layanan Visa EVOA',NULL,NULL,NULL,NULL,1,NULL,1400000.00,0.00,1400000.00,'IDR',NULL,NULL,NULL,NULL,NULL,'pending','one_time',NULL,'2025-09-17 16:06:07','2025-09-19 17:22:55',NULL,NULL,NULL,0.00,0.00,0.00,0.00),('d25c3c26-b7fe-4fc0-8d43-67dbeea9c72c','37145a95-0ebb-4b47-94df-796a226e1e9b',1,NULL,'EVOA签证服务','Layanan Visa EVOA',NULL,NULL,NULL,NULL,1,NULL,750000.00,0.00,750000.00,'IDR',NULL,NULL,NULL,NULL,NULL,'pending','one_time',NULL,'2025-10-16 10:57:41','2025-10-16 13:19:26',NULL,NULL,NULL,0.00,0.00,0.00,0.00),('d6248ac3-9598-4201-9fef-058dfc342676','48986e38-2ef0-4a9f-a424-2f8d2e7d1a62',1,NULL,'EVOA签证服务','Layanan Visa EVOA',NULL,NULL,NULL,NULL,1,NULL,750000.00,0.00,750000.00,'IDR',NULL,NULL,NULL,NULL,NULL,'pending','one_time',NULL,'2025-10-15 14:44:40','2025-10-23 15:21:50',NULL,NULL,NULL,0.00,0.00,0.00,0.00),('d65bd33b-14bc-4e00-b15b-360a0eebe6e9','ed3ba9ed-5475-4c11-a98c-6b01218f395c',1,NULL,'EVOA签证服务','Layanan Visa EVOA',NULL,NULL,NULL,NULL,1,NULL,259.00,0.00,259.00,'CNY',NULL,NULL,NULL,NULL,NULL,'pending','one_time',NULL,'2025-10-29 14:29:56','2025-10-29 14:29:56',NULL,NULL,NULL,0.00,0.00,0.00,0.00),('d672b9ad-4c25-4e6c-8773-bf046eeb0309','e48e19df-47d6-41ae-a4a7-d51d4e9ea4c9',1,NULL,'EVOA签证服务','Layanan Visa EVOA',NULL,NULL,NULL,NULL,1,NULL,300.00,0.00,300.00,'CNY',NULL,NULL,NULL,NULL,NULL,'pending','one_time',NULL,'2025-09-11 16:07:36','2025-09-11 16:35:57',NULL,NULL,NULL,0.00,0.00,0.00,0.00),('d815cbba-b529-4cc8-98f6-cd7b5de6b7b9','16207aed-cdf7-45ce-a880-ea33a372bcd4',1,NULL,'EVOA签证服务','Layanan Visa EVOA',NULL,NULL,NULL,NULL,1,NULL,700000.00,0.00,700000.00,'IDR',NULL,NULL,NULL,NULL,NULL,'pending','one_time',NULL,'2025-10-14 14:29:47','2025-10-14 15:45:30',NULL,NULL,NULL,0.00,0.00,0.00,0.00),('d8f8730d-633c-4708-a1b7-b6b24154b71b','9df082bc-7d01-4146-bb9a-b0cb408a29c1',1,NULL,'EVOA签证服务','Layanan Visa EVOA',NULL,NULL,NULL,NULL,1,NULL,300.00,0.00,300.00,'CNY',NULL,NULL,NULL,NULL,NULL,'pending','one_time',NULL,'2025-10-12 18:09:49','2025-10-12 18:09:49',NULL,NULL,NULL,0.00,0.00,0.00,0.00),('df1ea945-1ab2-4288-9a11-94355070feb4','e1b1a916-0ddb-4153-b12a-43f01b50708e',1,NULL,'EVOA签证服务','Layanan Visa EVOA',NULL,NULL,NULL,NULL,1,NULL,300.00,0.00,300.00,'CNY',NULL,NULL,NULL,NULL,NULL,'pending','one_time',NULL,'2025-10-28 14:53:24','2025-10-28 16:35:54',NULL,NULL,NULL,0.00,0.00,0.00,0.00),('e22e4fa4-c8c1-40b0-b036-de811f92a443','bb45d75f-1555-413e-bde5-dbe1756bfe05',1,NULL,'EVOA签证服务','Layanan Visa EVOA',NULL,NULL,NULL,NULL,1,NULL,300.00,0.00,300.00,'CNY',NULL,NULL,NULL,NULL,NULL,'pending','one_time',NULL,'2025-10-28 16:39:33','2025-10-28 16:39:33',NULL,NULL,NULL,0.00,0.00,0.00,0.00),('e473a21e-146c-4265-8f21-90ffc9aab9a5','c7889b87-17e3-44d7-bed6-c9ec22279c54',1,NULL,'EVOA签证服务','Layanan Visa EVOA',NULL,NULL,NULL,NULL,1,NULL,280.00,0.00,280.00,'CNY',NULL,NULL,NULL,NULL,NULL,'pending','one_time',NULL,'2025-10-09 10:23:33','2025-10-09 10:23:33',NULL,NULL,NULL,0.00,0.00,0.00,0.00),('e5788561-416e-4908-a466-285a26e645d9','553eb121-15cb-4bdb-961d-0dfcdd09a851',1,NULL,'EVOA签证服务','Layanan Visa EVOA',NULL,NULL,NULL,NULL,1,NULL,300.00,0.00,300.00,'CNY',NULL,NULL,NULL,NULL,NULL,'pending','one_time',NULL,'2025-10-02 15:20:45','2025-10-02 15:34:35',NULL,NULL,NULL,0.00,0.00,0.00,0.00),('e790aa5d-de1b-4057-be77-4f1dd71c1907','cdee8f98-5e70-401e-b930-db7ba955a2ee',1,NULL,'EVOA签证服务','Layanan Visa EVOA',NULL,NULL,NULL,NULL,1,NULL,750.00,0.00,750.00,'CNY',NULL,NULL,NULL,NULL,NULL,'pending','one_time',NULL,'2025-10-24 14:53:29','2025-11-03 11:00:49',NULL,NULL,NULL,0.00,0.00,0.00,0.00),('e87d3671-e013-4af3-a2e0-94957b0f8843','766bac66-a06a-4154-82de-29b5ceefddac',1,NULL,'EVOA签证服务','Layanan Visa EVOA',NULL,NULL,NULL,NULL,1,NULL,1700000.00,0.00,1700000.00,'IDR',NULL,NULL,NULL,NULL,NULL,'pending','one_time',NULL,'2025-10-06 17:52:27','2025-10-08 10:22:23',NULL,NULL,NULL,0.00,0.00,0.00,0.00),('e8ad70a2-7c46-4b76-ac97-36a5c749a705','57256c5a-28e5-41e3-9680-5b8e63e8c7df',1,NULL,'EVOA签证服务','Layanan Visa EVOA',NULL,NULL,NULL,NULL,1,NULL,375.00,0.00,375.00,'CNY',NULL,NULL,NULL,NULL,NULL,'pending','one_time',NULL,'2025-10-21 19:35:57','2025-10-21 19:53:38',NULL,NULL,NULL,0.00,0.00,0.00,0.00),('f0af9cb1-9d75-429b-b188-19de3df0e950','bc340cf3-ca91-441d-9809-e7fa269e4bdf',1,NULL,'EVOA签证服务','Layanan Visa EVOA',NULL,NULL,NULL,NULL,1,NULL,700.00,0.00,700.00,'CNY',NULL,NULL,NULL,NULL,NULL,'pending','one_time',NULL,'2025-10-27 17:21:30','2025-10-27 17:21:30',NULL,NULL,NULL,0.00,0.00,0.00,0.00),('f42561a5-cb5f-4851-9c8b-4a42d0e41be5','409dd1cf-4b38-45f6-944d-766b45d01d5b',1,NULL,'EVOA签证服务','Layanan Visa EVOA',NULL,NULL,NULL,NULL,1,NULL,750000.00,0.00,750000.00,'IDR',NULL,NULL,NULL,NULL,NULL,'pending','one_time',NULL,'2025-10-16 19:19:35','2025-10-16 19:33:06',NULL,NULL,NULL,0.00,0.00,0.00,0.00),('f96bdec6-196e-48e4-ac79-c23ca8951363','1b28aea2-23f5-48c5-b124-3316b771ae10',1,NULL,'EVOA签证服务','Layanan Visa EVOA',NULL,NULL,NULL,NULL,1,NULL,280.00,0.00,280.00,'CNY',NULL,NULL,NULL,NULL,NULL,'pending','one_time',NULL,'2025-09-30 10:43:24','2025-09-30 11:30:29',NULL,NULL,NULL,0.00,0.00,0.00,0.00),('fc1d6a2a-d2b6-4ecd-940c-f677e76d4d10','ea316193-b737-4069-9116-b50f37d4bc4f',1,NULL,'EVOA签证服务','Layanan Visa EVOA',NULL,NULL,NULL,NULL,1,NULL,860000.00,0.00,860000.00,'IDR',NULL,NULL,NULL,NULL,NULL,'pending','one_time',NULL,'2025-09-12 15:14:45','2025-09-12 18:10:23',NULL,NULL,NULL,0.00,0.00,0.00,0.00);
INSERT INTO `order_statuses` VALUES ('d34d5226-c206-11f0-b41d-06091ff37b5e','draft','草稿','订单草稿，未提交',1,1,'2025-11-15 09:38:21','2025-11-15 09:38:21'),('d34d5258-c206-11f0-b41d-06091ff37b5e','submitted','已提交','订单已提交，待接单',2,1,'2025-11-15 09:38:21','2025-11-15 09:38:21'),('d34d5271-c206-11f0-b41d-06091ff37b5e','assigned','已分配','已分配给做单人员',3,1,'2025-11-15 09:38:21','2025-11-15 09:38:21'),('d34d5284-c206-11f0-b41d-06091ff37b5e','in_progress','进行中','做单进行中',4,1,'2025-11-15 09:38:21','2025-11-15 09:38:21'),('d34d5296-c206-11f0-b41d-06091ff37b5e','pending_review','待审核','待审核交付物',5,1,'2025-11-15 09:38:21','2025-11-15 09:38:21'),('d34d52a5-c206-11f0-b41d-06091ff37b5e','completed','已完成','订单已完成',6,1,'2025-11-15 09:38:21','2025-11-15 09:38:21'),('d34d52b5-c206-11f0-b41d-06091ff37b5e','cancelled','已取消','订单已取消',7,1,'2025-11-15 09:38:21','2025-11-15 09:38:21'),('d34d52c4-c206-11f0-b41d-06091ff37b5e','on_hold','暂停','订单暂停',8,1,'2025-11-15 09:38:21','2025-11-15 09:38:21');
INSERT INTO `organization_domains` VALUES ('4bfe79d7-c7c7-11f0-8cb1-cad6171ac9f8','legal','法务领域','Bidang Hukum','法律相关服务','Layanan terkait hukum',1,1,'2025-11-22 17:18:43','2025-11-22 17:18:43'),('4bfe7a31-c7c7-11f0-8cb1-cad6171ac9f8','factory','工厂领域','Bidang Pabrik','工厂相关服务','Layanan terkait pabrik',2,1,'2025-11-22 17:18:43','2025-11-22 17:18:43'),('4bfe7a40-c7c7-11f0-8cb1-cad6171ac9f8','trading','贸易领域','Bidang Perdagangan','贸易相关服务','Layanan terkait perdagangan',3,1,'2025-11-22 17:18:43','2025-11-22 17:18:43'),('4bfe7a4d-c7c7-11f0-8cb1-cad6171ac9f8','logistics','物流领域','Bidang Logistik','物流相关服务','Layanan terkait logistik',4,1,'2025-11-22 17:18:43','2025-11-22 17:18:43'),('4bfe7a58-c7c7-11f0-8cb1-cad6171ac9f8','finance','金融领域','Bidang Keuangan','金融相关服务','Layanan terkait keuangan',5,1,'2025-11-22 17:18:43','2025-11-22 17:18:43'),('4bfe7a64-c7c7-11f0-8cb1-cad6171ac9f8','technology','科技领域','Bidang Teknologi','科技相关服务','Layanan terkait teknologi',6,1,'2025-11-22 17:18:43','2025-11-22 17:18:43'),('4bfe7a6f-c7c7-11f0-8cb1-cad6171ac9f8','education','教育领域','Bidang Pendidikan','教育相关服务','Layanan terkait pendidikan',7,1,'2025-11-22 17:18:43','2025-11-22 17:18:43'),('4bfe7a7a-c7c7-11f0-8cb1-cad6171ac9f8','healthcare','医疗领域','Bidang Kesehatan','医疗相关服务','Layanan terkait kesehatan',8,1,'2025-11-22 17:18:43','2025-11-22 17:18:43'),('4bfe7a84-c7c7-11f0-8cb1-cad6171ac9f8','real_estate','房地产领域','Bidang Real Estate','房地产相关服务','Layanan terkait real estate',9,1,'2025-11-22 17:18:43','2025-11-22 17:18:43'),('4bfe7a90-c7c7-11f0-8cb1-cad6171ac9f8','tourism','旅游领域','Bidang Pariwisata','旅游相关服务','Layanan terkait pariwisata',10,1,'2025-11-22 17:18:43','2025-11-22 17:18:43');
INSERT INTO `organization_employees` (`id`, `user_id`, `organization_id`, `first_name`, `last_name`, `email`, `phone`, `position`, `department`, `employee_number`, `is_primary`, `is_manager`, `is_decision_maker`, `is_active`, `joined_at`, `left_at`, `id_external`, `external_user_id`, `notes`, `created_by`, `updated_by`, `created_at`, `updated_at`) VALUES ('019b19fd-98c8-4556-8f8e-4198f60fb78f','cbfbebd5-9deb-44c9-bf94-d810dc4b1e21','cbfbebd5-9deb-44c9-bf94-d810dc4b1e25',NULL,NULL,NULL,NULL,'管理员',NULL,NULL,1,1,0,1,NULL,NULL,NULL,NULL,NULL,NULL,NULL,'2025-12-16 14:50:16','2025-12-16 14:50:16'),('1cf438db-6aad-4676-bcef-47aa701f43e5','00000000-0000-0000-0000-000000000003','00000000-0000-0000-0000-000000000001',NULL,NULL,NULL,NULL,NULL,NULL,NULL,1,0,0,1,NULL,NULL,NULL,NULL,NULL,NULL,NULL,'2025-11-27 06:13:08','2025-11-27 06:13:08'),('678b65a2-377e-4fac-8ab6-b1aa5a13c063','72fafd73-338e-4d5a-ad47-a28d19f962c0','00000000-0000-0000-0000-000000000001',NULL,NULL,NULL,NULL,NULL,NULL,NULL,1,0,0,1,NULL,NULL,NULL,NULL,NULL,NULL,NULL,'2025-11-16 12:58:05','2025-11-16 12:58:05'),('7aff1486-da2e-4245-8d3e-f554702b4dd1','00000000-0000-0000-0000-000000000005','00000000-0000-0000-0000-000000000001',NULL,NULL,NULL,NULL,NULL,NULL,NULL,1,0,0,1,NULL,NULL,NULL,NULL,NULL,NULL,NULL,'2025-12-01 13:26:13','2025-12-01 13:26:13'),('7ca5ffb4-d081-4932-84fc-865e3450a727','00000000-0000-0000-0000-000000000006','00000000-0000-0000-0000-000000000001',NULL,NULL,NULL,NULL,NULL,NULL,NULL,1,0,0,1,NULL,NULL,NULL,NULL,NULL,NULL,NULL,'2025-12-15 13:52:16','2025-12-15 13:52:16'),('81be8518-73da-411f-8405-fca9a0a61a3e','00000000-0000-0000-0000-000000000002','00000000-0000-0000-0000-000000000001',NULL,NULL,NULL,NULL,NULL,NULL,NULL,1,0,0,1,NULL,NULL,NULL,NULL,NULL,NULL,NULL,'2025-11-23 15:45:14','2025-11-23 15:45:14'),('c3bba109-9013-4f38-aacf-fc6254607cba','00000000-0000-0000-0000-000000000004','00000000-0000-0000-0000-000000000001',NULL,NULL,NULL,NULL,NULL,NULL,NULL,1,0,0,1,NULL,NULL,NULL,NULL,NULL,NULL,NULL,'2025-11-28 13:47:32','2025-11-28 13:47:32');
INSERT INTO `organizations` VALUES ('00000000-0000-0000-0000-000000000001','BANTU Enterprise Services','BANTU',NULL,'internal',NULL,'info@bantu.sbs','+86-400-000-0000','https://www.bantu.sbs','https://www.bantu.sbs/logo.png','BANTU Enterprise Services - ä¼ä¸šçº§ CRM ç³»ç»Ÿæä¾›å•†','ç¤ºä¾‹è¡—é“åœ°å€','åŒ—äº¬','åŒ—äº¬å¸‚','100000','ä¸­å›½','ä¸­å›½','CN','medium','private','limited','ä¿¡æ¯æŠ€æœ¯','I65','è½¯ä»¶å¼€å‘','ä¼ä¸šçº§ CRM ç³»ç»Ÿå¼€å‘ã€é”€å”®å’ŒæœåŠ¡','91110000MA00000001','91110000MA00000001','æ³•å®šä»£è¡¨äºº','2020-01-01',1000000.00,'CNY','normal',5000000.00,'CNY',50,2024,'[\"ISO9001\"]',NULL,NULL,1,0,0,NULL,NULL,NULL,NULL,NULL,NULL,NULL,NULL,NULL,NULL,NULL,NULL,NULL,'[]',NULL,NULL,NULL,'2025-11-15 09:38:22','2025-11-15 09:38:22',NULL,NULL,0),('cbfbebd5-9deb-44c9-bf94-d810dc4b1e25','印尼财税公司','vendor00120251216',NULL,'vendor',NULL,NULL,NULL,NULL,NULL,NULL,NULL,NULL,NULL,NULL,NULL,NULL,NULL,'small','foreign',NULL,NULL,NULL,NULL,NULL,NULL,NULL,NULL,NULL,1000.00,'IDR',NULL,NULL,'CNY',1109,NULL,'[]',NULL,NULL,1,0,0,NULL,NULL,NULL,NULL,NULL,NULL,NULL,NULL,NULL,NULL,NULL,NULL,NULL,'[]',NULL,NULL,NULL,'2025-12-16 14:50:16','2025-12-16 14:50:16',NULL,NULL,0),('d39fd315-c206-11f0-b41d-06091ff37b5e','印尼法务团队','VENDOR_CODE',NULL,'vendor',NULL,'vendor@example.com','+86-400-000-0000','https://vendor.example.com',NULL,'ä¾›åº”å•†æè¿°ä¿¡æ¯','è¡—é“åœ°å€','åŸŽå¸‚','çœ/å·ž','é‚®ç¼–',NULL,'ä¸­å›½','CN','medium','private','limited','è¡Œä¸šé¢†åŸŸ',NULL,NULL,NULL,NULL,NULL,NULL,NULL,NULL,'CNY',NULL,NULL,'CNY',NULL,NULL,'[]',NULL,NULL,1,0,0,NULL,NULL,NULL,NULL,NULL,NULL,NULL,NULL,NULL,NULL,NULL,NULL,NULL,'[]',NULL,NULL,NULL,'2025-11-15 09:38:22','2025-12-16 14:02:55',NULL,NULL,0);
INSERT INTO `permissions` VALUES ('1cbd47b4-c7c6-11f0-8cb1-cad6171ac9f8','user.create','创建用户','Buat Pengguna','创建新用户','Membuat pengguna baru','user','create',10,1,'2025-11-22 17:10:14','2025-11-22 17:10:14'),('1cbd61b0-c7c6-11f0-8cb1-cad6171ac9f8','user.view','查看用户','Lihat Pengguna','查看用户详情','Melihat detail pengguna','user','view',20,1,'2025-11-22 17:10:14','2025-11-22 17:10:14'),('1cbd673a-c7c6-11f0-8cb1-cad6171ac9f8','user.update','更新用户','Perbarui Pengguna','更新用户信息','Memperbarui informasi pengguna','user','update',30,1,'2025-11-22 17:10:14','2025-11-22 17:10:14'),('1cbd7039-c7c6-11f0-8cb1-cad6171ac9f8','user.delete','删除用户','Hapus Pengguna','删除用户（锁定）','Menghapus pengguna (mengunci)','user','delete',40,1,'2025-11-22 17:10:14','2025-11-22 17:10:14'),('1cbd71c7-c7c6-11f0-8cb1-cad6171ac9f8','user.list','用户列表','Daftar Pengguna','查看用户列表','Melihat daftar pengguna','user','list',50,1,'2025-11-22 17:10:14','2025-11-22 17:10:14'),('1cbd7293-c7c6-11f0-8cb1-cad6171ac9f8','user.lock','锁定用户','Kunci Pengguna','锁定/解锁用户','Mengunci/membuka kunci pengguna','user','lock',60,1,'2025-11-22 17:10:14','2025-11-22 17:10:14'),('1cbd735f-c7c6-11f0-8cb1-cad6171ac9f8','organization.create','创建组织','Buat Organisasi','创建新组织','Membuat organisasi baru','organization','create',100,1,'2025-11-22 17:10:14','2025-11-22 17:10:14'),('1cbd73f4-c7c6-11f0-8cb1-cad6171ac9f8','organization.view','查看组织','Lihat Organisasi','查看组织详情','Melihat detail organisasi','organization','view',110,1,'2025-11-22 17:10:14','2025-11-22 17:10:14'),('1cbd74b7-c7c6-11f0-8cb1-cad6171ac9f8','organization.update','更新组织','Perbarui Organisasi','更新组织信息','Memperbarui informasi organisasi','organization','update',120,1,'2025-11-22 17:10:14','2025-11-22 17:10:14'),('1cbd8085-c7c6-11f0-8cb1-cad6171ac9f8','organization.delete','删除组织','Hapus Organisasi','删除组织（锁定）','Menghapus organisasi (mengunci)','organization','delete',130,1,'2025-11-22 17:10:14','2025-11-22 17:10:14'),('1cbd819f-c7c6-11f0-8cb1-cad6171ac9f8','organization.list','组织列表','Daftar Organisasi','查看组织列表','Melihat daftar organisasi','organization','list',140,1,'2025-11-22 17:10:14','2025-11-22 17:10:14'),('1cbd8279-c7c6-11f0-8cb1-cad6171ac9f8','organization.lock','锁定组织','Kunci Organisasi','锁定/解锁组织','Mengunci/membuka kunci organisasi','organization','lock',150,1,'2025-11-22 17:10:14','2025-11-22 17:10:14'),('1cbdc3a6-c7c6-11f0-8cb1-cad6171ac9f8','role.create','创建角色','Buat Peran','创建新角色','Membuat peran baru','role','create',200,1,'2025-11-22 17:10:14','2025-11-22 17:10:14'),('1cbdc456-c7c6-11f0-8cb1-cad6171ac9f8','role.view','查看角色','Lihat Peran','查看角色详情','Melihat detail peran','role','view',210,1,'2025-11-22 17:10:14','2025-11-22 17:10:14'),('1cbdc67c-c7c6-11f0-8cb1-cad6171ac9f8','role.update','更新角色','Perbarui Peran','更新角色信息','Memperbarui informasi peran','role','update',220,1,'2025-11-22 17:10:14','2025-11-22 17:10:14'),('1cbdc761-c7c6-11f0-8cb1-cad6171ac9f8','role.delete','删除角色','Hapus Peran','删除角色','Menghapus peran','role','delete',230,1,'2025-11-22 17:10:14','2025-11-22 17:10:14'),('1cbdc827-c7c6-11f0-8cb1-cad6171ac9f8','role.list','角色列表','Daftar Peran','查看角色列表','Melihat daftar peran','role','list',240,1,'2025-11-22 17:10:14','2025-11-22 17:10:14'),('1cbdc924-c7c6-11f0-8cb1-cad6171ac9f8','role.assign','分配角色','Tetapkan Peran','为用户分配角色','Menetapkan peran untuk pengguna','role','assign',250,1,'2025-11-22 17:10:14','2025-11-22 17:10:14'),('1cbdc994-c7c6-11f0-8cb1-cad6171ac9f8','permission.view','查看权限','Lihat Izin','查看权限列表','Melihat daftar izin','permission','view',300,1,'2025-11-22 17:10:14','2025-11-22 17:10:14'),('1cbdca05-c7c6-11f0-8cb1-cad6171ac9f8','permission.manage','管理权限','Kelola Izin','管理权限配置','Mengelola konfigurasi izin','permission','manage',310,1,'2025-11-22 17:10:14','2025-11-22 17:10:14'),('1cbdca73-c7c6-11f0-8cb1-cad6171ac9f8','menu.view','查看菜单','Lihat Menu','查看菜单配置','Melihat konfigurasi menu','menu','view',400,1,'2025-11-22 17:10:14','2025-11-22 17:10:14'),('1cbdcae3-c7c6-11f0-8cb1-cad6171ac9f8','menu.manage','管理菜单','Kelola Menu','管理菜单配置','Mengelola konfigurasi menu','menu','manage',410,1,'2025-11-22 17:10:14','2025-11-22 17:10:14'),('1cbdcb4a-c7c6-11f0-8cb1-cad6171ac9f8','lead.create','创建线索','Buat Prospek','创建新线索','Membuat prospek baru','lead','create',500,1,'2025-11-22 17:10:14','2025-11-22 17:10:14'),('1cbdcbb0-c7c6-11f0-8cb1-cad6171ac9f8','lead.view','查看线索','Lihat Prospek','查看线索详情','Melihat detail prospek','lead','view',510,1,'2025-11-22 17:10:14','2025-11-22 17:10:14'),('1cbdd10a-c7c6-11f0-8cb1-cad6171ac9f8','lead.update','更新线索','Perbarui Prospek','更新线索信息','Memperbarui informasi prospek','lead','update',520,1,'2025-11-22 17:10:14','2025-11-22 17:10:14'),('1cbdd193-c7c6-11f0-8cb1-cad6171ac9f8','lead.list','线索列表','Daftar Prospek','查看线索列表','Melihat daftar prospek','lead','list',530,1,'2025-11-22 17:10:14','2025-11-22 17:10:14'),('1cbdd226-c7c6-11f0-8cb1-cad6171ac9f8','lead.convert','转化商机','Konversi Peluang','将线索转化为商机','Mengonversi prospek menjadi peluang','lead','convert',540,1,'2025-11-22 17:10:14','2025-11-22 17:10:14'),('1cbdd299-c7c6-11f0-8cb1-cad6171ac9f8','opportunity.create','创建商机','Buat Peluang','创建新商机','Membuat peluang baru','opportunity','create',600,1,'2025-11-22 17:10:14','2025-11-22 17:10:14'),('1cbdd306-c7c6-11f0-8cb1-cad6171ac9f8','opportunity.view','查看商机','Lihat Peluang','查看商机详情','Melihat detail peluang','opportunity','view',610,1,'2025-11-22 17:10:14','2025-11-22 17:10:14'),('1cbdd375-c7c6-11f0-8cb1-cad6171ac9f8','opportunity.update','更新商机','Perbarui Peluang','更新商机信息','Memperbarui informasi peluang','opportunity','update',620,1,'2025-11-22 17:10:14','2025-11-22 17:10:14'),('1cbdd46b-c7c6-11f0-8cb1-cad6171ac9f8','opportunity.list','商机列表','Daftar Peluang','查看商机列表','Melihat daftar peluang','opportunity','list',630,1,'2025-11-22 17:10:14','2025-11-22 17:10:14'),('1cbdd543-c7c6-11f0-8cb1-cad6171ac9f8','order.receive','接收订单','Terima Pesanan','接收新订单','Menerima pesanan baru','order','receive',700,1,'2025-11-22 17:10:14','2025-11-22 17:10:14'),('1cbdd5fd-c7c6-11f0-8cb1-cad6171ac9f8','order.view','查看订单','Lihat Pesanan','查看订单详情','Melihat detail pesanan','order','view',710,1,'2025-11-22 17:10:14','2025-11-22 17:10:14'),('1cbdd6c5-c7c6-11f0-8cb1-cad6171ac9f8','order.update','更新订单','Perbarui Pesanan','更新订单信息','Memperbarui informasi pesanan','order','update',720,1,'2025-11-22 17:10:14','2025-11-22 17:10:14'),('1cbdd7c2-c7c6-11f0-8cb1-cad6171ac9f8','order.list','订单列表','Daftar Pesanan','查看订单列表','Melihat daftar pesanan','order','list',730,1,'2025-11-22 17:10:14','2025-11-22 17:10:14'),('1cbdd87a-c7c6-11f0-8cb1-cad6171ac9f8','order.assign','分配订单','Tetapkan Pesanan','分配订单给做单人员','Menetapkan pesanan ke staf operasi','order','assign',740,1,'2025-11-22 17:10:14','2025-11-22 17:10:14'),('1cbdd93b-c7c6-11f0-8cb1-cad6171ac9f8','order.track','跟踪订单','Lacak Pesanan','跟踪订单进度','Melacak kemajuan pesanan','order','track',750,1,'2025-11-22 17:10:14','2025-11-22 17:10:14'),('1cbdda55-c7c6-11f0-8cb1-cad6171ac9f8','order.upload','上传文件','Unggah File','上传订单相关文件','Mengunggah file terkait pesanan','order','upload',760,1,'2025-11-22 17:10:14','2025-11-22 17:10:14'),('1cbddaf3-c7c6-11f0-8cb1-cad6171ac9f8','finance.receivable.view','查看应收','Lihat Piutang','查看应收账款','Melihat piutang usaha','finance','receivable.view',800,1,'2025-11-22 17:10:14','2025-11-22 17:10:14'),('1cbddb6d-c7c6-11f0-8cb1-cad6171ac9f8','finance.receivable.manage','管理应收','Kelola Piutang','管理应收账款','Mengelola piutang usaha','finance','receivable.manage',810,1,'2025-11-22 17:10:14','2025-11-22 17:10:14'),('1cbddbec-c7c6-11f0-8cb1-cad6171ac9f8','finance.payable.view','查看应付','Lihat Hutang','查看应付账款','Melihat hutang usaha','finance','payable.view',820,1,'2025-11-22 17:10:14','2025-11-22 17:10:14'),('1cbddca6-c7c6-11f0-8cb1-cad6171ac9f8','finance.payable.manage','管理应付','Kelola Hutang','管理应付账款','Mengelola hutang usaha','finance','payable.manage',830,1,'2025-11-22 17:10:14','2025-11-22 17:10:14'),('1cbde2a9-c7c6-11f0-8cb1-cad6171ac9f8','finance.report.view','查看报表','Lihat Laporan','查看财务报表','Melihat laporan keuangan','finance','report.view',840,1,'2025-11-22 17:10:14','2025-11-22 17:10:14'),('1cbde3e0-c7c6-11f0-8cb1-cad6171ac9f8','finance.report.export','导出报表','Ekspor Laporan','导出财务报表','Mengekspor laporan keuangan','finance','report.export',850,1,'2025-11-22 17:10:14','2025-11-22 17:10:14');
INSERT INTO `product_categories` VALUES ('177a4cd6-7084-49e2-91aa-ca7a979e7ec8','LicenseService','资质注册服务','2025-11-18 09:31:35','2025-11-18 16:51:27',NULL,NULL,6,1),('55869370-2806-4756-8c58-d27a10b75359','CompanyService','公司开办服务','2025-11-18 09:31:35','2025-11-18 09:31:35',NULL,NULL,0,1),('6b1b89d4-b3bb-4544-be5c-417d25e04184','Jemput&AntarService','接送关服务','2025-11-18 09:31:35','2025-11-18 16:51:17',NULL,NULL,4,1),('6c0cf973-9af3-4b7c-a25d-02c0f0dc9b8e','TaxService','税务服务','2025-11-18 09:31:35','2025-11-18 09:31:35',NULL,NULL,0,1),('93c369b2-9487-4213-9cdc-63770b020912','VisaService','签证服务','2025-11-18 09:31:35','2025-11-18 09:31:35',NULL,NULL,0,1);
INSERT INTO `product_prices` VALUES ('03bc841a-8e75-450d-909d-6d80c320c133','06602dc3-48d8-425b-9c0a-004c4afe283a',NULL,10000000.00,5000.00,11000000.00,5500.00,NULL,NULL,4500000.00,NULL,NULL,'2025-12-27 18:25:27',NULL,'excel_import',1,NULL,NULL,NULL,NULL,'2025-12-27 18:25:27','2025-12-27 18:25:27'),('085a25a2-2aea-4c2d-9dec-3d7bb0ecdb1b','57cfed61-d3f8-4cae-8a6e-e8ff3cd2d5f3',NULL,10000000.00,5000.00,12500000.00,6250.00,NULL,NULL,6000000.00,NULL,NULL,'2025-12-27 18:25:27',NULL,'excel_import',1,NULL,NULL,NULL,NULL,'2025-12-27 18:25:27','2025-12-27 18:25:27'),('09f2f063-fddf-4f5a-b81f-b288d47ccece','34b75af1-8c52-479e-a34d-1ec51e74b88f',NULL,500000.00,250.00,1000000.00,500.00,NULL,NULL,100000.00,NULL,NULL,'2025-12-27 18:25:27',NULL,'excel_import',1,NULL,NULL,NULL,NULL,'2025-12-27 18:25:27','2025-12-27 18:25:27'),('0d089b14-1a0f-429a-bf8e-26e5bd140369','33af777d-5b7e-4ae0-a8b4-bc7a47007346',NULL,3500000.00,1750.00,5000000.00,2500.00,NULL,NULL,2000000.00,NULL,NULL,'2025-12-27 18:25:27',NULL,'excel_import',1,NULL,NULL,NULL,NULL,'2025-12-27 18:25:27','2025-12-27 18:25:27'),('24c4f205-ad7d-4ff8-80c3-9777575939b6','282842d2-2cf0-4819-aa70-faa65ea1271b',NULL,1500000.00,750.00,2000000.00,1000.00,NULL,NULL,800000.00,NULL,NULL,'2025-12-27 18:25:27',NULL,'excel_import',1,NULL,NULL,NULL,NULL,'2025-12-27 18:25:27','2025-12-27 18:25:27'),('2c06b863-432f-4798-ba29-e220f041aca2','bcfe529a-e481-4afc-9916-c94089306aeb',NULL,14000000.00,7000.00,16000000.00,8000.00,NULL,NULL,9200000.00,NULL,NULL,'2025-12-27 18:25:27',NULL,'excel_import',1,NULL,NULL,NULL,NULL,'2025-12-27 18:25:27','2025-12-27 18:25:27'),('3088376c-033f-49ab-8775-2cc262094532','9f14ae38-001a-4952-a241-ada8af140973',NULL,5000000.00,2500.00,5400000.00,2700.00,NULL,NULL,4000000.00,NULL,NULL,'2025-12-27 18:25:27',NULL,'excel_import',1,NULL,NULL,NULL,NULL,'2025-12-27 18:25:27','2025-12-27 18:25:27'),('31fc1657-7f9d-4371-a0ae-df9f6578c453','053df2be-85b5-4147-a701-0759f257c7c2',NULL,2500000.00,1250.00,3500000.00,1750.00,NULL,NULL,2000000.00,NULL,NULL,'2025-12-27 18:25:27',NULL,'excel_import',1,NULL,NULL,NULL,NULL,'2025-12-27 18:25:27','2025-12-27 18:25:27'),('366deba8-68ba-427f-b76f-a7a2a083db40','2bbbb229-4e9d-4d8e-84ee-e0c3ab8b9206',NULL,13000000.00,6500.00,15000000.00,7500.00,NULL,NULL,6900000.00,NULL,NULL,'2025-12-27 18:25:27',NULL,'excel_import',1,NULL,NULL,NULL,NULL,'2025-12-27 18:25:27','2025-12-27 18:25:27'),('3fc2ba0a-b892-488a-bce4-dcfe5c2b77bc','882cb3cf-8ef7-40de-aaed-0e94bab24f52',NULL,650000.00,325.00,750000.00,375.00,NULL,NULL,520000.00,NULL,NULL,'2025-12-27 18:25:27',NULL,'excel_import',1,NULL,NULL,NULL,NULL,'2025-12-27 18:25:27','2025-12-27 18:25:27'),('46ee2669-8ee8-4fe8-8ee3-af3d74f89210','f7c2043e-77ff-4a60-85ae-1c21457bd79b',NULL,3000000.00,1500.00,4000000.00,2000.00,NULL,NULL,1000000.00,NULL,NULL,'2025-12-27 18:25:27',NULL,'excel_import',1,NULL,NULL,NULL,NULL,'2025-12-27 18:25:27','2025-12-27 18:25:27'),('530d4c8d-fcda-4241-bb6f-0b004fd9174b','8f69a40a-b726-44e6-b778-e59011dc8882',NULL,5000000.00,2500.00,6000000.00,3000.00,NULL,NULL,3300000.00,NULL,NULL,'2025-12-27 18:25:27',NULL,'excel_import',1,NULL,NULL,NULL,NULL,'2025-12-27 18:25:27','2025-12-27 18:25:27'),('53e02abf-32b8-4141-a83f-c4b9061c9ee3','ffc665fa-8b78-4411-89ae-4165a1df1e4b',NULL,800000.00,400.00,1000000.00,500.00,NULL,NULL,450000.00,NULL,NULL,'2025-12-27 18:25:27',NULL,'excel_import',1,NULL,NULL,NULL,NULL,'2025-12-27 18:25:27','2025-12-27 18:25:27'),('577fbc54-48ae-4ab0-90f5-0e1ba3d000ba','239bffba-cc26-4adc-90f6-43ba391a758f',NULL,2800000.00,1400.00,3500000.00,1750.00,NULL,NULL,2000000.00,NULL,NULL,'2025-12-27 18:25:27',NULL,'excel_import',1,NULL,NULL,NULL,NULL,'2025-12-27 18:25:27','2025-12-27 18:25:27'),('601acb79-b6d1-4c59-a274-485726ecd184','e606521d-2499-435e-9233-c57a6d2175dc',NULL,2500000.00,1250.00,4000000.00,2000.00,NULL,NULL,1000000.00,NULL,NULL,'2025-12-27 18:25:27',NULL,'excel_import',1,NULL,NULL,NULL,NULL,'2025-12-27 18:25:27','2025-12-27 18:25:27'),('68ca867f-6184-4b70-9ea3-9105e5cf5b43','3fb4055b-86ef-4870-a727-8b766fff3fa5',NULL,1000000.00,500.00,1500000.00,750.00,NULL,NULL,400000.00,NULL,NULL,'2025-12-27 18:25:27',NULL,'excel_import',1,NULL,NULL,NULL,NULL,'2025-12-27 18:25:27','2025-12-27 18:25:27'),('6b72fa0b-7205-4235-9295-fb781923a9be','efa83342-5c52-4602-af42-7e4598dc802f',NULL,60000000.00,30000.00,90000000.00,45000.00,NULL,NULL,50000000.00,NULL,NULL,'2025-12-27 18:25:27',NULL,'excel_import',1,NULL,NULL,NULL,NULL,'2025-12-27 18:25:27','2025-12-27 18:25:27'),('78c7e8bc-d2a0-48b6-880f-98e789fc002b','bdd63ce1-0da0-4fe3-afd0-d68d50a99d73',NULL,5000000.00,2500.00,5000000.00,2500.00,NULL,NULL,1000000.00,NULL,NULL,'2025-12-27 18:25:27',NULL,'excel_import',1,NULL,NULL,NULL,NULL,'2025-12-27 18:25:27','2025-12-27 18:25:27'),('79e1ebe2-aff1-4422-884e-4e64caef34dd','a28718e7-2333-435b-80fc-408de181a55c',NULL,14000000.00,7000.00,16000000.00,8000.00,NULL,NULL,9500000.00,NULL,NULL,'2025-12-27 18:25:27',NULL,'excel_import',1,NULL,NULL,NULL,NULL,'2025-12-27 18:25:27','2025-12-27 18:25:27'),('7ca524a0-7c48-44e6-9f61-2ba6a9718eeb','5c0a46b1-44a5-430d-9986-4ddbc20545a0',NULL,7000000.00,3500.00,10000000.00,5000.00,NULL,NULL,2000000.00,NULL,NULL,'2025-12-27 18:25:27',NULL,'excel_import',1,NULL,NULL,NULL,NULL,'2025-12-27 18:25:27','2025-12-27 18:25:27'),('8dfb27cc-d35e-4d5e-a1c8-32776387376d','25999ad4-b70b-428c-accf-ee2aa50a37bc',NULL,1000000.00,500.00,2000000.00,1000.00,NULL,NULL,300000.00,NULL,NULL,'2025-12-27 18:25:27',NULL,'excel_import',1,NULL,NULL,NULL,NULL,'2025-12-27 18:25:27','2025-12-27 18:25:27'),('9b3bd4a6-7f10-44ea-9ca5-60b5accad7df','1025f4a4-60f2-4891-b214-b24a65dad218',NULL,6000000.00,3000.00,6500000.00,3250.00,NULL,NULL,5000000.00,NULL,NULL,'2025-12-27 18:25:27',NULL,'excel_import',1,NULL,NULL,NULL,NULL,'2025-12-27 18:25:27','2025-12-27 18:25:27'),('a0550df8-c878-4a43-a50b-54cd62350270','dfe60b3d-c88a-4c1e-b87a-b59246bb8927',NULL,3000000.00,1500.00,4000000.00,2000.00,NULL,NULL,1500000.00,NULL,NULL,'2025-12-27 18:25:27',NULL,'excel_import',1,NULL,NULL,NULL,NULL,'2025-12-27 18:25:27','2025-12-27 18:25:27'),('aa5efbae-a8bd-447d-bc57-e8adc62aabae','afb68b20-807d-452a-8bac-ea879a900d5c',NULL,1400000.00,700.00,1700000.00,850.00,NULL,NULL,900000.00,NULL,NULL,'2025-12-27 18:25:27',NULL,'excel_import',1,NULL,NULL,NULL,NULL,'2025-12-27 18:25:27','2025-12-27 18:25:27'),('aa85d7c6-280b-4273-8e59-2998190ba876','14a8e2df-5802-4ffc-b3fa-b869be3856ca',NULL,14000000.00,7000.00,16000000.00,8000.00,NULL,NULL,9200000.00,NULL,NULL,'2025-12-27 18:25:27',NULL,'excel_import',1,NULL,NULL,NULL,NULL,'2025-12-27 18:25:27','2025-12-27 18:25:27'),('ab965409-17e5-4c2f-95e9-2eb20c543572','be36b93d-8d30-42ae-be00-999e34cead92',NULL,500000.00,250.00,1000000.00,500.00,NULL,NULL,200000.00,NULL,NULL,'2025-12-27 18:25:27',NULL,'excel_import',1,NULL,NULL,NULL,NULL,'2025-12-27 18:25:27','2025-12-27 18:25:27'),('c2977127-0f1e-4d67-8714-9b99f11b06f4','cdc18956-9ddd-4f55-b779-9dec38ed7dbe',NULL,15300000.00,7650.00,17000000.00,8500.00,NULL,NULL,11200000.00,NULL,NULL,'2025-12-27 18:25:27',NULL,'excel_import',1,NULL,NULL,NULL,NULL,'2025-12-27 18:25:27','2025-12-27 18:25:27'),('cf107b99-f0cb-49fe-86e0-8acfb216db72','3c926d05-38cd-42ec-8cd3-2c4eff6270b1',NULL,1000000.00,500.00,1000000.00,500.00,NULL,NULL,200000.00,NULL,NULL,'2025-12-27 18:25:27',NULL,'excel_import',1,NULL,NULL,NULL,NULL,'2025-12-27 18:25:27','2025-12-27 18:25:27'),('cfdd74d7-01a1-4ea0-832f-56eb3727d7b8','a7e2e768-3c15-4ce1-9085-fb587f76f90c',NULL,3500000.00,1750.00,4000000.00,2000.00,NULL,NULL,1650000.00,NULL,NULL,'2025-12-27 18:25:27',NULL,'excel_import',1,NULL,NULL,NULL,NULL,'2025-12-27 18:25:27','2025-12-27 18:25:27'),('d1d64779-a058-4fb5-bc92-86c9476b65a4','36e72003-f276-480e-97cf-c29075632e66',NULL,900000.00,450.00,1200000.00,600.00,NULL,NULL,700000.00,NULL,NULL,'2025-12-27 18:25:27',NULL,'excel_import',1,NULL,NULL,NULL,NULL,'2025-12-27 18:25:27','2025-12-27 18:25:27'),('d2979abd-9b7a-4530-ba50-a3bd846c08fe','b7c2bfbe-2c53-4daf-bd03-d68780d26ef8',NULL,3000000.00,1500.00,3300000.00,1650.00,NULL,NULL,2000000.00,NULL,NULL,'2025-12-27 18:25:27',NULL,'excel_import',1,NULL,NULL,NULL,NULL,'2025-12-27 18:25:27','2025-12-27 18:25:27'),('d5a0c87c-3b81-46ff-aaf0-ff2e2501ea3c','25a26c7e-6392-41c6-bb52-3c37a0451e31',NULL,2000000.00,1000.00,3000000.00,1500.00,NULL,NULL,1000000.00,NULL,NULL,'2025-12-27 18:25:27',NULL,'excel_import',1,NULL,NULL,NULL,NULL,'2025-12-27 18:25:27','2025-12-27 18:25:27'),('d5a59d75-85c3-4b0e-a7c4-429df7e96c97','e1f9587a-633c-45ec-85b7-a207c295148a',NULL,3500000.00,1750.00,4000000.00,2000.00,NULL,NULL,1500000.00,NULL,NULL,'2025-12-27 18:25:27',NULL,'excel_import',1,NULL,NULL,NULL,NULL,'2025-12-27 18:25:27','2025-12-27 18:25:27'),('dc0ca895-91f4-4c2a-8f94-06a691eab217','c75a387c-cfc8-45c7-8e19-61c8746b95c1',NULL,1000000.00,500.00,1500000.00,750.00,NULL,NULL,300000.00,NULL,NULL,'2025-12-27 18:25:27',NULL,'excel_import',1,NULL,NULL,NULL,NULL,'2025-12-27 18:25:27','2025-12-27 18:25:27'),('dea27333-3f85-4568-9ade-55dc4d35b52a','9e5fd3e8-fab4-42cc-9d3e-8d270cfe7e5c',NULL,1200000.00,600.00,1400000.00,700.00,NULL,NULL,800000.00,NULL,NULL,'2025-12-27 18:25:27',NULL,'excel_import',1,NULL,NULL,NULL,NULL,'2025-12-27 18:25:27','2025-12-27 18:25:27'),('e363c3a9-129d-4f70-b1a4-c5d70c582df8','56499350-09af-4479-8f10-35d25273aeaa',NULL,2000000.00,1000.00,3000000.00,1500.00,NULL,NULL,1000000.00,NULL,NULL,'2025-12-27 18:25:27',NULL,'excel_import',1,NULL,NULL,NULL,NULL,'2025-12-27 18:25:27','2025-12-27 18:25:27'),('e6a42f75-eed4-45eb-b8da-759a4c7b2608','9e4ef2a4-5dc1-410a-8308-03bc7391b2c6',NULL,300000.00,150.00,500000.00,250.00,NULL,NULL,100000.00,NULL,NULL,'2025-12-27 18:25:27',NULL,'excel_import',1,NULL,NULL,NULL,NULL,'2025-12-27 18:25:27','2025-12-27 18:25:27'),('e9c74462-16d3-45ec-a3db-6d303edf7bbb','905f1355-5fd5-409b-98da-1eda4a39eb0c',NULL,5500000.00,2750.00,7000000.00,3500.00,NULL,NULL,4500000.00,NULL,NULL,'2025-12-27 18:25:27',NULL,'excel_import',1,NULL,NULL,NULL,NULL,'2025-12-27 18:25:27','2025-12-27 18:25:27'),('ea90eeb2-3054-4a5e-81fd-34c913720f03','eb0c6f9d-707c-4a13-bb9f-c01c625f9ad2',NULL,5000000.00,2500.00,6000000.00,3000.00,NULL,NULL,2000000.00,NULL,NULL,'2025-12-27 18:25:27',NULL,'excel_import',1,NULL,NULL,NULL,NULL,'2025-12-27 18:25:27','2025-12-27 18:25:27'),('eab84335-92e7-4572-af5b-78e821a56a92','d3fbf6ba-2470-44e0-b67c-17b5f2904a61',NULL,1500000.00,750.00,2500000.00,1250.00,NULL,NULL,500000.00,NULL,NULL,'2025-12-27 18:25:27',NULL,'excel_import',1,NULL,NULL,NULL,NULL,'2025-12-27 18:25:27','2025-12-27 18:25:27'),('ee80dbd5-2915-4549-9ff2-42553ccbf846','e18205c5-851e-4349-b9c6-d057cf9c9373',NULL,2000000.00,1000.00,4000000.00,2000.00,NULL,NULL,800000.00,NULL,NULL,'2025-12-27 18:25:27',NULL,'excel_import',1,NULL,NULL,NULL,NULL,'2025-12-27 18:25:27','2025-12-27 18:25:27'),('ff8c0c67-f3a2-4f84-b4ca-d4825109b739','f8dade52-6134-4ca4-8565-bda9cf6c978a',NULL,5900000.00,2950.00,7000000.00,3500.00,NULL,NULL,4800000.00,NULL,NULL,'2025-12-27 18:25:27',NULL,'excel_import',1,NULL,NULL,NULL,NULL,'2025-12-27 18:25:27','2025-12-27 18:25:27');
INSERT INTO `products` VALUES ('053df2be-85b5-4147-a701-0759f257c7c2','zcrm_6302359000000489149','zcrm_6302359000000469001','Leion','zcrm_6302359000000469001','Leion','zcrm_6302359000000469001','Leion','2024-04-15 05:11:00','2024-05-30 06:30:00','2024-07-03 08:53:42',NULL,NULL,'商务签转签投资签、工作签(无需出境)','C211ToKitas',NULL,NULL,NULL,NULL,NULL,1,'VisaService','/次',1,NULL,NULL,NULL,0,NULL,NULL,NULL,'93c369b2-9487-4213-9cdc-63770b020912','2024-04-15 05:11:00','2025-11-18 09:31:41',NULL,NULL,'active','active',0,NULL,NULL,NULL,NULL,NULL,'跟随工作签、商务签办理时间',0,NULL,NULL,NULL,NULL,NULL,NULL,NULL,NULL,NULL,NULL,NULL,NULL,NULL,NULL,NULL,NULL,NULL,NULL,7,1,NULL),('06602dc3-48d8-425b-9c0a-004c4afe283a','zcrm_6302359000000489158','zcrm_6302359000000469001','Leion','zcrm_6302359000000469001','Leion','zcrm_6302359000000498016','Finance and Tax','2024-04-15 05:11:00','2024-11-14 11:23:54','2024-10-01 12:16:03',NULL,NULL,'公司变更(PMDN)','CPMDN_Update',NULL,NULL,NULL,NULL,NULL,1,'CompanyService','/次',1,NULL,NULL,NULL,0,NULL,'公司全套资料',NULL,'55869370-2806-4756-8c58-d27a10b75359','2024-04-15 05:11:00','2025-11-18 09:31:41',NULL,NULL,'active','active',0,NULL,NULL,NULL,NULL,10,'10工作日',0,NULL,NULL,NULL,NULL,NULL,NULL,NULL,NULL,NULL,NULL,NULL,NULL,NULL,NULL,NULL,NULL,NULL,NULL,7,1,NULL),('0855da7a-4db1-4f2b-a3dc-9b21afff2d79','zcrm_6302359000000489173','zcrm_6302359000000469001','Leion','zcrm_6302359000000469001','Leion','zcrm_6302359000000469001','Leion','2024-04-17 17:04:00','2024-05-30 06:30:00','2024-06-27 07:58:42',NULL,NULL,'网络营销许可证PSE','PSE',NULL,NULL,NULL,NULL,NULL,1,'LicenseService','/次',1,NULL,NULL,NULL,0,NULL,'1.电子系统操作的一般描述，包括(1)电子系统名称(2)电子系统部门(Sektor )(3)统-资源定位器(URL)网站(4)域名系统(Domain Name System)和/或 IP 地址(5)商业模式说明(6)电子系统功能和电子系统业务流程的简单说明(7)处理的个人数据信息(8)有关电子系统和电子数据的管理、处理和/或存储位置，地址的信息2.国外私有范围 PSE 信息3.公司董事，监事的身份证或护照扫描件4.股东的身份证或护照(如果是个人)，股东的章程AoA 和营业执照 BL(如果是公司)印尼的客户',NULL,'177a4cd6-7084-49e2-91aa-ca7a979e7ec8','2024-04-17 17:04:00','2025-11-18 09:31:41',NULL,NULL,'active','active',0,NULL,NULL,NULL,NULL,9,'9工作日',0,NULL,NULL,NULL,NULL,NULL,NULL,NULL,NULL,NULL,NULL,NULL,NULL,NULL,NULL,NULL,NULL,NULL,NULL,7,1,NULL),('1025f4a4-60f2-4891-b214-b24a65dad218','zcrm_6302359000000489142','zcrm_6302359000000469001','Leion','zcrm_6302359000000469001','Leion','zcrm_6302359000000469001','Leion','2024-04-15 05:11:00','2024-05-30 06:30:00',NULL,NULL,NULL,'商务签C211、C212到期免出境服务','WithoutKeluar',NULL,NULL,NULL,NULL,NULL,1,'VisaService','/次',1,NULL,NULL,NULL,0,NULL,'护照首页照片+护照贴签页+原签证电子版文件',NULL,'93c369b2-9487-4213-9cdc-63770b020912','2024-04-15 05:11:00','2025-11-18 09:31:41',NULL,NULL,'active','active',0,NULL,NULL,NULL,NULL,NULL,NULL,0,NULL,NULL,NULL,NULL,NULL,NULL,NULL,NULL,NULL,NULL,NULL,NULL,NULL,NULL,NULL,NULL,NULL,NULL,7,1,NULL),('14a8e2df-5802-4ffc-b3fa-b869be3856ca','zcrm_6302359000000489147','zcrm_6302359000000469001','Leion','zcrm_6302359000000469001','Leion','zcrm_6302359000000469001','Leion','2024-04-15 05:11:00','2024-05-30 06:30:00',NULL,NULL,NULL,'家属陪同签证1年 C317【E31B】(10工作日出签)','C317_imigration',NULL,NULL,NULL,NULL,NULL,1,'VisaService','/次',1,NULL,NULL,NULL,0,'商务签转签 需加转签费','办理陪伴签所需个人资料 SYARAT DOKUMEN PRIBADI 1 申请人护照扫描件 FOTOCOPY PASSORT2 户口本 KK和结婚证 Akta Nikah （翻译成印尼语或英文）3 如是小孩，提供出生证明 AKTA LAHIR （翻译成印尼语或英文）4 被陪伴人的暂住证Kitas（有效期不能低于6个月）5 被陪伴人的护照Passport6 被陪伴人的民政局居住证SKTT',NULL,'93c369b2-9487-4213-9cdc-63770b020912','2024-04-15 05:11:00','2025-11-18 09:31:41',NULL,NULL,'active','active',0,NULL,NULL,NULL,NULL,10,'境外：10工作日 境内商务签转签：15工作日',0,NULL,NULL,NULL,NULL,NULL,NULL,NULL,NULL,NULL,NULL,NULL,NULL,NULL,NULL,NULL,NULL,NULL,NULL,7,1,NULL),('239bffba-cc26-4adc-90f6-43ba391a758f','zcrm_6302359000000489175','zcrm_6302359000000469001','Leion','zcrm_6302359000000469001','Leion','zcrm_6302359000000469001','Leion','2024-05-30 06:30:00','2024-05-30 06:30:00',NULL,NULL,NULL,'落地签【B1】机场线下续签_免拍照录指纹','B1_Extend_ignorefoto',NULL,NULL,NULL,NULL,NULL,1,'VisaService','/次',1,NULL,NULL,NULL,0,NULL,'护照原件+护照首页照片+入境贴纸页',NULL,'93c369b2-9487-4213-9cdc-63770b020912','2024-05-30 06:30:00','2025-11-18 09:31:41',NULL,NULL,'active','active',0,NULL,NULL,NULL,NULL,3,'3工作日',0,NULL,NULL,NULL,NULL,NULL,NULL,NULL,NULL,NULL,NULL,NULL,NULL,NULL,NULL,NULL,NULL,NULL,NULL,7,1,NULL),('25999ad4-b70b-428c-accf-ee2aa50a37bc','zcrm_6302359000000489166','zcrm_6302359000000469001','Leion','zcrm_6302359000000469001','Leion','zcrm_6302359000000469001','Leion','2024-04-15 05:11:00','2024-05-30 06:30:00','2024-06-27 07:58:42',NULL,NULL,'印尼投资活动报告申报 (LKPM )/季度','LPKM',NULL,NULL,NULL,NULL,NULL,1,'TaxService','/次',1,NULL,NULL,NULL,0,'1. OSS ID 和密码\n2. 工资表明细／员工信息　（几个印尼员工，几个外籍员工；分析几个男员工，几个女员工）\n3. 公司章程＋SK，包括更新版\n4. 全部 NIB\n5. 法人和股东的资料　（护照,KITAS/KITAB,税卡，身份证）\n6. 财务报表　（损益表，资产负债表，日记账，现金流量表, 财务报告附注)','1. 企业投资活动报告（LKPM）是投资部 BKPM 要求所有在印尼境内的外资公司在每季度对公司的现况报告。申报 LKPM 时，需要注意财务报表的信息，尤其是资本的部分。2. LKPM 需要在每个季度申报。3. 每个投资企业都必须申报企业投资活动报告 LKPM 并将其提交给投资部。对于未按报告期提交 LKPM 的企业，投资部将向企业发出警告信，最差情况可能会受到取消营业执照的处罚。',NULL,'6c0cf973-9af3-4b7c-a25d-02c0f0dc9b8e','2024-04-15 05:11:00','2025-11-18 09:31:41',NULL,NULL,'active','active',0,NULL,NULL,NULL,NULL,5,'5工作日',0,NULL,NULL,NULL,NULL,NULL,NULL,NULL,NULL,NULL,NULL,NULL,NULL,NULL,NULL,NULL,NULL,NULL,NULL,7,1,NULL),('25a26c7e-6392-41c6-bb52-3c37a0451e31','zcrm_6302359000000489171','zcrm_6302359000000469001','Leion','zcrm_6302359000000469001','Leion','zcrm_6302359000000469001','Leion','2024-04-15 05:11:00','2024-05-30 06:30:00','2024-09-18 19:05:17',NULL,NULL,'进口许可证API-U','API_U',NULL,NULL,NULL,NULL,NULL,1,'LicenseService','/次',1,NULL,NULL,NULL,0,NULL,NULL,NULL,'177a4cd6-7084-49e2-91aa-ca7a979e7ec8','2024-04-15 05:11:00','2025-11-18 09:31:41',NULL,NULL,'active','active',0,NULL,NULL,NULL,NULL,NULL,NULL,0,NULL,NULL,NULL,NULL,NULL,NULL,NULL,NULL,NULL,NULL,NULL,NULL,NULL,NULL,NULL,NULL,NULL,NULL,7,1,NULL),('282842d2-2cf0-4819-aa70-faa65ea1271b','zcrm_6302359000000489181','zcrm_6302359000000469001','Leion','zcrm_6302359000000469001','Leion','zcrm_6302359000000469001','Leion','2024-05-30 06:30:00','2024-05-30 06:30:00','2024-06-30 18:19:57',NULL,NULL,'护照换新,原签证迁移','VisaToNewPassport',NULL,NULL,NULL,NULL,NULL,1,'VisaService','/次',1,NULL,NULL,NULL,0,NULL,'新老护照原件，原签证电子版文件',NULL,'93c369b2-9487-4213-9cdc-63770b020912','2024-05-30 06:30:00','2025-11-18 09:31:41',NULL,NULL,'active','active',0,NULL,NULL,NULL,NULL,NULL,NULL,0,NULL,NULL,NULL,NULL,NULL,NULL,NULL,NULL,NULL,NULL,NULL,NULL,NULL,NULL,NULL,NULL,NULL,NULL,7,1,NULL),('2bbbb229-4e9d-4d8e-84ee-e0c3ab8b9206','zcrm_6302359000000489153','zcrm_6302359000000469001','Leion','zcrm_6302359000000469001','Leion','zcrm_6302359000000469001','Leion','2024-04-15 05:11:00','2024-06-27 09:40:08','2024-09-18 19:25:42',NULL,NULL,'公司注册-PT PMDN(内资公司)','CPMDN',NULL,NULL,NULL,NULL,NULL,1,'CompanyService','/次',1,NULL,NULL,NULL,0,'所含服务：\n1.公司章程办理；\n2.司法部批文；\n3.NIB 企业登记证；\n4.公司税卡；\n5.OSS等文件；\n6.法人税卡；\n7.营业执照；\n8.地址证明。','1.法人姓名及KTP&NPWP；2.监事姓名及KTP&NPWP；3.公司名称（PT.）2—3个单词（英文、印尼文均可）；4.公司经营范围；（我们来提供确认）.股东比例；5.注册资金：100jt以上 6.雅加达注册地址及租赁合同扫描件',NULL,'55869370-2806-4756-8c58-d27a10b75359','2024-04-15 05:11:00','2025-11-18 09:31:41',NULL,NULL,'active','active',0,NULL,NULL,NULL,NULL,7,'7工作日',0,NULL,NULL,NULL,NULL,NULL,NULL,NULL,NULL,NULL,NULL,NULL,NULL,NULL,NULL,NULL,NULL,NULL,NULL,7,1,NULL),('33af777d-5b7e-4ae0-a8b4-bc7a47007346','zcrm_6302359000000489167','zcrm_6302359000000469001','Leion','zcrm_6302359000000469001','Leion','zcrm_6302359000000469001','Leion','2024-04-15 05:11:00','2024-05-30 06:30:00','2024-06-27 07:58:42',NULL,NULL,'企业所得税申报/年','Tax_company_year',NULL,NULL,NULL,NULL,NULL,1,'TaxService','/次',1,NULL,NULL,NULL,0,'1. DJP ONLINE 账号和密码\n2. 公司特殊关系明细 和证明\n3. 公司章程+变更，NIB\n4. 股东和法人身份证，护照，ＫＩＴＡＳ，税卡\n5. 企业损益表\n6. 企业资产负债表\n7. 企业资本变更表\n8. 财务报表审计报告\n9. 余额表\n10. 日记账\n11. 工资表+BPJS Kesehatan 健保 + BPJS Ketenagakerjaan 劳保/社保\n12. PPN , PPH 列单和清单\n13. 进出口申报和缴税单\n14. 增值税申报表 SPT PPN 1月到12月\n15. 代扣代缴 PPH 申报表 1月到12月\n16. 银行对账单\n17. 固定资产和折旧明细表','每年1月-4月申报',NULL,'6c0cf973-9af3-4b7c-a25d-02c0f0dc9b8e','2024-04-15 05:11:00','2025-11-18 09:31:41',NULL,NULL,'active','active',0,NULL,NULL,NULL,NULL,25,'25工作日',0,NULL,NULL,NULL,NULL,NULL,NULL,NULL,NULL,NULL,NULL,NULL,NULL,NULL,NULL,NULL,NULL,NULL,NULL,7,1,NULL),('34b75af1-8c52-479e-a34d-1ec51e74b88f','zcrm_6302359000000489169','zcrm_6302359000000469001','Leion','zcrm_6302359000000469001','Leion','zcrm_6302359000000469001','Leion','2024-04-15 05:11:00','2024-05-30 06:30:00',NULL,NULL,NULL,'注销企业税卡','NPWP_company_delete',NULL,NULL,NULL,NULL,NULL,1,'TaxService','/次',1,NULL,NULL,NULL,0,'1. 所有公司解散文件',NULL,NULL,'6c0cf973-9af3-4b7c-a25d-02c0f0dc9b8e','2024-04-15 05:11:00','2025-11-18 09:31:41',NULL,NULL,'active','active',0,NULL,NULL,NULL,NULL,2,'2工作日',0,NULL,NULL,NULL,NULL,NULL,NULL,NULL,NULL,NULL,NULL,NULL,NULL,NULL,NULL,NULL,NULL,NULL,NULL,7,1,NULL),('36e72003-f276-480e-97cf-c29075632e66','zcrm_6302359000000489136','zcrm_6302359000000469001','Leion','zcrm_6302359000000469001','Leion','zcrm_6302359000000469001','Leion','2024-04-15 05:11:00','2024-06-27 09:40:07','2024-07-05 08:35:23',NULL,NULL,'落地签【B1】电子签续签','B1_Extend',NULL,NULL,NULL,NULL,NULL,1,'VisaService','/次',1,NULL,NULL,NULL,0,NULL,'护照首页照片;',NULL,'93c369b2-9487-4213-9cdc-63770b020912','2024-04-15 05:11:00','2025-11-18 09:31:41',NULL,NULL,'active','active',0,NULL,NULL,NULL,NULL,0,'当天',0,NULL,NULL,NULL,NULL,NULL,NULL,NULL,NULL,NULL,NULL,NULL,NULL,NULL,NULL,NULL,NULL,NULL,NULL,7,1,NULL),('3c926d05-38cd-42ec-8cd3-2c4eff6270b1','zcrm_6302359000000489162','zcrm_6302359000000469001','Leion','zcrm_6302359000000469001','Leion','zcrm_6302359000000469001','Leion','2024-04-15 05:11:00','2024-05-30 06:30:00',NULL,NULL,NULL,'注册个人税卡','NPWP_personal',NULL,NULL,NULL,NULL,NULL,1,'TaxService','/次',1,NULL,NULL,NULL,0,'1. 护照 \n2. KITAS  \n3. 婚姻状况 \n4. 结婚证(若已婚，如果有小孩，请提供未成年小孩个数)  \n5. 印尼手机号码\n6. 邮箱地址\n7. 月工资(印尼盾)\n8. 工作证明\n如果是女性补充如下材料：\na. 婚姻状况; \n若已婚请补充:\nb. 结婚证  \nc. 老公的护照 \nd. 老公的工作情况','全套公司资料',NULL,'6c0cf973-9af3-4b7c-a25d-02c0f0dc9b8e','2024-04-15 05:11:00','2025-11-18 09:31:41',NULL,NULL,'active','active',0,NULL,NULL,NULL,NULL,5,'5工作日',0,NULL,NULL,NULL,NULL,NULL,NULL,NULL,NULL,NULL,NULL,NULL,NULL,NULL,NULL,NULL,NULL,NULL,NULL,7,1,NULL),('3fb4055b-86ef-4870-a727-8b766fff3fa5','zcrm_6302359000000489150','zcrm_6302359000000469001','Leion','zcrm_6302359000000469001','Leion','zcrm_6302359000000469001','Leion','2024-04-15 05:11:00','2024-05-30 06:30:00','2024-06-27 07:58:42',NULL,NULL,'注销签证','DeleteVisa',NULL,NULL,NULL,NULL,NULL,1,'VisaService','/次',1,NULL,NULL,NULL,0,NULL,'人已出境：护照首页照片+原签证电子版+最近一次入境贴签页+最近一次出境记录盖章页人在境内：护照原件+签证电子版+证件照，无需本人到场，注销成功后，3天必须离境',NULL,'93c369b2-9487-4213-9cdc-63770b020912','2024-04-15 05:11:00','2025-11-18 09:31:41',NULL,NULL,'active','active',0,NULL,NULL,NULL,NULL,NULL,NULL,0,NULL,NULL,NULL,NULL,NULL,NULL,NULL,NULL,NULL,NULL,NULL,NULL,NULL,NULL,NULL,NULL,NULL,NULL,7,1,NULL),('56499350-09af-4479-8f10-35d25273aeaa','zcrm_6302359000000489165','zcrm_6302359000000469001','Leion','zcrm_6302359000000469001','Leion','zcrm_6302359000000469001','Leion','2024-04-15 05:11:00','2024-05-30 06:30:00','2024-06-27 07:58:42',NULL,NULL,'企业报税0申报/月','Tax_company_month_zero',NULL,NULL,NULL,NULL,NULL,1,'TaxService','/次',1,NULL,NULL,NULL,0,NULL,'公司全套资料、OSS账户、DJP Online账户',NULL,'6c0cf973-9af3-4b7c-a25d-02c0f0dc9b8e','2024-04-15 05:11:00','2025-11-18 09:31:41',NULL,NULL,'active','active',0,NULL,NULL,NULL,NULL,NULL,NULL,0,NULL,NULL,NULL,NULL,NULL,NULL,NULL,NULL,NULL,NULL,NULL,NULL,NULL,NULL,NULL,NULL,NULL,NULL,7,1,NULL),('57cfed61-d3f8-4cae-8a6e-e8ff3cd2d5f3','zcrm_6302359000000489157','zcrm_6302359000000469001','Leion','zcrm_6302359000000469001','Leion','zcrm_6302359000000498016','Finance and Tax','2024-04-15 05:11:00','2025-02-03 17:36:32','2025-02-03 17:36:32',NULL,NULL,'公司变更(PMA)','CPMA_Update',NULL,NULL,NULL,NULL,NULL,1,'CompanyService','/次',1,NULL,NULL,NULL,0,NULL,'公司全套资料',NULL,'55869370-2806-4756-8c58-d27a10b75359','2024-04-15 05:11:00','2025-11-18 09:31:41',NULL,NULL,'active','active',0,NULL,NULL,NULL,NULL,10,'10工作日',0,NULL,NULL,NULL,NULL,NULL,NULL,NULL,NULL,NULL,NULL,NULL,NULL,NULL,NULL,NULL,NULL,NULL,NULL,7,1,NULL),('5c0a46b1-44a5-430d-9986-4ddbc20545a0','zcrm_6302359000000489161','zcrm_6302359000000469001','Leion','zcrm_6302359000000469001','Leion','zcrm_6302359000000469001','Leion','2024-04-15 05:11:00','2024-05-30 06:30:00',NULL,NULL,NULL,'银行对公户协助开户(特殊)','CBank_Special',NULL,NULL,NULL,NULL,NULL,1,'CompanyService','/次',1,NULL,NULL,NULL,0,'由于KBLI经营范围未激活问题，想开设BCA银行对公户账户，或者法人无法到场，无Kitas办理BNC公户','护照首页照片及Kitas',NULL,'55869370-2806-4756-8c58-d27a10b75359','2024-04-15 05:11:00','2025-11-18 09:31:41',NULL,NULL,'active','active',0,NULL,NULL,NULL,NULL,7,'7工作日',0,NULL,NULL,NULL,NULL,NULL,NULL,NULL,NULL,NULL,NULL,NULL,NULL,NULL,NULL,NULL,NULL,NULL,NULL,7,1,NULL),('66641d33-0dad-4411-9d4e-4fe477833661','zcrm_6302359000000489179','zcrm_6302359000000469001','Leion','zcrm_6302359000000469001','Leion','zcrm_6302359000000469001','Leion','2024-05-30 06:30:00','2024-06-27 09:18:28','2024-07-12 14:34:40',NULL,NULL,'工作签 C312【C312】(10工作日出签)','C312_10day',NULL,NULL,NULL,NULL,NULL,1,'VisaService','/次',1,NULL,NULL,NULL,0,'包含150美金  移民局费用，不含1200美金 税费；商务签转签无需出境  需加转签费，境内持商务签选择新办不转签，需要在办理前出境；着急可使用落地签重新入境，办理完成后需要离境重新进入','办理工作签证的所需资料：1. 个人护照首页照片2. 电子版证件照3. 企业登记卡 NIB4. 公司税卡 NPWP5. 公司户籍 IZIN LOKASI6. 公司章程(如有变更一并附上) AKTA7. 司法部批文(如有变更一并附上) SK8. 公司信纸和盖章 KOP SURAT & STEMPEL 条件：护照有效期至少6个月办理时长：+/- 30工作日',NULL,'93c369b2-9487-4213-9cdc-63770b020912','2024-05-30 06:30:00','2025-11-18 09:31:41',NULL,NULL,'active','active',0,NULL,NULL,NULL,NULL,10,'境外：10工作日 境内商务签转签：15工作日',0,NULL,NULL,NULL,NULL,NULL,NULL,NULL,NULL,NULL,NULL,NULL,NULL,NULL,NULL,NULL,NULL,NULL,NULL,7,1,NULL),('882cb3cf-8ef7-40de-aaed-0e94bab24f52','zcrm_6302359000000489135','zcrm_6302359000000469001','Leion','zcrm_6302359000000469001','Leion','zcrm_6302359000000469001','Leion','2024-04-15 05:11:00','2024-06-27 09:40:08','2024-06-27 09:40:08',NULL,NULL,'落地签【B1】','B1',NULL,NULL,NULL,NULL,NULL,1,'VisaService','/次',1,NULL,NULL,NULL,0,'护照有效期不能低于18个月。','护照首页照片+电子版证件照',NULL,'93c369b2-9487-4213-9cdc-63770b020912','2024-04-15 05:11:00','2025-11-18 09:31:41',NULL,NULL,'active','active',0,NULL,NULL,NULL,NULL,0,'当天',0,NULL,NULL,NULL,NULL,NULL,NULL,NULL,NULL,NULL,NULL,NULL,NULL,NULL,NULL,NULL,NULL,NULL,NULL,7,1,NULL),('8f69a40a-b726-44e6-b778-e59011dc8882','zcrm_6302359000000489154','zcrm_6302359000000469001','Leion','zcrm_6302359000000469001','Leion','zcrm_6302359000000469001','Leion','2024-04-15 05:11:00','2024-06-27 09:40:08','2024-09-18 20:18:51',NULL,NULL,'公司虚拟地址/年','VO_normal',NULL,NULL,NULL,NULL,NULL,1,'CompanyService','/次',1,NULL,NULL,NULL,0,'提供信件代收，使用会议室30小时(如果有税务部门抽查，可用)','Tanjung Duren，Jakarta Barat 商业地址',NULL,'55869370-2806-4756-8c58-d27a10b75359','2024-04-15 05:11:00','2025-11-18 09:31:41',NULL,NULL,'active','active',0,NULL,NULL,NULL,NULL,NULL,'随开随用',0,NULL,NULL,NULL,NULL,NULL,NULL,NULL,NULL,NULL,NULL,NULL,NULL,NULL,NULL,NULL,NULL,NULL,NULL,7,1,NULL),('905f1355-5fd5-409b-98da-1eda4a39eb0c','zcrm_6302359000000489155','zcrm_6302359000000469001','Leion','zcrm_6302359000000469001','Leion','zcrm_6302359000000469001','Leion','2024-04-15 05:11:00','2024-05-30 06:30:00','2024-07-18 12:08:15',NULL,NULL,'公司虚拟地址/年(APL)','VO_APL',NULL,NULL,NULL,NULL,NULL,1,'CompanyService','/次',1,NULL,NULL,NULL,0,NULL,NULL,NULL,'55869370-2806-4756-8c58-d27a10b75359','2024-04-15 05:11:00','2025-11-18 09:31:41',NULL,NULL,'active','active',0,NULL,NULL,NULL,NULL,NULL,NULL,0,NULL,NULL,NULL,NULL,NULL,NULL,NULL,NULL,NULL,NULL,NULL,NULL,NULL,NULL,NULL,NULL,NULL,NULL,7,1,NULL),('9e4ef2a4-5dc1-410a-8308-03bc7391b2c6','zcrm_6302359000000489168','zcrm_6302359000000469001','Leion','zcrm_6302359000000469001','Leion','zcrm_6302359000000469001','Leion','2024-04-15 05:11:00','2024-05-30 06:30:00',NULL,NULL,NULL,'停用个人税卡 (NE NPWP)','NPWP_personal_delete',NULL,NULL,NULL,NULL,NULL,1,'TaxService','/次',1,NULL,NULL,NULL,0,'1. 证明书\n2. 其他能证明没收入',NULL,NULL,'6c0cf973-9af3-4b7c-a25d-02c0f0dc9b8e','2024-04-15 05:11:00','2025-11-18 09:31:41',NULL,NULL,'active','active',0,NULL,NULL,NULL,NULL,5,'5工作日',0,NULL,NULL,NULL,NULL,NULL,NULL,NULL,NULL,NULL,NULL,NULL,NULL,NULL,NULL,NULL,NULL,NULL,NULL,7,1,NULL),('9e5fd3e8-fab4-42cc-9d3e-8d270cfe7e5c','zcrm_6302359000000489182','zcrm_6302359000000469001','Leion','zcrm_6302359000000469001','Leion','zcrm_6302359000000469001','Leion','2024-05-30 06:30:00','2024-05-30 06:30:00',NULL,NULL,NULL,'印尼驾照_外国公民','SIM_WNA',NULL,NULL,NULL,NULL,NULL,1,'VisaService','/次',1,NULL,NULL,NULL,0,NULL,'提供下驾照的办理资料：1. 本人护照原件（办理时携带）和护照首页照片2. 印尼暂住证(Kitas)或印尼定居证(Kitap) 3. 护照上移民局盖的ITAS ONLINE章复印件或白色贴纸 提前预约前往:Jln.Satpas Sim Daan Mogot KM 11. Jakarta barat 拍照',NULL,'93c369b2-9487-4213-9cdc-63770b020912','2024-05-30 06:30:00','2025-11-18 09:31:41',NULL,NULL,'active','active',0,NULL,NULL,NULL,NULL,NULL,NULL,0,NULL,NULL,NULL,NULL,NULL,NULL,NULL,NULL,NULL,NULL,NULL,NULL,NULL,NULL,NULL,NULL,NULL,NULL,7,1,NULL),('9f14ae38-001a-4952-a241-ada8af140973','zcrm_6302359000000489177','zcrm_6302359000000469001','Leion','zcrm_6302359000000469001','Leion','zcrm_6302359000000469001','Leion','2024-05-30 06:30:00','2024-05-30 06:30:00','2024-07-26 11:09:42',NULL,NULL,'商务签 C212 一年多次商务签(3工作日出签)','C212',NULL,NULL,NULL,NULL,NULL,1,'VisaService','/次',1,NULL,NULL,NULL,0,NULL,'护照首页照片+电子版证件照',NULL,'93c369b2-9487-4213-9cdc-63770b020912','2024-05-30 06:30:00','2025-11-18 09:31:41',NULL,NULL,'active','active',0,NULL,NULL,NULL,NULL,3,'3工作日',0,NULL,NULL,NULL,NULL,NULL,NULL,NULL,NULL,NULL,NULL,NULL,NULL,NULL,NULL,NULL,NULL,NULL,NULL,7,1,NULL),('a28718e7-2333-435b-80fc-408de181a55c','zcrm_6302359000000489152','zcrm_6302359000000469001','Leion','zcrm_6302359000000469001','Leion','zcrm_6302359000000469001','Leion','2024-04-15 05:11:00','2024-11-26 14:30:36','2024-11-26 14:30:36',NULL,NULL,'公司注册-PMA(外资公司)','CPMA',NULL,NULL,NULL,NULL,NULL,1,'CompanyService','/次',1,NULL,NULL,NULL,0,'所含服务：\n1.公司章程办理；\n2.司法部批文；\n3.NIB 企业登记证；\n4.公司税卡；\n5.OSS等文件；\n6.法人税卡；\n7.营业执照；\n8.地址证明。','1.法人姓名及护照照片；2.监事姓名及护照照片；3.公司名称（PT.）2—3个单词（英文、印尼文均可）；4.公司经营范围；（我们来提供确认）.股东比例；5.注册资金：如需办理投资签，则对应股东股本不少于10M 6.雅加达注册地址及租赁合同扫描件，如果使用虚拟地址则无需提供；',NULL,'55869370-2806-4756-8c58-d27a10b75359','2024-04-15 05:11:00','2025-11-18 09:31:41',NULL,NULL,'active','active',0,NULL,NULL,NULL,NULL,10,'10工作日',0,NULL,NULL,NULL,NULL,NULL,NULL,NULL,NULL,NULL,NULL,NULL,NULL,NULL,NULL,NULL,NULL,NULL,NULL,7,1,NULL),('a7e2e768-3c15-4ce1-9085-fb587f76f90c','zcrm_6302359000000489141','zcrm_6302359000000469001','Leion','zcrm_6302359000000469001','Leion','zcrm_6302359000000469001','Leion','2024-04-15 05:11:00','2024-05-30 17:40:00','2024-07-23 12:01:37',NULL,NULL,'商务签 C211【C】单次商务签续期','C211_extend',NULL,NULL,NULL,NULL,NULL,1,'VisaService','/次',1,NULL,NULL,NULL,0,NULL,'护照首页照片',NULL,'93c369b2-9487-4213-9cdc-63770b020912','2024-04-15 05:11:00','2025-11-18 09:31:41',NULL,NULL,'active','active',0,NULL,NULL,NULL,NULL,5,'5工作日',0,NULL,NULL,NULL,NULL,NULL,NULL,NULL,NULL,NULL,NULL,NULL,NULL,NULL,NULL,NULL,NULL,NULL,NULL,7,1,NULL),('afb68b20-807d-452a-8bac-ea879a900d5c','zcrm_6302359000000489137','zcrm_6302359000000469001','Leion','zcrm_6302359000000469001','Leion','zcrm_6302359000000469001','Leion','2024-04-15 05:11:00','2024-05-30 06:30:00','2024-06-27 07:58:42',NULL,NULL,'落地签【B1】机场线下续签','B1_Extend_offline',NULL,NULL,NULL,NULL,NULL,1,'VisaService','/次',1,NULL,NULL,NULL,0,NULL,'护照原件+到移民局柜台办理',NULL,'93c369b2-9487-4213-9cdc-63770b020912','2024-04-15 05:11:00','2025-11-18 09:31:41',NULL,NULL,'active','active',0,NULL,NULL,NULL,NULL,3,'3工作日',0,NULL,NULL,NULL,NULL,NULL,NULL,NULL,NULL,NULL,NULL,NULL,NULL,NULL,NULL,NULL,NULL,NULL,NULL,7,1,NULL),('b7c2bfbe-2c53-4daf-bd03-d68780d26ef8','zcrm_6302359000000489139','zcrm_6302359000000469001','Leion','zcrm_6302359000000469001','Leion','zcrm_6302359000000469001','Leion','2024-04-15 05:11:00','2024-06-27 09:40:08','2024-07-18 11:16:38',NULL,NULL,'商务签 C211【C】单次商务签(10工作日出签)','C211',NULL,NULL,NULL,NULL,NULL,1,'VisaService','/次',1,NULL,NULL,NULL,0,NULL,'护照首页照片+电子版证件照',NULL,'93c369b2-9487-4213-9cdc-63770b020912','2024-04-15 05:11:00','2025-11-18 09:31:41',NULL,NULL,'active','active',0,NULL,NULL,NULL,NULL,10,'10工作日',0,NULL,NULL,NULL,NULL,NULL,NULL,NULL,NULL,NULL,NULL,NULL,NULL,NULL,NULL,NULL,NULL,NULL,NULL,7,1,NULL),('b92fcf1d-aef6-4518-805e-bd056cd43b36','zcrm_6302359000000489178','zcrm_6302359000000469001','Leion','zcrm_6302359000000469001','Leion','zcrm_6302359000000469001','Leion','2024-05-30 06:30:00','2024-05-31 18:48:00','2024-08-09 16:45:49',NULL,NULL,'投资签 C313/314【D12】(7工作日出签)','C314_5day',NULL,NULL,NULL,NULL,NULL,1,'VisaService','/次',1,NULL,NULL,NULL,0,'包含150美金 两年投资签、护照有效期不低于30个月；一年投资签、护照有效期不低于18个月    转签无需出境  需加转签费，境内选择新办不转签，需要在办理前出境','如果无公司，需要先注册公司;1. 企业登记卡 NIB2. 公司税卡 NPWP3. 公司户籍 IZIN LOKASI4. 公司章程(如有变更一并附上) AKTA5. 司法部批文(如有变更一并附上) SK6. 公司信纸和盖章 KOP SURAT & STEMPEL所需个人资料：1. 个人护照首页照片2. 电子版证件照办理条件：办理人需要是公司股东，并且他股本要达到10M办理时长：+/- 20工作日',NULL,'93c369b2-9487-4213-9cdc-63770b020912','2024-05-30 06:30:00','2025-11-18 09:31:41',NULL,NULL,'active','active',0,NULL,NULL,NULL,NULL,5,'境外：5工作日 境内商务签转签：15工作日',0,NULL,NULL,NULL,NULL,NULL,NULL,NULL,NULL,NULL,NULL,NULL,NULL,NULL,NULL,NULL,NULL,NULL,NULL,7,1,NULL),('bcfe529a-e481-4afc-9916-c94089306aeb','zcrm_6302359000000489143','zcrm_6302359000000469001','Leion','zcrm_6302359000000469001','Leion','zcrm_6302359000000469001','Leion','2024-04-15 05:11:00','2024-04-17 17:04:00',NULL,NULL,NULL,'学生签1年','Student',NULL,NULL,NULL,NULL,NULL,1,'VisaService','/次',1,NULL,NULL,NULL,0,NULL,NULL,NULL,'93c369b2-9487-4213-9cdc-63770b020912','2024-04-15 05:11:00','2025-11-18 09:31:41',NULL,NULL,'active','active',0,NULL,NULL,NULL,NULL,NULL,NULL,0,NULL,NULL,NULL,NULL,NULL,NULL,NULL,NULL,NULL,NULL,NULL,NULL,NULL,NULL,NULL,NULL,NULL,NULL,7,1,NULL),('bdd63ce1-0da0-4fe3-afd0-d68d50a99d73','zcrm_6302359000000489170','zcrm_6302359000000469001','Leion','zcrm_6302359000000469001','Leion','zcrm_6302359000000469001','Leion','2024-04-15 05:11:00','2024-05-30 06:30:00','2024-09-18 19:05:08',NULL,NULL,'升级为一般纳税人( PKP )','PKP',NULL,NULL,NULL,NULL,NULL,1,'TaxService','/次',1,NULL,NULL,NULL,0,NULL,'公司全套资料、确认注册地址可进行税务局人员上门审查',NULL,'6c0cf973-9af3-4b7c-a25d-02c0f0dc9b8e','2024-04-15 05:11:00','2025-11-18 09:31:41',NULL,NULL,'active','active',0,NULL,NULL,NULL,NULL,NULL,NULL,0,NULL,NULL,NULL,NULL,NULL,NULL,NULL,NULL,NULL,NULL,NULL,NULL,NULL,NULL,NULL,NULL,NULL,NULL,7,1,NULL),('be36b93d-8d30-42ae-be00-999e34cead92','zcrm_6302359000000489163','zcrm_6302359000000469001','Leion','zcrm_6302359000000469001','Leion','zcrm_6302359000000469001','Leion','2024-04-15 05:11:00','2024-05-30 06:30:00',NULL,NULL,NULL,'注册企业税卡','NPWP_company',NULL,NULL,NULL,NULL,NULL,1,'TaxService','/次',1,NULL,NULL,NULL,0,'1. 公司章程和变更+SK\n2. NIB\n3. 所有法人的身份证（印尼人）、KITAS & 护照 （外国人）、税卡','公司全套资料、OSS账户、DJP Online账户',NULL,'6c0cf973-9af3-4b7c-a25d-02c0f0dc9b8e','2024-04-15 05:11:00','2025-11-18 09:31:41',NULL,NULL,'active','active',0,NULL,NULL,NULL,NULL,5,'5工作日',0,NULL,NULL,NULL,NULL,NULL,NULL,NULL,NULL,NULL,NULL,NULL,NULL,NULL,NULL,NULL,NULL,NULL,NULL,7,1,NULL),('c5672a8a-ceba-4766-96a7-9b6018d933af','zcrm_6302359000000489138','zcrm_6302359000000469001','Leion','zcrm_6302359000000469001','Leion','zcrm_6302359000000469001','Leion','2024-04-15 05:11:00','2024-06-27 09:40:06','2024-07-24 12:07:37',NULL,NULL,'商务签 C212 一年多次商务签(10工作日出签)','C212_10Day',NULL,NULL,NULL,NULL,NULL,1,'VisaService','/次',1,NULL,NULL,NULL,0,NULL,'护照首页照片+电子版证件照',NULL,'93c369b2-9487-4213-9cdc-63770b020912','2024-04-15 05:11:00','2025-11-18 09:31:41',NULL,NULL,'active','active',0,NULL,NULL,NULL,NULL,10,'10工作日',0,NULL,NULL,NULL,NULL,NULL,NULL,NULL,NULL,NULL,NULL,NULL,NULL,NULL,NULL,NULL,NULL,NULL,NULL,7,1,NULL),('c75a387c-cfc8-45c7-8e19-61c8746b95c1','zcrm_6302359000000489184','zcrm_6302359000000469001','Leion','zcrm_6302359000000469001','Leion','zcrm_6302359000000469001','Leion','2024-05-30 06:30:00','2024-05-30 06:30:00',NULL,NULL,NULL,'注册EFIN(纳税人)识别号','EFIN',NULL,NULL,NULL,NULL,NULL,1,'TaxService','/次',1,NULL,NULL,NULL,0,NULL,NULL,NULL,'6c0cf973-9af3-4b7c-a25d-02c0f0dc9b8e','2024-05-30 06:30:00','2025-11-18 09:31:41',NULL,NULL,'active','active',0,NULL,NULL,NULL,NULL,NULL,NULL,0,NULL,NULL,NULL,NULL,NULL,NULL,NULL,NULL,NULL,NULL,NULL,NULL,NULL,NULL,NULL,NULL,NULL,NULL,7,1,NULL),('cdc18956-9ddd-4f55-b779-9dec38ed7dbe','zcrm_6302359000000489145','zcrm_6302359000000469001','Leion','zcrm_6302359000000469001','Leion','zcrm_6302359000000469001','Leion','2024-04-15 05:11:00','2024-10-06 15:53:01','2024-10-06 15:53:01',NULL,NULL,'工作签 C312【C312】(35工作日出签)','C312',NULL,NULL,NULL,NULL,NULL,1,'VisaService','/次',1,NULL,NULL,NULL,0,'包含150美金  移民局费用，不含1200美金 税费；商务签转签无需出境  需加转签费，境内持商务签选择新办不转签，需要在办理前出境；着急可使用落地签重新入境，办理完成后需要离境重新进入','办理工作签证的所需资料：1. 个人护照首页照片2. 电子版证件照3. 企业登记卡 NIB4. 公司税卡 NPWP5. 公司户籍 IZIN LOKASI6. 公司章程(如有变更一并附上) AKTA7. 司法部批文(如有变更一并附上) SK8. 公司信纸和盖章 KOP SURAT & STEMPEL 条件：护照有效期至少6个月办理时长：+/- 30工作日',NULL,'93c369b2-9487-4213-9cdc-63770b020912','2024-04-15 05:11:00','2025-11-18 09:31:41',NULL,NULL,'active','active',0,NULL,NULL,NULL,NULL,35,'境外：35工作日 境内商务签转签：40工作日',0,NULL,NULL,NULL,NULL,NULL,NULL,NULL,NULL,NULL,NULL,NULL,NULL,NULL,NULL,NULL,NULL,NULL,NULL,7,1,NULL),('d3fbf6ba-2470-44e0-b67c-17b5f2904a61','zcrm_6302359000000489159','zcrm_6302359000000469001','Leion','zcrm_6302359000000469001','Leion','zcrm_6302359000000469001','Leion','2024-04-15 05:11:00','2024-05-30 06:30:00',NULL,NULL,NULL,'个人银行协助开户','PBank_normal',NULL,NULL,NULL,NULL,NULL,1,'CompanyService','/次',1,NULL,NULL,NULL,0,NULL,'护照原件+Kitas+NPWP+居住地址证明(居住公寓提供)',NULL,'55869370-2806-4756-8c58-d27a10b75359','2024-04-15 05:11:00','2025-11-18 09:31:41',NULL,NULL,'active','active',0,NULL,NULL,NULL,NULL,2,'2工作日',0,NULL,NULL,NULL,NULL,NULL,NULL,NULL,NULL,NULL,NULL,NULL,NULL,NULL,NULL,NULL,NULL,NULL,NULL,7,1,NULL),('dfe60b3d-c88a-4c1e-b87a-b59246bb8927','zcrm_6302359000000489172','zcrm_6302359000000469001','Leion','zcrm_6302359000000469001','Leion','zcrm_6302359000000469001','Leion','2024-04-15 05:11:00','2024-05-30 06:30:00','2024-06-27 07:58:42',NULL,NULL,'进口许可证API-P','API_P',NULL,NULL,NULL,NULL,NULL,1,'LicenseService','/次',1,NULL,NULL,NULL,0,NULL,NULL,NULL,'177a4cd6-7084-49e2-91aa-ca7a979e7ec8','2024-04-15 05:11:00','2025-11-18 09:31:41',NULL,NULL,'active','active',0,NULL,NULL,NULL,NULL,NULL,NULL,0,NULL,NULL,NULL,NULL,NULL,NULL,NULL,NULL,NULL,NULL,NULL,NULL,NULL,NULL,NULL,NULL,NULL,NULL,7,1,NULL),('e18205c5-851e-4349-b9c6-d057cf9c9373','zcrm_6302359000000489174','zcrm_6302359000000469001','Leion','zcrm_6302359000000469001','Leion','zcrm_6302359000000469001','Leion','2024-04-17 03:28:00','2024-05-30 06:30:00',NULL,NULL,NULL,'印尼人去中国 旅游签 L1','ToChinaL1',NULL,NULL,NULL,NULL,NULL,1,'VisaService','/次',1,NULL,NULL,NULL,0,NULL,'印尼公民护照首页照片+护照原件',NULL,'93c369b2-9487-4213-9cdc-63770b020912','2024-04-17 03:28:00','2025-11-18 09:31:41',NULL,NULL,'active','active',0,NULL,NULL,NULL,NULL,7,'7个工作日',0,NULL,NULL,NULL,NULL,NULL,NULL,NULL,NULL,NULL,NULL,NULL,NULL,NULL,NULL,NULL,NULL,NULL,NULL,7,1,NULL),('e1f9587a-633c-45ec-85b7-a207c295148a','zcrm_6302359000000489156','zcrm_6302359000000469001','Leion','zcrm_6302359000000469001','Leion','zcrm_6302359000000469001','Leion','2024-04-15 05:11:00','2024-05-30 06:30:00','2024-09-18 19:47:10',NULL,NULL,'PMDN本地公司法人代持服务/月/人','CPMDN_Orang',NULL,NULL,NULL,NULL,NULL,1,'CompanyService','/次',1,NULL,NULL,NULL,0,'提供代持人员KTP、NPWP、配合相关签字',NULL,NULL,'55869370-2806-4756-8c58-d27a10b75359','2024-04-15 05:11:00','2025-11-18 09:31:41',NULL,NULL,'active','active',0,NULL,NULL,NULL,NULL,NULL,'随开随用',0,NULL,NULL,NULL,NULL,NULL,NULL,NULL,NULL,NULL,NULL,NULL,NULL,NULL,NULL,NULL,NULL,NULL,NULL,7,1,NULL),('e606521d-2499-435e-9233-c57a6d2175dc','zcrm_6302359000000489164','zcrm_6302359000000469001','Leion','zcrm_6302359000000469001','Leion','zcrm_6302359000000469001','Leion','2024-04-15 05:11:00','2024-05-30 06:30:00','2024-06-27 07:58:42',NULL,NULL,'个人所得税年度申报','Tax_personal',NULL,NULL,NULL,NULL,NULL,1,'TaxService','/次',1,NULL,NULL,NULL,0,'外国人：\n1.  1721 表格/代扣税证明\n2. 其他收入信息/资料\n3. 今年1月1日的婚姻状况和几个未成年的小孩\n4. 每个银行账户的12月31日的余额\n5. 每个银行信用卡的12月31日账单\n6. 负债 个人/银行贷款\n7.  资产（物资购买信息)\n8. DJP ONLINE 账号ID和密码\n印尼人：\n1.  1721 表格/代扣税证明\n2. 其他收入信息/资料\n3. 今年1月1日的婚姻状况和几个未成年的小孩\n4. 每个银行账户的12月31日的余额\n5. 每个银行信用卡的12月31日账单\n6. 负债 个人/银行贷款\n7.  资产（物资购买信息)\n8. DJP ONLINE 账号ID和密码','1.在印尼持有个人税卡（NPWP）的外籍人士，每年都必须执行报税义务。2.公司一般每个月都会替员工和董事代扣薪资和进行报税，但是个人年报需要由本人进行申报。',NULL,'6c0cf973-9af3-4b7c-a25d-02c0f0dc9b8e','2024-04-15 05:11:00','2025-11-18 09:31:41',NULL,NULL,'active','active',0,NULL,NULL,NULL,NULL,NULL,NULL,0,NULL,NULL,NULL,NULL,NULL,NULL,NULL,NULL,NULL,NULL,NULL,NULL,NULL,NULL,NULL,NULL,NULL,NULL,7,1,NULL),('eb0c6f9d-707c-4a13-bb9f-c01c625f9ad2','zcrm_6302359000000489185','zcrm_6302359000000469001','Leion','zcrm_6302359000000469001','Leion','zcrm_6302359000000469001','Leion','2024-05-30 06:30:00','2024-05-30 06:30:00','2024-07-05 08:53:04',NULL,NULL,'商标注册','Trademark',NULL,NULL,NULL,NULL,NULL,1,'LicenseService','/次',1,NULL,NULL,NULL,0,NULL,'填写商标注册信息表',NULL,'177a4cd6-7084-49e2-91aa-ca7a979e7ec8','2024-05-30 06:30:00','2025-11-18 09:31:41',NULL,NULL,'active','active',0,NULL,NULL,NULL,NULL,NULL,NULL,0,NULL,NULL,NULL,NULL,NULL,NULL,NULL,NULL,NULL,NULL,NULL,NULL,NULL,NULL,NULL,NULL,NULL,NULL,7,1,NULL),('efa83342-5c52-4602-af42-7e4598dc802f','zcrm_6302359000000489148','zcrm_6302359000000469001','Leion','zcrm_6302359000000469001','Leion','zcrm_6302359000000469001','Leion','2024-04-15 05:11:00','2024-05-30 06:30:00',NULL,NULL,NULL,'E33 第二家园签证','E33',NULL,NULL,NULL,NULL,NULL,1,'VisaService','/次',1,NULL,NULL,NULL,0,NULL,'1. 护照，有效期不低于36个月2. 电子证件照片（底色尺寸五要求）3. 银行存款证明（至少需要有2M印尼盾）4. 申请人个人英文履历',NULL,'93c369b2-9487-4213-9cdc-63770b020912','2024-04-15 05:11:00','2025-11-18 09:31:41',NULL,NULL,'active','active',0,NULL,NULL,NULL,NULL,45,'45-60个工作日',0,NULL,NULL,NULL,NULL,NULL,NULL,NULL,NULL,NULL,NULL,NULL,NULL,NULL,NULL,NULL,NULL,NULL,NULL,7,1,NULL),('f4fb7dad-ab9d-4688-996d-5d7cda3e1513','zcrm_6302359000000489146','zcrm_6302359000000469001','Leion','zcrm_6302359000000469001','Leion','zcrm_6302359000000469001','Leion','2024-04-15 05:11:00','2024-05-30 06:30:00','2024-06-27 07:58:42',NULL,NULL,'家属陪同签证1年 C317【E31B】(30工作日出签)','C317',NULL,NULL,NULL,NULL,NULL,1,'VisaService','/次',1,NULL,NULL,NULL,0,'商务签转签 需加转签费','办理陪伴签所需个人资料 SYARAT DOKUMEN PRIBADI 1 申请人护照扫描件 FOTOCOPY PASSORT2 户口本 KK和结婚证 Akta Nikah （翻译成印尼语或英文）3 如是小孩，提供出生证明 AKTA LAHIR （翻译成印尼语或英文）4 被陪伴人的暂住证Kitas（有效期不能低于6个月）5 被陪伴人的护照Passport6 被陪伴人的民政局居住证SKTT',NULL,'93c369b2-9487-4213-9cdc-63770b020912','2024-04-15 05:11:00','2025-11-18 09:31:41',NULL,NULL,'active','active',0,NULL,NULL,NULL,NULL,30,'境外：30工作日 境内商务签转签：35工作日',0,NULL,NULL,NULL,NULL,NULL,NULL,NULL,NULL,NULL,NULL,NULL,NULL,NULL,NULL,NULL,NULL,NULL,NULL,7,1,NULL),('f7c2043e-77ff-4a60-85ae-1c21457bd79b','zcrm_6302359000000489160','zcrm_6302359000000469001','Leion','zcrm_6302359000000469001','Leion','zcrm_6302359000000469001','Leion','2024-04-15 05:11:00','2024-05-30 06:30:00','2024-09-18 19:21:23',NULL,NULL,'银行对公户协助开户(普通)','CBank_normal',NULL,NULL,NULL,NULL,NULL,1,'CompanyService','/次',1,NULL,NULL,NULL,0,'专人陪同开设企业对公账户','全套公司资料（如果外资公司法人一定要持有Kitas）',NULL,'55869370-2806-4756-8c58-d27a10b75359','2024-04-15 05:11:00','2025-12-27 18:58:09',NULL,'visa','active','active',0,NULL,NULL,'visa',NULL,7,'7工作日',0,NULL,NULL,NULL,NULL,NULL,NULL,NULL,NULL,NULL,NULL,NULL,NULL,NULL,NULL,'standard',NULL,NULL,NULL,7,1,NULL),('f8dade52-6134-4ca4-8565-bda9cf6c978a','zcrm_6302359000000489140','zcrm_6302359000000469001','Leion','zcrm_6302359000000469001','Leion','zcrm_6302359000000469001','Leion','2024-04-15 05:11:00','2024-06-27 09:40:06','2024-07-01 09:13:43',NULL,NULL,'商务签 C211【C】单次商务签 (工作日当天出签)','C211_1Day',NULL,NULL,NULL,NULL,NULL,1,'VisaService','/次',1,NULL,NULL,NULL,0,NULL,'护照首页照片+电子版证件照',NULL,'93c369b2-9487-4213-9cdc-63770b020912','2024-04-15 05:11:00','2025-11-18 09:31:41',NULL,NULL,'active','active',0,NULL,NULL,NULL,NULL,NULL,'当日',0,NULL,NULL,NULL,NULL,NULL,NULL,NULL,NULL,NULL,NULL,NULL,NULL,NULL,NULL,NULL,NULL,NULL,NULL,7,1,NULL),('fa5ef3fe-157b-498c-8217-19a492c61fef','zcrm_6302359000000489144','zcrm_6302359000000469001','Leion','zcrm_6302359000000469001','Leion','zcrm_6302359000000469001','Leion','2024-04-15 05:11:00','2024-05-30 06:30:00','2024-06-28 09:49:45',NULL,NULL,'投资签 C313/314【D12】(25工作日出签)','C314',NULL,NULL,NULL,NULL,NULL,1,'VisaService','/次',1,NULL,NULL,NULL,0,'包含150美金 两年投资签、护照有效期不低于30个月；一年投资签、护照有效期不低于18个月    转签无需出境  需加转签费，境内选择新办不转签，需要在办理前出境','如果无公司，需要先注册公司;1. 企业登记卡 NIB2. 公司税卡 NPWP3. 公司户籍 IZIN LOKASI4. 公司章程(如有变更一并附上) AKTA5. 司法部批文(如有变更一并附上) SK6. 公司信纸和盖章 KOP SURAT & STEMPEL所需个人资料：1. 个人护照首页照片2. 电子版证件照办理条件：办理人需要是公司股东，并且他股本要达到10M办理时长：+/- 20工作日',NULL,'93c369b2-9487-4213-9cdc-63770b020912','2024-04-15 05:11:00','2025-11-18 09:31:41',NULL,NULL,'active','active',0,NULL,NULL,NULL,NULL,25,'境外：25工作日 境内商务签转签：35工作日',0,NULL,NULL,NULL,NULL,NULL,NULL,NULL,NULL,NULL,NULL,NULL,NULL,NULL,NULL,NULL,NULL,NULL,NULL,7,1,NULL),('ffc665fa-8b78-4411-89ae-4165a1df1e4b','zcrm_6302359000000489151','zcrm_6302359000000469001','Leion','zcrm_6302359000000469001','Leion','zcrm_6302359000000469001','Leion','2024-04-15 05:11:00','2024-05-30 06:30:00',NULL,NULL,NULL,'机场内部接送关','JemputAntar',NULL,NULL,NULL,NULL,NULL,1,'Jemput&AntarService','/次',1,NULL,NULL,NULL,0,NULL,'被接/送人 护照、签证(如果没有可联系我们办理)、机票、登机前自拍',NULL,'6b1b89d4-b3bb-4544-be5c-417d25e04184','2024-04-15 05:11:00','2025-12-27 18:58:40',NULL,'company_registration','active','active',0,NULL,NULL,'company_registration',NULL,NULL,NULL,0,NULL,NULL,NULL,NULL,NULL,NULL,NULL,NULL,NULL,NULL,NULL,NULL,NULL,NULL,NULL,NULL,NULL,NULL,7,1,NULL);
INSERT INTO `role_permissions` VALUES ('d2bba05e-c206-11f0-b41d-06091ff37b5e','1cbd47b4-c7c6-11f0-8cb1-cad6171ac9f8','2025-11-22 17:10:14'),('d2bba05e-c206-11f0-b41d-06091ff37b5e','1cbd61b0-c7c6-11f0-8cb1-cad6171ac9f8','2025-11-22 17:10:14'),('d2bba05e-c206-11f0-b41d-06091ff37b5e','1cbd673a-c7c6-11f0-8cb1-cad6171ac9f8','2025-11-22 17:10:14'),('d2bba05e-c206-11f0-b41d-06091ff37b5e','1cbd7039-c7c6-11f0-8cb1-cad6171ac9f8','2025-11-22 17:10:14'),('d2bba05e-c206-11f0-b41d-06091ff37b5e','1cbd71c7-c7c6-11f0-8cb1-cad6171ac9f8','2025-11-22 17:10:14'),('d2bba05e-c206-11f0-b41d-06091ff37b5e','1cbd7293-c7c6-11f0-8cb1-cad6171ac9f8','2025-11-22 17:10:14'),('d2bba05e-c206-11f0-b41d-06091ff37b5e','1cbd735f-c7c6-11f0-8cb1-cad6171ac9f8','2025-11-22 17:10:14'),('d2bba05e-c206-11f0-b41d-06091ff37b5e','1cbd73f4-c7c6-11f0-8cb1-cad6171ac9f8','2025-11-22 17:10:14'),('d2bba05e-c206-11f0-b41d-06091ff37b5e','1cbd74b7-c7c6-11f0-8cb1-cad6171ac9f8','2025-11-22 17:10:14'),('d2bba05e-c206-11f0-b41d-06091ff37b5e','1cbd8085-c7c6-11f0-8cb1-cad6171ac9f8','2025-11-22 17:10:14'),('d2bba05e-c206-11f0-b41d-06091ff37b5e','1cbd819f-c7c6-11f0-8cb1-cad6171ac9f8','2025-11-22 17:10:14'),('d2bba05e-c206-11f0-b41d-06091ff37b5e','1cbd8279-c7c6-11f0-8cb1-cad6171ac9f8','2025-11-22 17:10:14'),('d2bba05e-c206-11f0-b41d-06091ff37b5e','1cbdc3a6-c7c6-11f0-8cb1-cad6171ac9f8','2025-11-22 17:10:14'),('d2bba05e-c206-11f0-b41d-06091ff37b5e','1cbdc456-c7c6-11f0-8cb1-cad6171ac9f8','2025-11-22 17:10:14'),('d2bba05e-c206-11f0-b41d-06091ff37b5e','1cbdc67c-c7c6-11f0-8cb1-cad6171ac9f8','2025-11-22 17:10:14'),('d2bba05e-c206-11f0-b41d-06091ff37b5e','1cbdc761-c7c6-11f0-8cb1-cad6171ac9f8','2025-11-22 17:10:14'),('d2bba05e-c206-11f0-b41d-06091ff37b5e','1cbdc827-c7c6-11f0-8cb1-cad6171ac9f8','2025-11-22 17:10:14'),('d2bba05e-c206-11f0-b41d-06091ff37b5e','1cbdc924-c7c6-11f0-8cb1-cad6171ac9f8','2025-11-22 17:10:14'),('d2bba05e-c206-11f0-b41d-06091ff37b5e','1cbdc994-c7c6-11f0-8cb1-cad6171ac9f8','2025-11-22 17:10:14'),('d2bba05e-c206-11f0-b41d-06091ff37b5e','1cbdca05-c7c6-11f0-8cb1-cad6171ac9f8','2025-11-22 17:10:14'),('d2bba05e-c206-11f0-b41d-06091ff37b5e','1cbdca73-c7c6-11f0-8cb1-cad6171ac9f8','2025-11-22 17:10:14'),('d2bba05e-c206-11f0-b41d-06091ff37b5e','1cbdcae3-c7c6-11f0-8cb1-cad6171ac9f8','2025-11-22 17:10:14'),('d2bba05e-c206-11f0-b41d-06091ff37b5e','1cbdcb4a-c7c6-11f0-8cb1-cad6171ac9f8','2025-11-22 17:10:14'),('d2bba05e-c206-11f0-b41d-06091ff37b5e','1cbdcbb0-c7c6-11f0-8cb1-cad6171ac9f8','2025-11-22 17:10:14'),('d2bba05e-c206-11f0-b41d-06091ff37b5e','1cbdd10a-c7c6-11f0-8cb1-cad6171ac9f8','2025-11-22 17:10:14'),('d2bba05e-c206-11f0-b41d-06091ff37b5e','1cbdd193-c7c6-11f0-8cb1-cad6171ac9f8','2025-11-22 17:10:14'),('d2bba05e-c206-11f0-b41d-06091ff37b5e','1cbdd226-c7c6-11f0-8cb1-cad6171ac9f8','2025-11-22 17:10:14'),('d2bba05e-c206-11f0-b41d-06091ff37b5e','1cbdd299-c7c6-11f0-8cb1-cad6171ac9f8','2025-11-22 17:10:14'),('d2bba05e-c206-11f0-b41d-06091ff37b5e','1cbdd306-c7c6-11f0-8cb1-cad6171ac9f8','2025-11-22 17:10:14'),('d2bba05e-c206-11f0-b41d-06091ff37b5e','1cbdd375-c7c6-11f0-8cb1-cad6171ac9f8','2025-11-22 17:10:14'),('d2bba05e-c206-11f0-b41d-06091ff37b5e','1cbdd46b-c7c6-11f0-8cb1-cad6171ac9f8','2025-11-22 17:10:14'),('d2bba05e-c206-11f0-b41d-06091ff37b5e','1cbdd543-c7c6-11f0-8cb1-cad6171ac9f8','2025-11-22 17:10:14'),('d2bba05e-c206-11f0-b41d-06091ff37b5e','1cbdd5fd-c7c6-11f0-8cb1-cad6171ac9f8','2025-11-22 17:10:14'),('d2bba05e-c206-11f0-b41d-06091ff37b5e','1cbdd6c5-c7c6-11f0-8cb1-cad6171ac9f8','2025-11-22 17:10:14'),('d2bba05e-c206-11f0-b41d-06091ff37b5e','1cbdd7c2-c7c6-11f0-8cb1-cad6171ac9f8','2025-11-22 17:10:14'),('d2bba05e-c206-11f0-b41d-06091ff37b5e','1cbdd87a-c7c6-11f0-8cb1-cad6171ac9f8','2025-11-22 17:10:14'),('d2bba05e-c206-11f0-b41d-06091ff37b5e','1cbdd93b-c7c6-11f0-8cb1-cad6171ac9f8','2025-11-22 17:10:14'),('d2bba05e-c206-11f0-b41d-06091ff37b5e','1cbdda55-c7c6-11f0-8cb1-cad6171ac9f8','2025-11-22 17:10:14'),('d2bba05e-c206-11f0-b41d-06091ff37b5e','1cbddaf3-c7c6-11f0-8cb1-cad6171ac9f8','2025-11-22 17:10:14'),('d2bba05e-c206-11f0-b41d-06091ff37b5e','1cbddb6d-c7c6-11f0-8cb1-cad6171ac9f8','2025-11-22 17:10:14'),('d2bba05e-c206-11f0-b41d-06091ff37b5e','1cbddbec-c7c6-11f0-8cb1-cad6171ac9f8','2025-11-22 17:10:14'),('d2bba05e-c206-11f0-b41d-06091ff37b5e','1cbddca6-c7c6-11f0-8cb1-cad6171ac9f8','2025-11-22 17:10:14'),('d2bba05e-c206-11f0-b41d-06091ff37b5e','1cbde2a9-c7c6-11f0-8cb1-cad6171ac9f8','2025-11-22 17:10:14'),('d2bba05e-c206-11f0-b41d-06091ff37b5e','1cbde3e0-c7c6-11f0-8cb1-cad6171ac9f8','2025-11-22 17:10:14'),('d2bba0f3-c206-11f0-b41d-06091ff37b5e','1cbd61b0-c7c6-11f0-8cb1-cad6171ac9f8','2025-11-22 17:10:14'),('d2bba0f3-c206-11f0-b41d-06091ff37b5e','1cbd71c7-c7c6-11f0-8cb1-cad6171ac9f8','2025-11-22 17:10:14'),('d2bba0f3-c206-11f0-b41d-06091ff37b5e','1cbd73f4-c7c6-11f0-8cb1-cad6171ac9f8','2025-11-22 17:10:14'),('d2bba0f3-c206-11f0-b41d-06091ff37b5e','1cbd819f-c7c6-11f0-8cb1-cad6171ac9f8','2025-11-22 17:10:14'),('d2bba0f3-c206-11f0-b41d-06091ff37b5e','1cbdcb4a-c7c6-11f0-8cb1-cad6171ac9f8','2025-11-22 17:10:14'),('d2bba0f3-c206-11f0-b41d-06091ff37b5e','1cbdcbb0-c7c6-11f0-8cb1-cad6171ac9f8','2025-11-22 17:10:14'),('d2bba0f3-c206-11f0-b41d-06091ff37b5e','1cbdd10a-c7c6-11f0-8cb1-cad6171ac9f8','2025-11-22 17:10:14'),('d2bba0f3-c206-11f0-b41d-06091ff37b5e','1cbdd193-c7c6-11f0-8cb1-cad6171ac9f8','2025-11-22 17:10:14'),('d2bba0f3-c206-11f0-b41d-06091ff37b5e','1cbdd226-c7c6-11f0-8cb1-cad6171ac9f8','2025-11-22 17:10:14'),('d2bba0f3-c206-11f0-b41d-06091ff37b5e','1cbdd299-c7c6-11f0-8cb1-cad6171ac9f8','2025-11-22 17:10:14'),('d2bba0f3-c206-11f0-b41d-06091ff37b5e','1cbdd306-c7c6-11f0-8cb1-cad6171ac9f8','2025-11-22 17:10:14'),('d2bba0f3-c206-11f0-b41d-06091ff37b5e','1cbdd375-c7c6-11f0-8cb1-cad6171ac9f8','2025-11-22 17:10:14'),('d2bba0f3-c206-11f0-b41d-06091ff37b5e','1cbdd46b-c7c6-11f0-8cb1-cad6171ac9f8','2025-11-22 17:10:14'),('d2bba105-c206-11f0-b41d-06091ff37b5e','1cbd61b0-c7c6-11f0-8cb1-cad6171ac9f8','2025-11-22 17:10:14'),('d2bba105-c206-11f0-b41d-06091ff37b5e','1cbd73f4-c7c6-11f0-8cb1-cad6171ac9f8','2025-11-22 17:10:14'),('d2bba105-c206-11f0-b41d-06091ff37b5e','1cbdcb4a-c7c6-11f0-8cb1-cad6171ac9f8','2025-11-22 17:10:14'),('d2bba105-c206-11f0-b41d-06091ff37b5e','1cbdcbb0-c7c6-11f0-8cb1-cad6171ac9f8','2025-11-22 17:10:14'),('d2bba105-c206-11f0-b41d-06091ff37b5e','1cbdd10a-c7c6-11f0-8cb1-cad6171ac9f8','2025-11-22 17:10:14'),('d2bba105-c206-11f0-b41d-06091ff37b5e','1cbdd193-c7c6-11f0-8cb1-cad6171ac9f8','2025-11-22 17:10:14'),('d2bba105-c206-11f0-b41d-06091ff37b5e','1cbdd226-c7c6-11f0-8cb1-cad6171ac9f8','2025-11-22 17:10:14'),('d2bba105-c206-11f0-b41d-06091ff37b5e','1cbdd299-c7c6-11f0-8cb1-cad6171ac9f8','2025-11-22 17:10:14'),('d2bba105-c206-11f0-b41d-06091ff37b5e','1cbdd306-c7c6-11f0-8cb1-cad6171ac9f8','2025-11-22 17:10:14'),('d2bba105-c206-11f0-b41d-06091ff37b5e','1cbdd375-c7c6-11f0-8cb1-cad6171ac9f8','2025-11-22 17:10:14'),('d2bba105-c206-11f0-b41d-06091ff37b5e','1cbdd46b-c7c6-11f0-8cb1-cad6171ac9f8','2025-11-22 17:10:14'),('d2bba111-c206-11f0-b41d-06091ff37b5e','1cbd61b0-c7c6-11f0-8cb1-cad6171ac9f8','2025-11-22 17:10:14'),('d2bba111-c206-11f0-b41d-06091ff37b5e','1cbd71c7-c7c6-11f0-8cb1-cad6171ac9f8','2025-11-22 17:10:14'),('d2bba111-c206-11f0-b41d-06091ff37b5e','1cbd73f4-c7c6-11f0-8cb1-cad6171ac9f8','2025-11-22 17:10:14'),('d2bba111-c206-11f0-b41d-06091ff37b5e','1cbd819f-c7c6-11f0-8cb1-cad6171ac9f8','2025-11-22 17:10:14'),('d2bba111-c206-11f0-b41d-06091ff37b5e','1cbdd543-c7c6-11f0-8cb1-cad6171ac9f8','2025-11-22 17:10:14'),('d2bba111-c206-11f0-b41d-06091ff37b5e','1cbdd5fd-c7c6-11f0-8cb1-cad6171ac9f8','2025-11-22 17:10:14'),('d2bba111-c206-11f0-b41d-06091ff37b5e','1cbdd6c5-c7c6-11f0-8cb1-cad6171ac9f8','2025-11-22 17:10:14'),('d2bba111-c206-11f0-b41d-06091ff37b5e','1cbdd7c2-c7c6-11f0-8cb1-cad6171ac9f8','2025-11-22 17:10:14'),('d2bba111-c206-11f0-b41d-06091ff37b5e','1cbdd87a-c7c6-11f0-8cb1-cad6171ac9f8','2025-11-22 17:10:14'),('d2bba111-c206-11f0-b41d-06091ff37b5e','1cbdd93b-c7c6-11f0-8cb1-cad6171ac9f8','2025-11-22 17:10:14'),('d2bba111-c206-11f0-b41d-06091ff37b5e','1cbdda55-c7c6-11f0-8cb1-cad6171ac9f8','2025-11-22 17:10:14'),('d2bba11d-c206-11f0-b41d-06091ff37b5e','1cbd61b0-c7c6-11f0-8cb1-cad6171ac9f8','2025-11-22 17:10:14'),('d2bba11d-c206-11f0-b41d-06091ff37b5e','1cbd71c7-c7c6-11f0-8cb1-cad6171ac9f8','2025-11-22 17:10:14'),('d2bba11d-c206-11f0-b41d-06091ff37b5e','1cbd73f4-c7c6-11f0-8cb1-cad6171ac9f8','2025-11-22 17:10:14'),('d2bba11d-c206-11f0-b41d-06091ff37b5e','1cbd819f-c7c6-11f0-8cb1-cad6171ac9f8','2025-11-22 17:10:14'),('d2bba11d-c206-11f0-b41d-06091ff37b5e','1cbdd5fd-c7c6-11f0-8cb1-cad6171ac9f8','2025-11-22 17:10:14'),('d2bba11d-c206-11f0-b41d-06091ff37b5e','1cbdd7c2-c7c6-11f0-8cb1-cad6171ac9f8','2025-11-22 17:10:14'),('d2bba11d-c206-11f0-b41d-06091ff37b5e','1cbddaf3-c7c6-11f0-8cb1-cad6171ac9f8','2025-11-22 17:10:14'),('d2bba11d-c206-11f0-b41d-06091ff37b5e','1cbddb6d-c7c6-11f0-8cb1-cad6171ac9f8','2025-11-22 17:10:14'),('d2bba11d-c206-11f0-b41d-06091ff37b5e','1cbddbec-c7c6-11f0-8cb1-cad6171ac9f8','2025-11-22 17:10:14'),('d2bba11d-c206-11f0-b41d-06091ff37b5e','1cbddca6-c7c6-11f0-8cb1-cad6171ac9f8','2025-11-22 17:10:14'),('d2bba11d-c206-11f0-b41d-06091ff37b5e','1cbde2a9-c7c6-11f0-8cb1-cad6171ac9f8','2025-11-22 17:10:14'),('d2bba11d-c206-11f0-b41d-06091ff37b5e','1cbde3e0-c7c6-11f0-8cb1-cad6171ac9f8','2025-11-22 17:10:14');
INSERT INTO `roles` VALUES ('d2bba05e-c206-11f0-b41d-06091ff37b5e','ADMIN','管理员','管理员','Administrator','系统管理员，拥有所有权限','系统管理员，拥有所有权限','Administrator sistem dengan akses penuh','2025-11-15 09:38:20','2025-11-23 11:57:37'),('d2bba0f3-c206-11f0-b41d-06091ff37b5e','SALES','销售','é”€å”®','Penjualan','内部销售代表，负责客户开发和订单管理','å†…éƒ¨é”€å”®ä»£è¡¨','Perwakilan penjualan internal','2025-11-15 09:38:20','2025-11-22 17:10:14'),('d2bba105-c206-11f0-b41d-06091ff37b5e','AGENT','渠道代理','æ¸ é“ä»£ç†','Agen Saluran','外部渠道代理销售','å¤–éƒ¨æ¸ é“ä»£ç†é”€å”®','Agen saluran eksternal','2025-11-15 09:38:20','2025-11-22 17:10:14'),('d2bba111-c206-11f0-b41d-06091ff37b5e','OPERATION','做单人员','è¿è¥','Operasi','订单处理人员，负责订单处理和跟进','è®¢å•å¤„ç†äººå‘˜','Staf pemrosesan pesanan','2025-11-15 09:38:20','2025-11-22 17:10:14'),('d2bba11d-c206-11f0-b41d-06091ff37b5e','FINANCE','财务','è´¢åŠ¡','Keuangan','财务人员，负责应收应付和财务报表','è´¢åŠ¡äººå‘˜ï¼Œè´Ÿè´£åº”æ”¶åº”ä»˜å’ŒæŠ¥è¡¨','Staf keuangan untuk AR/AP dan laporan','2025-11-15 09:38:20','2025-11-22 17:10:14');
INSERT INTO `user_roles` VALUES ('00000000-0000-0000-0000-000000000003','d2bba05e-c206-11f0-b41d-06091ff37b5e'),('00000000-0000-0000-0000-000000000004','d2bba05e-c206-11f0-b41d-06091ff37b5e'),('00000000-0000-0000-0000-000000000005','d2bba05e-c206-11f0-b41d-06091ff37b5e'),('00000000-0000-0000-0000-000000000006','d2bba05e-c206-11f0-b41d-06091ff37b5e'),('72fafd73-338e-4d5a-ad47-a28d19f962c0','d2bba05e-c206-11f0-b41d-06091ff37b5e'),('cbfbebd5-9deb-44c9-bf94-d810dc4b1e21','d2bba05e-c206-11f0-b41d-06091ff37b5e'),('00000000-0000-0000-0000-000000000002','d2bba0f3-c206-11f0-b41d-06091ff37b5e'),('00000000-0000-0000-0000-000000000002','d2bba105-c206-11f0-b41d-06091ff37b5e'),('00000000-0000-0000-0000-000000000002','d2bba111-c206-11f0-b41d-06091ff37b5e'),('00000000-0000-0000-0000-000000000002','d2bba11d-c206-11f0-b41d-06091ff37b5e');
INSERT INTO `users` VALUES ('00000000-0000-0000-0000-000000000002','王硕','roi123@bantu.com',NULL,'王硕','$2b$12$9UxDr08yO9yG0J/UbXsLdOJ4Hd6Y3fohkK6Wsu1KkqQwbS5JOdqZG',NULL,NULL,NULL,NULL,NULL,NULL,NULL,1,0,NULL,'2025-11-23 15:45:14','2025-11-27 05:10:58'),('00000000-0000-0000-0000-000000000003','eason','huiyuchen@bantuqifu.com',NULL,'eason','$2b$12$UT0sk/A.eLgFuNm.wO3IqOGRAfcqUizQHL2DS2bhFMkEaKto6.8L.',NULL,NULL,NULL,NULL,NULL,NULL,NULL,1,0,'2025-11-28 16:16:28','2025-11-27 06:13:08','2025-11-28 16:16:27'),('00000000-0000-0000-0000-000000000004','judyye','judyye@bantuqifu.com',NULL,'judyye','$2b$12$QLXDoqdp0kqUnttDsWU2BeDQFmq9ZFCKi9o2as5ngYk9nYeHc4IJa',NULL,NULL,NULL,NULL,NULL,NULL,NULL,1,0,NULL,'2025-11-28 13:47:32','2025-11-28 13:47:32'),('00000000-0000-0000-0000-000000000005','lily','lily@bantuqifu.com',NULL,'lily','$2b$12$AmTMp51C1DPlPH3gjLrQzOlGw6309VYalvIwlJBs9wmc.mhnTHA86',NULL,NULL,NULL,NULL,NULL,NULL,NULL,1,0,NULL,'2025-12-01 13:26:13','2025-12-01 13:26:13'),('00000000-0000-0000-0000-000000000006','liyang','liyang@bantuqifu.com',NULL,'liyang','$2b$12$DnWNbbf9Fpk7.tbtIYCZA./FTWnkkrfOq96u/G/0CCu0BU6.HUpOe',NULL,NULL,NULL,NULL,NULL,NULL,NULL,1,0,'2025-12-17 11:45:54','2025-12-15 13:52:16','2025-12-17 11:45:53'),('72fafd73-338e-4d5a-ad47-a28d19f962c0','admin','admin@bantuqifu.com',NULL,'系统管理员','$2b$12$2v/JSNwNJ8iFFSd/wsy3h.LLk5qx49qNoRlSG2qfttffDRrKgc9H.',NULL,NULL,'male',NULL,NULL,NULL,NULL,1,0,'2025-12-25 07:09:59','2025-11-16 12:58:05','2025-12-25 07:09:58'),('cbfbebd5-9deb-44c9-bf94-d810dc4b1e21','admin','admin@bantu.sbs',NULL,'印尼财税公司 管理员','$2b$12$eBjwCHfGZFzI7aTnSZ2kieVZa.MloBQh/vejydSslMxAW9KJFkvN6',NULL,NULL,NULL,NULL,NULL,NULL,NULL,1,0,NULL,'2025-12-16 14:50:16','2025-12-16 14:50:16');
INSERT INTO `vendor_products` VALUES ('1a73ed7e-85b2-4004-8a34-c0b3c8092758','d39fd315-c206-11f0-b41d-06091ff37b5e','1025f4a4-60f2-4891-b214-b24a65dad218',0,0,5000000.00,NULL,2000.000000000,1,NULL,NULL,NULL,1,NULL,NULL,NULL,NULL,NULL,NULL,NULL,NULL,NULL,'2025-12-29 13:06:56','2025-12-29 13:06:56'),('e204d462-f1fc-439a-836a-9a29367726ea','cbfbebd5-9deb-44c9-bf94-d810dc4b1e25','06602dc3-48d8-425b-9c0a-004c4afe283a',0,0,4500000.00,NULL,2000.000000000,1,NULL,NULL,NULL,1,NULL,NULL,NULL,NULL,NULL,NULL,NULL,NULL,NULL,'2025-12-29 13:04:44','2025-12-29 13:04:44');

-- 重新启用外键检查
SET FOREIGN_KEY_CHECKS = 1;
